id,text,label,category,risk_score_expected,language_style,platform,has_url,has_phone,has_bank,has_otp,has_money,has_urgency,has_reward,has_job,text_length,noise_type,expected_reason
1,บัญชีคุณถูกระงับ กรุณายืนยันตัวตนทันทีที่ tu-form.example.invalid line: @fakeid,scam,phishing,0.83,slang,Email,1,0,1,1,0,1,0,0,79,none,พบคำเกี่ยวกับ OTP/ยืนยันตัวตน; มีลิงก์หรือการชวนคลิกลิงก์; มีคำเร่งเร้า
2,มีคนขอรหัสยืนยัน บอกว่าเป็นแอดมินกลุ่ม ASAP,suspicious,otp_risk,0.56,slang,SMS,0,0,0,1,0,0,0,0,43,thai_english_mix,พบคำเกี่ยวกับ OTP/ยืนยันตัวตน; มีสัญญาณเสี่ยงแต่หลักฐานยังไม่ชัด
3,คุณได้รับสิทธิ์ทุนพิเศษ โอนค่าดำเนินการ 1500 บาทก่อนรับทุน 🥺,scam,fake_scholarship,0.93,casual,SMS,0,0,0,0,1,0,1,0,60,emoji,มีบริบทเกี่ยวกับเงิน/โอน/บัญชี
4,มีลิงก์ให้กรอกข้อมูลเพื่อรับสิทธิ์ ลองเช็คก่อนนะ 👍⚠️,suspicious,phishing_risk,0.63,slang,LINE,1,0,0,0,0,0,0,0,52,emoji,มีลิงก์หรือการชวนคลิกลิงก์; มีสัญญาณเสี่ยงแต่หลักฐานยังไม่ชัด
5,ขอแนวข้อสอบ MA211 น่อยคับ,normal,tu_general,0.11,formal,IG DM,0,0,0,0,0,0,0,0,25,typo,บริบททั่วไปหรือมีการนัดรับ/ตรวจสอบได้
6,คุณได้รับสิทธิ์ทุนพิเศษ โอนค่าดำเนินการ 300 บาทก่อนรับทุน DM me inbox ได้,scam,fake_scholarship,0.82,thai_english_mix,Facebook Group,0,0,0,0,1,0,1,0,73,thai_english_mix,มีบริบทเกี่ยวกับเงิน/โอน/บัญชี
7,job online รายได้สูง ไม่ต้องมีประสบการณ์ โอนค่าประกันก่อนเริ่มงาน ✅📌,scam,job_scam,0.99,thai_english_mix,SMS,0,0,0,0,1,0,0,1,68,emoji,มีบริบทเกี่ยวกับเงิน/โอน/บัญชี; มีบริบทสมัครงาน/รายได้
8,หาคนช่วยงานอีเวนต์ในมอ มีรายละเอียดงานและสถานที่ชัดเจน pls ทัก DM,normal,tu_job_real,0.07,emoji,Web Form,0,0,0,0,0,0,0,1,65,thai_english_mix,มีบริบทสมัครงาน/รายได้; บริบททั่วไปหรือมีการนัดรับ/ตรวจสอบได้
9,อาจารย์ส่ง link zoom ใน classroom แล้วนะ 💬,normal,meeting,0.11,emoji,Facebook Group,1,0,0,0,0,0,0,0,42,emoji,มีลิงก์หรือการชวนคลิกลิงก์; บริบททั่วไปหรือมีการนัดรับ/ตรวจสอบได้
10,รีบโอนก่อนนะะะ เหลือคนเดียวแล้ว,suspicious,marketplace_risk,0.52,thai_english_mix,IG DM,0,0,0,0,1,1,0,0,31,repeat_chars,มีคำเร่งเร้า; มีบริบทเกี่ยวกับเงิน/โอน/บัญชี; มีสัญญาณเสี่ยงแต่หลักฐานยังไม่ชัด
11,ประกาศจากคณะให้กรอกแบบประเมินรายวิชาในระบบทางการ 📌🚨 ทัก DM,normal,admin_real,0.28,emoji,Web Form,0,0,0,0,0,0,0,0,58,emoji,บริบททั่วไปหรือมีการนัดรับ/ตรวจสอบได้
12,บัญชีนี้ของแฟนเราเอง ปลอดภัยแน่นอน โอนมาเลย 🔥💸,scam,marketplace_scam,0.97,slang,Discord,0,0,1,0,1,0,0,0,46,emoji,มีบริบทเกี่ยวกับเงิน/โอน/บัญชี
13,ขอเลขบัญชีพร้อมเพย์หน่อยครับ จะโอนค่าชีท 😅,normal,tu_marketplace,0.21,thai_english_mix,Facebook Group,0,0,1,0,1,0,0,0,42,emoji,มีบริบทเกี่ยวกับเงิน/โอน/บัญชี; บริบททั่วไปหรือมีการนัดรับ/ตรวจสอบได้
14,ขายหนังสือ SC135 มือสอง นัดรับ หอสมุดป๋วย ได้ verify pls,normal,tu_marketplace,0.05,thai_english_mix,Facebook Group,0,0,0,1,0,0,0,0,56,thai_english_mix,พบคำเกี่ยวกับ OTP/ยืนยันตัวตน; บริบททั่วไปหรือมีการนัดรับ/ตรวจสอบได้
15,Your account has been suspended verify now example.invalid/verify 🚨🙏,scam,phishing,0.96,casual,LINE,1,0,0,1,0,1,0,0,68,emoji,พบคำเกี่ยวกับ OTP/ยืนยันตัวตน; มีลิงก์หรือการชวนคลิกลิงก์; มีคำเร่งเร้า
16,กดลิงก์รับเงินคืนค่าธรรมเนียมการศึกษา [URL] 🚨💬,scam,refund_scam,0.96,emoji,SMS,1,0,0,0,1,0,1,0,46,emoji,มีลิงก์หรือการชวนคลิกลิงก์; มีบริบทเกี่ยวกับเงิน/โอน/บัญชี
17,ใครเจอบัตรนักศึกษาที่ หน้าโดม ทักมาหน่อยครับ pls,normal,tu_general,0.06,formal,TU Marketplace,0,0,0,0,0,0,0,0,48,thai_english_mix,บริบททั่วไปหรือมีการนัดรับ/ตรวจสอบได้
18,หอพักแถวเชียงรากเดือนละไม่เกิน 3500 มีแนะนำไหม 🥺🔥,normal,tu_general,0.26,slang,TU Marketplace,0,0,0,0,0,0,0,0,49,emoji,บริบททั่วไปหรือมีการนัดรับ/ตรวจสอบได้
19,เจ้าหน้าที่มหาลัยขอ username password เพื่อตรวจสอบสถานะ ✅🥺,scam,impersonation,0.97,short_message,IG DM,0,0,0,0,0,0,0,0,58,emoji,
20,งานออนไลน์รายได้สูงมาก ไม่ต้องสัมภาษณ์ แค่ทักแชท 🥺 inbox ได้,suspicious,job_risk,0.48,slang,TU Marketplace,0,0,0,0,1,0,0,1,60,emoji,มีบริบทเกี่ยวกับเงิน/โอน/บัญชี; มีบริบทสมัครงาน/รายได้; มีสัญญาณเสี่ยงแต่หลักฐานยังไม่ชัด
21,ร้านกาแฟแถวรังสิตรับพาร์ทไทม์ ชั่วโมงละ 60 บาท มีสัมภาษณ์หน้าร้าน 👍,normal,tu_job_real,0.23,thai_english_mix,SMS,0,0,0,0,1,0,0,1,67,emoji,มีบริบทเกี่ยวกับเงิน/โอน/บัญชี; มีบริบทสมัครงาน/รายได้; บริบททั่วไปหรือมีการนัดรับ/ตรวจสอบได้
22,รีบโอนก่อนนะ เหลือคนเดียวแล้ว 😅‼️,suspicious,marketplace_risk,0.72,emoji,LINE,0,0,0,0,1,1,0,0,33,emoji,มีคำเร่งเร้า; มีบริบทเกี่ยวกับเงิน/โอน/บัญชี; มีสัญญาณเสี่ยงแต่หลักฐานยังไม่ชัด
23,วันนี้ห้องเรียน บร.2 เปิดไหมครับ ‼️🙏,normal,tu_general,0.25,thai_english_mix,SMS,0,0,0,0,0,0,0,0,36,emoji,บริบททั่วไปหรือมีการนัดรับ/ตรวจสอบได้
24,ขายหนังสือ EL171 มือสอง นัดรับ หน้าโดม ได้,normal,tu_marketplace,0.22,emoji,Email,0,0,0,0,0,0,0,0,42,typo,บริบททั่วไปหรือมีการนัดรับ/ตรวจสอบได้
25,หอพักแถวเชียงรากเดือนละไม่เกิน 4500 มีแนะนำไหม ⚠️ inbox ได้,normal,tu_general,0.12,thai_english_mix,Email,0,0,0,0,0,0,0,0,59,emoji,บริบททั่วไปหรือมีการนัดรับ/ตรวจสอบได้
26,รุ่นพี่ฝากบอกให้โอนค่าชีทด่วน ไม่งั้นหมดสิทธิ์ now,scam,tu_scam,0.96,slang,TU Marketplace,0,0,0,0,1,1,0,0,50,thai_english_mix,มีคำเร่งเร้า; มีบริบทเกี่ยวกับเงิน/โอน/บัญชี
27,รีบโอนก่อนนะ เหลือคนเดียวแล้ว 👍‼️,suspicious,marketplace_risk,0.58,thai_english_mix,Web Form,0,0,0,0,1,1,0,0,33,emoji,มีคำเร่งเร้า; มีบริบทเกี่ยวกับเงิน/โอน/บัญชี; มีสัญญาณเสี่ยงแต่หลักฐานยังไม่ชัด
28,รับหิ้วของจากญี่ปุ่น  สนใจทักได้  นัดรับได้ในมอ,normal,tu_general,0.07,thai_english_mix,TU Marketplace,0,0,0,0,0,0,0,0,47,spacing_noise,บริบททั่วไปหรือมีการนัดรับ/ตรวจสอบได้
29,มีลิงก์ Google Meet สำหรับประชุมไหมครับ 💬,normal,meeting,0.03,slang,Web Form,1,0,0,0,0,0,0,0,41,emoji,มีลิงก์หรือการชวนคลิกลิงก์; บริบททั่วไปหรือมีการนัดรับ/ตรวจสอบได้
30,ราคาถูกกว่าปกติมาก แต่ไม่ให้วิดีโอคอลดูของ 🔥💸,suspicious,marketplace_risk,0.55,formal,TU Marketplace,0,0,0,0,0,0,0,0,45,emoji,มีสัญญาณเสี่ยงแต่หลักฐานยังไม่ชัด
31,ระบบ TU แจ้งเตือน ให้ update password ผ่าน example.invalid/verify ด่วน ทัก DM,scam,phishing,0.89,emoji,Discord,1,0,0,1,0,1,0,0,77,none,พบคำเกี่ยวกับ OTP/ยืนยันตัวตน; มีลิงก์หรือการชวนคลิกลิงก์; มีคำเร่งเร้า
32,งานออนไลน์ได้เงินวันละ  3000  ไม่ต้องสัมภาษณ์  สมัครด่วน,scam,job_scam,0.91,emoji,SMS,0,0,0,0,1,1,0,1,56,spacing_noise,มีคำเร่งเร้า; มีบริบทเกี่ยวกับเงิน/โอน/บัญชี; มีบริบทสมัครงาน/รายได้
33,กดลิงก์รับเงินคืนค่าธรรมเนียมการศึกษา tu-form.example.invalid 🙏👍,scam,refund_scam,0.88,casual,SMS,1,0,0,0,1,0,1,0,64,emoji,มีลิงก์หรือการชวนคลิกลิงก์; มีบริบทเกี่ยวกับเงิน/โอน/บัญชี
34,งานออนไลน์รายได้สูงมาก ไม่ต้องสัมภาษณ์ แค่ทักแชท ✨🔥,suspicious,job_risk,0.68,emoji,SMS,0,0,0,0,1,0,0,1,51,emoji,มีบริบทเกี่ยวกับเงิน/โอน/บัญชี; มีบริบทสมัครงาน/รายได้; มีสัญญาณเสี่ยงแต่หลักฐานยังไม่ชัด
35,เจ้าหน้าที่มหาลัยขอ username password เพื่อตรวจสอบสถานะ 😅👍,scam,impersonation,0.83,slang,SMS,0,0,0,0,0,0,0,0,58,emoji,
36,คุณได้รับสิทธิ์ทุนพิเศษ โอนค่าดำเนินการ 1000 บาทก่อนรับทุน,scam,fake_scholarship,0.88,slang,Email,0,0,0,0,1,0,1,0,58,none,มีบริบทเกี่ยวกับเงิน/โอน/บัญชี
37,บัญชีคุณถูกระงับ กรุณายืนยันตัวตนทันทีที่ [URL] ✅,scam,phishing,0.87,short_message,TU Marketplace,1,0,1,1,0,1,0,0,49,emoji,พบคำเกี่ยวกับ OTP/ยืนยันตัวตน; มีลิงก์หรือการชวนคลิกลิงก์; มีคำเร่งเร้า
38,แอดมินคณะขอค่าจองสิทธิ์สอบ โอนมาที่ บัญชี xxx123 ภายในวันนี้ 🙏⚠️,scam,tu_scam,0.97,slang,Web Form,0,0,1,0,1,1,0,0,64,emoji,มีคำเร่งเร้า; มีบริบทเกี่ยวกับเงิน/โอน/บัญชี
39,มีคนจองหลายคน ถ้าเอาโอนมัดจำมาก่อนได้เลย ✨💬,suspicious,marketplace_risk,0.57,slang,Email,0,0,0,0,1,0,0,0,43,emoji,มีบริบทเกี่ยวกับเงิน/โอน/บัญชี; มีสัญญาณเสี่ยงแต่หลักฐานยังไม่ชัด
40,อ้างว่าเป็นรุ่นพี่คณะ ขอให้โอนเงินช่วยจองสิทธิ์ 😅⚠️,suspicious,tu_scam_risk,0.59,emoji,Web Form,0,0,0,0,1,0,0,0,51,emoji,มีบริบทเกี่ยวกับเงิน/โอน/บัญชี; มีสัญญาณเสี่ยงแต่หลักฐานยังไม่ชัด
41,อ้างว่าเป็นรุ่นพี่คณะ ขอให้โอนเงินช่วยจองสิทธิ์ ✅,suspicious,tu_scam_risk,0.75,casual,TU Marketplace,0,0,0,0,1,0,0,0,49,emoji,มีบริบทเกี่ยวกับเงิน/โอน/บัญชี; มีสัญญาณเสี่ยงแต่หลักฐานยังไม่ชัด
42,ทักไลน์อย่างเดียวครับ ไม่ค่อยตอบในกลุ่ม 💸⚠️,suspicious,marketplace_risk,0.66,short_message,IG DM,0,0,0,0,0,0,0,0,43,emoji,มีสัญญาณเสี่ยงแต่หลักฐานยังไม่ชัด
43,ราคาถูกกว่าปกติมาก แต่ไม่ให้วิดีโอคอลดูของ 🥺👍,suspicious,marketplace_risk,0.64,thai_english_mix,Email,0,0,0,0,0,0,0,0,45,emoji,มีสัญญาณเสี่ยงแต่หลักฐานยังไม่ชัด
44,Your account has been suspended verify now forms.example.invalid/fake pls,scam,phishing,0.86,formal,IG DM,1,0,0,1,0,1,0,0,73,thai_english_mix,พบคำเกี่ยวกับ OTP/ยืนยันตัวตน; มีลิงก์หรือการชวนคลิกลิงก์; มีคำเร่งเร้า
45,พัสดุติดปัญหา ชำระค่าธรรมเนียมที่ bit.ly/example_fake เพื่อรับของ verify pls,scam,delivery_scam,0.99,slang,Facebook Group,1,0,0,1,0,0,0,0,76,thai_english_mix,พบคำเกี่ยวกับ OTP/ยืนยันตัวตน; มีลิงก์หรือการชวนคลิกลิงก์
46,Your account has been suspended verify now bit.ly/example_fake DM me,scam,phishing,0.82,emoji,LINE,1,0,0,1,0,1,0,0,68,thai_english_mix,พบคำเกี่ยวกับ OTP/ยืนยันตัวตน; มีลิงก์หรือการชวนคลิกลิงก์; มีคำเร่งเร้า
47,ระบบ TU แจ้งเตือน ให้ update password ผ่าน tu-form.example.invalid ด่วน 😅,scam,phishing,0.98,casual,TU Marketplace,1,0,0,0,0,1,0,0,73,emoji,มีลิงก์หรือการชวนคลิกลิงก์; มีคำเร่งเร้า
48,มีใครขายชีท SC135 บ้างครับ 😅,normal,tu_general,0.25,short_message,TU Marketplace,0,0,0,0,0,0,0,0,28,emoji,บริบททั่วไปหรือมีการนัดรับ/ตรวจสอบได้
49,คลิกลิงก์นี้เพื่อยืนยันบัญชีนักศึกษา forms.example.invalid/fake 💸😅,scam,phishing,0.98,thai_english_mix,Discord,1,0,1,0,0,0,0,0,66,emoji,มีลิงก์หรือการชวนคลิกลิงก์
50,กดลิงก์รับเงินคืนค่าธรรมเนียมการศึกษา bit.ly/example_fake line: @fakeid,scam,refund_scam,0.98,casual,X/Twitter,1,0,0,0,1,0,1,0,71,none,มีลิงก์หรือการชวนคลิกลิงก์; มีบริบทเกี่ยวกับเงิน/โอน/บัญชี
51,หอพักแถวเชียงรากเดือนละไม่เกิน 4000 มีแนะนำไหม 🙏💬,normal,tu_general,0.12,formal,X/Twitter,0,0,0,0,0,0,0,0,49,emoji,บริบททั่วไปหรือมีการนัดรับ/ตรวจสอบได้
52,มีคนขอรหัสยืนยัน บอกว่าเป็นแอดมินกลุ่ม ส่งในกลุ่มได้เลย,suspicious,otp_risk,0.56,thai_english_mix,TU Marketplace,0,0,0,1,0,0,0,0,55,none,พบคำเกี่ยวกับ OTP/ยืนยันตัวตน; มีสัญญาณเสี่ยงแต่หลักฐานยังไม่ชัด
53,ใครเจอบัตรนักศึกษาที่ คณะวิทย์ ทักมาหน่อยครับ now,normal,tu_general,0.16,emoji,SMS,0,0,0,0,0,1,0,0,49,thai_english_mix,มีคำเร่งเร้า; บริบททั่วไปหรือมีการนัดรับ/ตรวจสอบได้
54,กดลิงก์รับเงินคืนค่าธรรมเนียมการศึกษา  tu-form.example.invalid ,scam,refund_scam,0.83,casual,Email,1,0,0,0,1,0,1,0,64,spacing_noise,มีลิงก์หรือการชวนคลิกลิงก์; มีบริบทเกี่ยวกับเงิน/โอน/บัญชี
55,กดลิงก์รับเงินคืนค่าธรรมเนียมการศึกษา tu-form.example.invalid ✅,scam,refund_scam,0.88,short_message,X/Twitter,1,0,0,0,1,0,1,0,63,emoji,มีลิงก์หรือการชวนคลิกลิงก์; มีบริบทเกี่ยวกับเงิน/โอน/บัญชี
56,ใครเจอบัตรนักศึกษาที่ คณะวิทย์ ทักมาหน่อยครับ,normal,tu_general,0.23,short_message,Facebook Group,0,0,0,0,0,0,0,0,45,none,บริบททั่วไปหรือมีการนัดรับ/ตรวจสอบได้
57,สมัครงานง่ายๆ ได้เงินเร็ว แต่ต้องจ่ายค่าสมัครก่อน now inbox ได้,suspicious,job_risk,0.51,thai_english_mix,TU Marketplace,0,0,0,0,1,1,0,1,63,thai_english_mix,มีคำเร่งเร้า; มีบริบทเกี่ยวกับเงิน/โอน/บัญชี; มีบริบทสมัครงาน/รายได้; มีสัญญาณเสี่ยงแต่หลักฐานยังไม่ชัด
58,ใครเจอบัตรนักศึกษาที่ โรงอาหารกลาง ทักมาหน่อยครับ ✅💬 inbox ได้,normal,tu_general,0.1,thai_english_mix,LINE,0,0,0,0,0,0,0,0,62,emoji,บริบททั่วไปหรือมีการนัดรับ/ตรวจสอบได้
59,ของถูกมาก แต่ต้องจองภายในวันนี้ 🚨💸,suspicious,marketplace_risk,0.65,formal,IG DM,0,0,0,0,0,1,0,0,34,emoji,มีคำเร่งเร้า; มีสัญญาณเสี่ยงแต่หลักฐานยังไม่ชัด
60,ขายหนังสือ TU100 มือสอง นัดรับ BRT ได้ 🙏✅,normal,tu_marketplace,0.29,formal,TU Marketplace,0,0,0,0,0,0,0,0,41,emoji,บริบททั่วไปหรือมีการนัดรับ/ตรวจสอบได้
61,สมัครงาน part-time online จ่ายค่าสมัครก่อน 1000 แล้วเริ่มงานได้เลย pls,scam,job_scam,0.85,slang,TU Marketplace,0,0,0,0,0,0,0,1,70,thai_english_mix,มีบริบทสมัครงาน/รายได้
62,job online รายได้สูง ไม่ต้องมีประสบการณ์ โอนค่าประกันก่อนเริ่มงาน inbox ได้,scam,job_scam,0.98,emoji,IG DM,0,0,0,0,1,0,0,1,75,none,มีบริบทเกี่ยวกับเงิน/โอน/บัญชี; มีบริบทสมัครงาน/รายได้
63,นัดรับหน้า หอสมุดป๋วย ได้ครับ สะดวกช่วงเย็น pls,normal,tu_marketplace,0.13,formal,IG DM,0,0,0,0,0,0,0,0,47,thai_english_mix,บริบททั่วไปหรือมีการนัดรับ/ตรวจสอบได้
64,รับทุนการศึกษาเร่งด่วน กรอกข้อมูลและเลขบัญชีที่ forms.example.invalid/fake 📌✨,scam,fake_scholarship,0.84,emoji,LINE,1,0,1,0,1,1,1,0,77,emoji,มีลิงก์หรือการชวนคลิกลิงก์; มีคำเร่งเร้า; มีบริบทเกี่ยวกับเงิน/โอน/บัญชี
65,ของถูกมาก แต่ต้องจองภายในวันนี้ 💬⚠️,suspicious,marketplace_risk,0.7,emoji,LINE,0,0,0,0,0,1,0,0,35,emoji,มีคำเร่งเร้า; มีสัญญาณเสี่ยงแต่หลักฐานยังไม่ชัด
66,ไม่สะดวกนัดรับ  ขอส่งอย่างเดียว  โอนก่อนส่งนะ ส่งในกลุ่มได้เลย,suspicious,marketplace_risk,0.6,emoji,Web Form,0,0,0,0,1,0,0,0,62,spacing_noise,มีบริบทเกี่ยวกับเงิน/โอน/บัญชี; มีสัญญาณเสี่ยงแต่หลักฐานยังไม่ชัด
67,นัดรับหน้า คณะวิทย์ ได้ครับ สะดวกช่วงเย็น ⚠️🔥 inbox ได้,normal,tu_marketplace,0.15,formal,Discord,0,0,0,0,0,0,0,0,55,emoji,บริบททั่วไปหรือมีการนัดรับ/ตรวจสอบได้
68,ไม่สะดวกนัดรับ ขอส่งอย่างเดียว โอนก่อนส่งนะ DM me inbox ได้,suspicious,marketplace_risk,0.51,casual,TU Marketplace,0,0,0,0,1,0,0,0,59,thai_english_mix,มีบริบทเกี่ยวกับเงิน/โอน/บัญชี; มีสัญญาณเสี่ยงแต่หลักฐานยังไม่ชัด
69,แอดมินคณะขอค่าจองสิทธิ์สอบ โอนมาที่ พร้อมเพย์ 08x-xxx-xxxx ภายในวันนี้ 😅,scam,tu_scam,0.96,casual,IG DM,0,1,1,0,1,1,0,0,72,emoji,มีคำเร่งเร้า; มีบริบทเกี่ยวกับเงิน/โอน/บัญชี
70,ทักไลน์อย่างเดียวครับ ไม่ค่อยตอบในกลุ่ม ok? inbox ได้,suspicious,marketplace_risk,0.54,casual,X/Twitter,0,0,0,0,0,0,0,0,53,thai_english_mix,มีสัญญาณเสี่ยงแต่หลักฐานยังไม่ชัด
71,คุณได้รับสิทธิ์ทุนพิเศษ โอนค่าดำเนินการ 500 บาทก่อนรับทุน pls inbox ได้,scam,fake_scholarship,0.81,slang,Facebook Group,0,0,0,0,1,0,1,0,71,thai_english_mix,มีบริบทเกี่ยวกับเงิน/โอน/บัญชี
72,ของถูกมาก แต่ต้องจองภายในวันนี้ 😅🚨,suspicious,marketplace_risk,0.55,formal,X/Twitter,0,0,0,0,0,1,0,0,34,emoji,มีคำเร่งเร้า; มีสัญญาณเสี่ยงแต่หลักฐานยังไม่ชัด
73,นัดรับหน้า บร.2 ได้ครับ สะดวกช่วงเย็น 😅🙏,normal,tu_marketplace,0.17,thai_english_mix,X/Twitter,0,0,0,0,0,0,0,0,40,emoji,บริบททั่วไปหรือมีการนัดรับ/ตรวจสอบได้
74,รับทุนการศึกษาเร่งด่วน กรอกข้อมูลและเลขบัญชีที่ [URL] pls,scam,fake_scholarship,0.86,short_message,Discord,1,0,1,0,1,1,1,0,57,thai_english_mix,มีลิงก์หรือการชวนคลิกลิงก์; มีคำเร่งเร้า; มีบริบทเกี่ยวกับเงิน/โอน/บัญชี
75,นัดรับหน้า บร.2 ได้ครับ สะดวกช่วงเย็น,normal,tu_marketplace,0.25,formal,Facebook Group,0,0,0,0,0,0,0,0,37,none,บริบททั่วไปหรือมีการนัดรับ/ตรวจสอบได้
76,Your account has been suspended verify now example.invalid/verify DM me,scam,phishing,0.85,short_message,Email,1,0,0,1,0,1,0,0,71,thai_english_mix,พบคำเกี่ยวกับ OTP/ยืนยันตัวตน; มีลิงก์หรือการชวนคลิกลิงก์; มีคำเร่งเร้า
77,ขายหนังสือ CS251 มือสอง นัดรับ BRT ได้ 👍📌,normal,tu_marketplace,0.06,thai_english_mix,X/Twitter,0,0,0,0,0,0,0,0,41,emoji,บริบททั่วไปหรือมีการนัดรับ/ตรวจสอบได้
78,เจ้าหน้าที่มหาลัยขอ username password เพื่อตรวจสอบสถานะ 🚨 inbox ได้,scam,impersonation,0.95,slang,X/Twitter,0,0,0,0,0,0,0,0,67,emoji,
79,ขอเลขบัญชีพร้อมเพย์หน่อยครับ จะโอนค่าชีท ⚠️,normal,tu_marketplace,0.1,casual,Discord,0,0,1,0,1,0,0,0,43,emoji,มีบริบทเกี่ยวกับเงิน/โอน/บัญชี; บริบททั่วไปหรือมีการนัดรับ/ตรวจสอบได้
80,กรุณายืนยัน OTP เพื่อปลดล็อกบัญชีทันที 🙏💬,scam,otp,0.91,thai_english_mix,Discord,0,0,1,1,0,1,0,0,41,emoji,พบคำเกี่ยวกับ OTP/ยืนยันตัวตน; มีคำเร่งเร้า
81,รหัสยืนยันถูกส่งไปแล้ว กรุณาแจ้งรหัสภายใน 5 นาที 😅‼️,scam,otp,0.98,casual,LINE,0,0,0,1,0,1,0,0,52,emoji,พบคำเกี่ยวกับ OTP/ยืนยันตัวตน; มีคำเร่งเร้า
82,ใครเจอบัตรนักศึกษาที่ BRT ทักมาหน่อยครับ,normal,tu_general,0.2,thai_english_mix,Facebook Group,0,0,0,0,0,0,0,0,40,none,บริบททั่วไปหรือมีการนัดรับ/ตรวจสอบได้
83,ไม่สะดวกนัดรับ ขอส่งอย่างเดียว โอนก่อนส่งนะ ASAP ส่งในกลุ่มได้เลย,suspicious,marketplace_risk,0.6,slang,Facebook Group,0,0,0,0,1,0,0,0,65,thai_english_mix,มีบริบทเกี่ยวกับเงิน/โอน/บัญชี; มีสัญญาณเสี่ยงแต่หลักฐานยังไม่ชัด
84,นัดรับหน้า SC3 ได้ครับ สะดวกช่วงเย็น 🥺✨,normal,tu_marketplace,0.07,emoji,Facebook Group,0,0,0,0,0,0,0,0,39,emoji,บริบททั่วไปหรือมีการนัดรับ/ตรวจสอบได้
85,งานออนไลน์รายได้สูงมาก ไม่ต้องสัมภาษณ์ แค่ทักแชท 🚨📌,suspicious,job_risk,0.73,emoji,LINE,0,0,0,0,1,0,0,1,51,emoji,มีบริบทเกี่ยวกับเงิน/โอน/บัญชี; มีบริบทสมัครงาน/รายได้; มีสัญญาณเสี่ยงแต่หลักฐานยังไม่ชัด
86,ระบบแจ้งให้ยืนยันข้อมูลบางอย่างภายในวันนี้ pls,suspicious,phishing_risk,0.6,formal,LINE,0,0,0,0,0,1,0,0,46,thai_english_mix,มีคำเร่งเร้า; มีสัญญาณเสี่ยงแต่หลักฐานยังไม่ชัด
87,ขอแนวข้อสอบ CS254 หน่อยคับ,normal,tu_general,0.04,casual,X/Twitter,0,0,0,0,0,0,0,0,26,typo,บริบททั่วไปหรือมีการนัดรับ/ตรวจสอบได้
88,รับทุนการศึกษาเร่งด่วน กรอกข้อมูลและเลขบัญชีที่ bit.ly/example_fake ‼️,scam,fake_scholarship,0.95,emoji,Facebook Group,1,0,1,0,1,1,1,0,70,emoji,มีลิงก์หรือการชวนคลิกลิงก์; มีคำเร่งเร้า; มีบริบทเกี่ยวกับเงิน/โอน/บัญชี
89,บัญชีคุณถูกระงับ กรุณายืนยันตัวตนทันทีที่ forms.example.invalid/fake ทัก DM,scam,phishing,0.9,thai_english_mix,TU Marketplace,1,0,1,1,0,1,0,0,75,none,พบคำเกี่ยวกับ OTP/ยืนยันตัวตน; มีลิงก์หรือการชวนคลิกลิงก์; มีคำเร่งเร้า
90,รับหิ้วของจากญี่ปุ่น สนใจทักได้ นัดรับได้ในมอ 📌🥺,normal,tu_general,0.11,short_message,TU Marketplace,0,0,0,0,0,0,0,0,48,emoji,บริบททั่วไปหรือมีการนัดรับ/ตรวจสอบได้
91,รับซื้อเครื่องคิดเลขมือสอง ขอราคาไม่แรง DM me,normal,tu_marketplace,0.11,casual,SMS,0,0,0,0,0,0,0,0,45,thai_english_mix,บริบททั่วไปหรือมีการนัดรับ/ตรวจสอบได้
92,หอพักแถวเชียงรากเดือนละไม่เกิน 5000 มีแนะนำไหม ASAP ส่งในกลุ่มได้เลย,normal,tu_general,0.19,short_message,LINE,0,0,0,0,0,0,0,0,68,thai_english_mix,บริบททั่วไปหรือมีการนัดรับ/ตรวจสอบได้
93,ขอโอนเต็มก่อน เดี๋ยวส่งเลขพัสดุให้ 🚨✨,suspicious,marketplace_risk,0.69,casual,Facebook Group,0,0,0,0,1,0,0,0,37,emoji,มีบริบทเกี่ยวกับเงิน/โอน/บัญชี; มีสัญญาณเสี่ยงแต่หลักฐานยังไม่ชัด
94,หาคนช่วยงานอีเวนต์ในมอ มีรายละเอียดงานและสถานที่ชัดเจน ⚠️ ส่งในกลุ่มได้เลย,normal,tu_job_real,0.26,short_message,X/Twitter,0,0,0,0,0,0,0,1,74,emoji,มีบริบทสมัครงาน/รายได้; บริบททั่วไปหรือมีการนัดรับ/ตรวจสอบได้
95,แอดมินคณะขอค่าจองสิทธิ์สอบ โอนมาที่ พร้อมเพย์ 08x-xxx-xxxx ภายในวันนี้ 👍🔥,scam,tu_scam,0.96,formal,TU Marketplace,0,1,1,0,1,1,0,0,73,emoji,มีคำเร่งเร้า; มีบริบทเกี่ยวกับเงิน/โอน/บัญชี
96,รับหิ้วของจากญี่ปุ่น สนใจทักได้ นัดรับได้ในมอ 💬‼️,normal,tu_general,0.29,formal,X/Twitter,0,0,0,0,0,0,0,0,49,emoji,บริบททั่วไปหรือมีการนัดรับ/ตรวจสอบได้
97,คลิกลิงก์นี้เพื่อยืนยันบัญชีนักศึกษา forms.example.invalid/fake verify pls ส่งในกลุ่มได้เลย,scam,phishing,0.91,casual,TU Marketplace,1,0,1,1,0,0,0,0,91,thai_english_mix,พบคำเกี่ยวกับ OTP/ยืนยันตัวตน; มีลิงก์หรือการชวนคลิกลิงก์
98, ขายหนังสือ  CS251  มือสอง  นัดรับ  โรงอาหารกลาง  ได้ ,normal,tu_marketplace,0.17,thai_english_mix,Web Form,0,0,0,0,0,0,0,0,54,spacing_noise,บริบททั่วไปหรือมีการนัดรับ/ตรวจสอบได้
99,โอนมัดจำค่าหอ 1000 บาทได้ไหมครับ 🥺💬,normal,tu_marketplace,0.21,formal,LINE,0,0,0,0,1,0,0,0,35,emoji,มีบริบทเกี่ยวกับเงิน/โอน/บัญชี; บริบททั่วไปหรือมีการนัดรับ/ตรวจสอบได้
100,คุณได้รับสิทธิ์ทุนพิเศษ โอนค่าดำเนินการ 100 บาทก่อนรับทุน verify pls line: @fakeid,scam,fake_scholarship,0.85,short_message,Web Form,0,0,0,1,1,0,1,0,82,thai_english_mix,พบคำเกี่ยวกับ OTP/ยืนยันตัวตน; มีบริบทเกี่ยวกับเงิน/โอน/บัญชี
101,แอดมินคณะขอค่าจองสิทธิ์สอบ โอนมาที่ บัญชี xxx123 ภายในวันนี้ 🥺⚠️,scam,tu_scam,0.92,short_message,IG DM,0,0,1,0,1,1,0,0,64,emoji,มีคำเร่งเร้า; มีบริบทเกี่ยวกับเงิน/โอน/บัญชี
102,มีคนขอรหัสยืนยัน บอกว่าเป็นแอดมินกลุ่ม 💬 ส่งในกลุ่มได้เลย,suspicious,otp_risk,0.57,emoji,SMS,0,0,0,1,0,0,0,0,57,emoji,พบคำเกี่ยวกับ OTP/ยืนยันตัวตน; มีสัญญาณเสี่ยงแต่หลักฐานยังไม่ชัด
103,ใครเจอบัตรนักศึกษาที่ ประตูเชียงราก ทักมาหน่อยครับ 😅⚠️ line: @fakeid,normal,tu_general,0.03,emoji,Facebook Group,0,0,0,0,0,0,0,0,68,emoji,บริบททั่วไปหรือมีการนัดรับ/ตรวจสอบได้
104,คุณได้รับสิทธิ์ทุนพิเศษ โอนค่าดำเนินการ 500 บาทก่อนรับทุน 💸,scam,fake_scholarship,0.84,thai_english_mix,X/Twitter,0,0,0,0,1,0,1,0,59,emoji,มีบริบทเกี่ยวกับเงิน/โอน/บัญชี
105,ของถูกมาก แต่ต้องจองภายในวันนี้ ‼️🔥,suspicious,marketplace_risk,0.73,emoji,IG DM,0,0,0,0,0,1,0,0,35,emoji,มีคำเร่งเร้า; มีสัญญาณเสี่ยงแต่หลักฐานยังไม่ชัด
106,บัญชีคุณถูกระงับ กรุณายืนยันตัวตนทันทีที่ forms.example.invalid/fake 👍,scam,phishing,0.88,short_message,TU Marketplace,1,0,1,1,0,1,0,0,70,emoji,พบคำเกี่ยวกับ OTP/ยืนยันตัวตน; มีลิงก์หรือการชวนคลิกลิงก์; มีคำเร่งเร้า
107,หอพักแถวเชียงรากเดือนละไม่เกิน 3500 มีแนะนำไหม pls ทัก DM,normal,tu_general,0.29,thai_english_mix,Web Form,0,0,0,0,0,0,0,0,57,thai_english_mix,บริบททั่วไปหรือมีการนัดรับ/ตรวจสอบได้
108,"งานออนไลน์ได้เงินวันละ  10,000  ไม่ต้องสัมภาษณ์  สมัครด่วน",scam,job_scam,0.84,short_message,IG DM,0,0,0,0,1,1,0,1,58,spacing_noise,มีคำเร่งเร้า; มีบริบทเกี่ยวกับเงิน/โอน/บัญชี; มีบริบทสมัครงาน/รายได้
109,นัดรับหน้า บร.2 ได้ครับ สะดวกช่วงเย็น 💬,normal,tu_marketplace,0.02,casual,LINE,0,0,0,0,0,0,0,0,39,emoji,บริบททั่วไปหรือมีการนัดรับ/ตรวจสอบได้
110,รุ่นพี่ฝากบอกให้โอนค่าชีทด่วน ไม่งั้นหมดสิทธิ์ ⚠️😅,scam,tu_scam,0.94,short_message,Facebook Group,0,0,0,0,1,1,0,0,50,emoji,มีคำเร่งเร้า; มีบริบทเกี่ยวกับเงิน/โอน/บัญชี
111,ขาย iPad ใช้เรียน นัดรับในมอได้ เช็คของก่อนจ่าย ✅🙏,normal,tu_marketplace,0.13,casual,Discord,0,0,0,0,0,0,0,0,50,emoji,บริบททั่วไปหรือมีการนัดรับ/ตรวจสอบได้
112,ขายหนังสือ SC135 มือสอง นัดรับ คณะวิทย์ ได้ ⚠️,normal,tu_marketplace,0.09,casual,Email,0,0,0,0,0,0,0,0,46,emoji,บริบททั่วไปหรือมีการนัดรับ/ตรวจสอบได้
113,คุณได้รับสิทธิ์ทุนพิเศษ โอนค่าดำเนินการ 500 บาทก่อนรับทุน pls,scam,fake_scholarship,0.81,casual,LINE,0,0,0,0,1,0,1,0,61,thai_english_mix,มีบริบทเกี่ยวกับเงิน/โอน/บัญชี
114,รับหิ้วของจากญี่ปุ่น สนใจทักได้ นัดรับได้ในมอ 🥺👍 line: @fakeid,normal,tu_general,0.08,casual,TU Marketplace,0,0,0,0,0,0,0,0,62,emoji,บริบททั่วไปหรือมีการนัดรับ/ตรวจสอบได้
115,Your account has been suspended verify now [URL] ⚠️✨,scam,phishing,0.94,formal,Discord,1,0,0,1,0,1,0,0,52,emoji,พบคำเกี่ยวกับ OTP/ยืนยันตัวตน; มีลิงก์หรือการชวนคลิกลิงก์; มีคำเร่งเร้า
116,โอนมัดจำค่าหอ 1000 บาทได้ไหมครับ line: @fakeid,normal,tu_marketplace,0.23,casual,Facebook Group,0,0,0,0,1,0,0,0,46,none,มีบริบทเกี่ยวกับเงิน/โอน/บัญชี; บริบททั่วไปหรือมีการนัดรับ/ตรวจสอบได้
117,เจ้าหน้าที่มหาลัยขอ username password เพื่อตรวจสอบสถานะ 👍,scam,impersonation,0.82,thai_english_mix,Web Form,0,0,0,0,0,0,0,0,57,emoji,
118,บัญชีคุณถูกระงับ กรุณายืนยันตัวตนทันทีที่ bit.ly/example_fake 👍,scam,phishing,0.86,casual,Discord,1,0,1,1,0,1,0,0,63,emoji,พบคำเกี่ยวกับ OTP/ยืนยันตัวตน; มีลิงก์หรือการชวนคลิกลิงก์; มีคำเร่งเร้า
119,มีคนขอรหัสยืนยัน บอกว่าเป็นแอดมินกลุ่ม ⚠️ ส่งในกลุ่มได้เลย,suspicious,otp_risk,0.74,thai_english_mix,LINE,0,0,0,1,0,0,0,0,58,emoji,พบคำเกี่ยวกับ OTP/ยืนยันตัวตน; มีสัญญาณเสี่ยงแต่หลักฐานยังไม่ชัด
120,ระบบ TU แจ้งเตือน ให้ update password ผ่าน bit.ly/example_fake ด่วน 💬📌,scam,phishing,0.88,slang,TU Marketplace,1,0,0,0,0,1,0,0,70,emoji,มีลิงก์หรือการชวนคลิกลิงก์; มีคำเร่งเร้า
121, วันนี้ห้องเรียน  SC3  เปิดไหมครับ ,normal,tu_general,0.2,short_message,Discord,0,0,0,0,0,0,0,0,35,spacing_noise,บริบททั่วไปหรือมีการนัดรับ/ตรวจสอบได้
122,กดลิงก์รับเงินคืนค่าธรรมเนียมการศึกษา forms.example.invalid/fake 💸📌,scam,refund_scam,0.9,slang,Email,1,0,0,0,1,0,1,0,67,emoji,มีลิงก์หรือการชวนคลิกลิงก์; มีบริบทเกี่ยวกับเงิน/โอน/บัญชี
123,คลิกลิงก์นี้เพื่อยืนยันบัญชีนักศึกษา [URL] now,scam,phishing,0.81,emoji,TU Marketplace,1,0,1,0,0,1,0,0,46,thai_english_mix,มีลิงก์หรือการชวนคลิกลิงก์; มีคำเร่งเร้า
124,บัญชีคุณถูกระงับ กรุณายืนยันตัวตนทันทีที่ forms.example.invalid/fake 💸 ส่งในกลุ่มได้เลย,scam,phishing,0.93,slang,IG DM,1,0,1,1,0,1,0,0,87,emoji,พบคำเกี่ยวกับ OTP/ยืนยันตัวตน; มีลิงก์หรือการชวนคลิกลิงก์; มีคำเร่งเร้า
125,ขอแนวข้อสอบ EL171 หน่อยครับ now,normal,tu_general,0.29,slang,LINE,0,0,0,0,0,1,0,0,31,thai_english_mix,มีคำเร่งเร้า; บริบททั่วไปหรือมีการนัดรับ/ตรวจสอบได้
126,ราคาถูกกว่าปกติมาก แต่ไม่ให้วิดีโอคอลดูของ 💬,suspicious,marketplace_risk,0.68,slang,TU Marketplace,0,0,0,0,0,0,0,0,44,emoji,มีสัญญาณเสี่ยงแต่หลักฐานยังไม่ชัด
127,ไม่สะดวกนัดรับ ขอส่งอย่างเดียว โอนก่อนส่งนะ 🔥💸,suspicious,marketplace_risk,0.62,formal,Facebook Group,0,0,0,0,1,0,0,0,46,emoji,มีบริบทเกี่ยวกับเงิน/โอน/บัญชี; มีสัญญาณเสี่ยงแต่หลักฐานยังไม่ชัด
128,ขอโอนเต็มก่อน เดี๋ยวส่งเลขพัสดุให้ ✨⚠️,suspicious,marketplace_risk,0.69,formal,TU Marketplace,0,0,0,0,1,0,0,0,38,emoji,มีบริบทเกี่ยวกับเงิน/โอน/บัญชี; มีสัญญาณเสี่ยงแต่หลักฐานยังไม่ชัด
129,หอพักแถวเชียงรากเดือนละไม่เกิน 4000 มีแนะนำไหม now,normal,tu_general,0.11,emoji,X/Twitter,0,0,0,0,0,1,0,0,50,thai_english_mix,มีคำเร่งเร้า; บริบททั่วไปหรือมีการนัดรับ/ตรวจสอบได้
130,มีใครขายชีท CS222 บ้างครับ 📌💸,normal,tu_general,0.12,slang,Discord,0,0,0,0,0,0,0,0,29,emoji,บริบททั่วไปหรือมีการนัดรับ/ตรวจสอบได้
131,ทักไลน์อย่างเดียวครับ ไม่ค่อยตอบในกลุ่ม now line: @fakeid,suspicious,marketplace_risk,0.62,casual,Discord,0,0,0,0,0,1,0,0,57,thai_english_mix,มีคำเร่งเร้า; มีสัญญาณเสี่ยงแต่หลักฐานยังไม่ชัด
132,บัญชีนี้ของแฟนเราเอง ปลอดภัยแน่นอน โอนมาเลย 😅 inbox ได้,scam,marketplace_scam,0.95,thai_english_mix,LINE,0,0,1,0,1,0,0,0,55,emoji,มีบริบทเกี่ยวกับเงิน/โอน/บัญชี
133,รีบโอนก่อนนะ เหลือคนเดียวแล้ว ทัก DM,suspicious,marketplace_risk,0.52,emoji,Web Form,0,0,0,0,1,1,0,0,36,none,มีคำเร่งเร้า; มีบริบทเกี่ยวกับเงิน/โอน/บัญชี; มีสัญญาณเสี่ยงแต่หลักฐานยังไม่ชัด
134,รีบโอนก่อนนะ เหลือคนเดียวแล้ว ok?,suspicious,marketplace_risk,0.5,short_message,SMS,0,0,0,0,1,1,0,0,33,thai_english_mix,มีคำเร่งเร้า; มีบริบทเกี่ยวกับเงิน/โอน/บัญชี; มีสัญญาณเสี่ยงแต่หลักฐานยังไม่ชัด
135,มีลิงก์ให้กรอกข้อมูลเพื่อรับสิทธิ์ ลองเช็คก่อนนะ 🔥,suspicious,phishing_risk,0.68,emoji,Discord,1,0,0,0,0,0,0,0,50,emoji,มีลิงก์หรือการชวนคลิกลิงก์; มีสัญญาณเสี่ยงแต่หลักฐานยังไม่ชัด
136,job online รายได้สูง ไม่ต้องมีประสบการณ์ โอนค่าประกันก่อนเริ่มงาน ✨🥺,scam,job_scam,0.89,emoji,Web Form,0,0,0,0,1,0,0,1,68,emoji,มีบริบทเกี่ยวกับเงิน/โอน/บัญชี; มีบริบทสมัครงาน/รายได้
137,มีคนขอรหัสยืนยัน บอกว่าเป็นแอดมินกลุ่ม 🔥✨,suspicious,otp_risk,0.49,formal,TU Marketplace,0,0,0,1,0,0,0,0,41,emoji,พบคำเกี่ยวกับ OTP/ยืนยันตัวตน; มีสัญญาณเสี่ยงแต่หลักฐานยังไม่ชัด
138, มีใครขายชีท  CS332  บ้างครับ  ทัก DM,normal,tu_general,0.02,thai_english_mix,IG DM,0,0,0,0,0,0,0,0,37,spacing_noise,บริบททั่วไปหรือมีการนัดรับ/ตรวจสอบได้
139,ใครเจอบัตรนักศึกษาที่ หอสมุดป๋วย ทักมาน่อยคับ,normal,tu_general,0.08,slang,Facebook Group,0,0,0,0,0,0,0,0,45,typo,บริบททั่วไปหรือมีการนัดรับ/ตรวจสอบได้
140,บัญชีคุณถูกระงับ กรุณายืนยันตัวตนทันทีที่ tu-form.example.invalid verify pls,scam,phishing,0.96,emoji,Web Form,1,0,1,1,0,1,0,0,76,thai_english_mix,พบคำเกี่ยวกับ OTP/ยืนยันตัวตน; มีลิงก์หรือการชวนคลิกลิงก์; มีคำเร่งเร้า
141,คลิกลิงก์นี้เพื่อยืนยันบัญชีนักศึกษา forms.example.invalid/fake 🥺,scam,phishing,0.98,slang,Web Form,1,0,1,0,0,0,0,0,65,emoji,มีลิงก์หรือการชวนคลิกลิงก์
142,งานออนไลน์ได้เงินวันละ 3000 ไม่ต้องสัมภาษณ์ สมัครด่วนนน line: @fakeid,scam,job_scam,0.94,slang,Facebook Group,0,0,0,0,1,1,0,1,69,repeat_chars,มีคำเร่งเร้า; มีบริบทเกี่ยวกับเงิน/โอน/บัญชี; มีบริบทสมัครงาน/รายได้
143,ขายหนังสือ CS251 มือสอง นัดรับ บร.2 ได้ 🥺,normal,tu_marketplace,0.12,slang,TU Marketplace,0,0,0,0,0,0,0,0,41,emoji,บริบททั่วไปหรือมีการนัดรับ/ตรวจสอบได้
144,ไม่สะดวกนัดรับ ขอส่งอย่างเดียว โอนก่อนส่งนะ ok? line: @fakeid,suspicious,marketplace_risk,0.57,slang,SMS,0,0,0,0,1,0,0,0,61,thai_english_mix,มีบริบทเกี่ยวกับเงิน/โอน/บัญชี; มีสัญญาณเสี่ยงแต่หลักฐานยังไม่ชัด
145,บัญชีนี้ของแฟนเราเอง ปลอดภัยแน่นอน โอนมาเลย ✨📌,scam,marketplace_scam,0.92,thai_english_mix,Discord,0,0,1,0,1,0,0,0,46,emoji,มีบริบทเกี่ยวกับเงิน/โอน/บัญชี
146,โปรไฟล์ใหม่มาก แต่บอกว่าเป็นเจ้าหน้าที่มหาลัย 🙏,suspicious,impersonation_risk,0.48,emoji,IG DM,0,0,0,0,0,0,0,0,47,emoji,มีสัญญาณเสี่ยงแต่หลักฐานยังไม่ชัด
147,ของถูกมาก แต่ต้องจองภายในวันนี้ 🚨📌,suspicious,marketplace_risk,0.6,casual,Email,0,0,0,0,0,1,0,0,34,emoji,มีคำเร่งเร้า; มีสัญญาณเสี่ยงแต่หลักฐานยังไม่ชัด
148,มีใครขายชีท  CS251  บ้างครับ,normal,tu_general,0.04,formal,Discord,0,0,0,0,0,0,0,0,28,spacing_noise,บริบททั่วไปหรือมีการนัดรับ/ตรวจสอบได้
149,ขายหนังสือ CS332 มือสอง นัดรับ บร.2 ได้ ⚠️,normal,tu_marketplace,0.08,casual,Facebook Group,0,0,0,0,0,0,0,0,42,emoji,บริบททั่วไปหรือมีการนัดรับ/ตรวจสอบได้
150,โอนนมัดจำค่าหอ 100 บาทได้ไหมครับ ส่งในกลุ่มได้เลย,normal,tu_marketplace,0.3,emoji,Facebook Group,0,0,0,0,1,0,0,0,49,typo,มีบริบทเกี่ยวกับเงิน/โอน/บัญชี; บริบททั่วไปหรือมีการนัดรับ/ตรวจสอบได้
151,Your account has been suspended verify now [URL] 💸,scam,phishing,0.88,emoji,X/Twitter,1,0,0,1,0,1,0,0,50,emoji,พบคำเกี่ยวกับ OTP/ยืนยันตัวตน; มีลิงก์หรือการชวนคลิกลิงก์; มีคำเร่งเร้า
152, มีใครขายชีท  SC135  บ้างครับ ,normal,tu_general,0.09,short_message,LINE,0,0,0,0,0,0,0,0,30,spacing_noise,บริบททั่วไปหรือมีการนัดรับ/ตรวจสอบได้
153, บัญชีคุณถูกระงับ  กรุณายืนยันตัวตนทันทีที่  bit.ly/example_fake ,scam,phishing,0.97,casual,LINE,1,0,1,1,0,1,0,0,65,spacing_noise,พบคำเกี่ยวกับ OTP/ยืนยันตัวตน; มีลิงก์หรือการชวนคลิกลิงก์; มีคำเร่งเร้า
154,บัญชีนี้ของแฟนเราเอง ปลอดภัยแน่นอน โอนมาเลย 👍 inbox ได้,scam,marketplace_scam,0.96,casual,Facebook Group,0,0,1,0,1,0,0,0,55,emoji,มีบริบทเกี่ยวกับเงิน/โอน/บัญชี
155,บอกว่ามีทุนพิเศษแต่ต้องรีบกรอกข้อมูล ✅💸 inbox ได้,suspicious,tu_scam_risk,0.64,formal,Web Form,0,0,0,0,1,1,1,0,49,emoji,มีคำเร่งเร้า; มีบริบทเกี่ยวกับเงิน/โอน/บัญชี; มีสัญญาณเสี่ยงแต่หลักฐานยังไม่ชัด
156,โอนมัดจำค่าหอ 200 บาทได้ไหมครับ pls,normal,tu_marketplace,0.3,slang,TU Marketplace,0,0,0,0,1,0,0,0,35,thai_english_mix,มีบริบทเกี่ยวกับเงิน/โอน/บัญชี; บริบททั่วไปหรือมีการนัดรับ/ตรวจสอบได้
157,เจ้าหน้าที่มหาลัยขอ username password เพื่อตรวจสอบสถานะ 🔥✨,scam,impersonation,0.88,thai_english_mix,SMS,0,0,0,0,0,0,0,0,58,emoji,
158,รุ่นพี่ฝากบอกให้โอนนค่าชีทด่วน ไม่งั้นหมดสิทธิ์ ทัก DM,scam,tu_scam,0.93,thai_english_mix,X/Twitter,0,0,0,0,1,1,0,0,54,typo,มีคำเร่งเร้า; มีบริบทเกี่ยวกับเงิน/โอน/บัญชี
159,ขอแนวข้อสอบ TU100 หน่อยครับบบ,normal,tu_general,0.26,thai_english_mix,X/Twitter,0,0,0,0,0,0,0,0,29,repeat_chars,บริบททั่วไปหรือมีการนัดรับ/ตรวจสอบได้
160,อ้างว่าเป็นรุ่นพี่คณะ ขอให้โอนเงินช่วยจองสิทธิ์ ✨🥺 inbox ได้,suspicious,tu_scam_risk,0.56,formal,SMS,0,0,0,0,1,0,0,0,60,emoji,มีบริบทเกี่ยวกับเงิน/โอน/บัญชี; มีสัญญาณเสี่ยงแต่หลักฐานยังไม่ชัด
161,คลิกลิงก์นี้เพื่อยืนยันบัญชีนักศึกษา [URL] 😅,scam,phishing,0.88,thai_english_mix,Web Form,1,0,1,0,0,0,0,0,44,emoji,มีลิงก์หรือการชวนคลิกลิงก์
162,โอนเต็มก่อนเท่านั้น ไม่รับนัด ไม่รับวิดีโอคอล ✅😅,scam,marketplace_scam,0.82,slang,Discord,0,0,0,0,1,0,0,0,48,emoji,มีบริบทเกี่ยวกับเงิน/โอน/บัญชี
163,อาจารย์ส่ง  link  zoom  ใน  classroom  แล้วนะ,normal,meeting,0.16,short_message,Discord,1,0,0,0,0,0,0,0,45,spacing_noise,มีลิงก์หรือการชวนคลิกลิงก์; บริบททั่วไปหรือมีการนัดรับ/ตรวจสอบได้
164,รับซื้อเครื่องคิดเลขมือสอง ขอราคาไม่แรง 💸,normal,tu_marketplace,0.04,short_message,Facebook Group,0,0,0,0,0,0,0,0,41,emoji,บริบททั่วไปหรือมีการนัดรับ/ตรวจสอบได้
165,รับซื้อเครื่องคิดเลขมือสอง ขอราคาไม่แรง 💬‼️,normal,tu_marketplace,0.24,emoji,Discord,0,0,0,0,0,0,0,0,43,emoji,บริบททั่วไปหรือมีการนัดรับ/ตรวจสอบได้
166,ของถูกมาก แต่ต้องจองภายในวันนี้ 🚨😅,suspicious,marketplace_risk,0.6,thai_english_mix,LINE,0,0,0,0,0,1,0,0,34,emoji,มีคำเร่งเร้า; มีสัญญาณเสี่ยงแต่หลักฐานยังไม่ชัด
167,รหัสยืนยันถูกส่งไปแล้ว กรุณาแจ้งรหัสภายใน 5 นาที 😅 line: @fakeid,scam,otp,0.87,thai_english_mix,Facebook Group,0,0,0,1,0,1,0,0,64,emoji,พบคำเกี่ยวกับ OTP/ยืนยันตัวตน; มีคำเร่งเร้า
168,ระบบ TU แจ้งเตือน ให้ update password ผ่าน forms.example.invalid/fake ด่วน 💸,scam,phishing,0.87,thai_english_mix,X/Twitter,1,0,0,0,0,1,0,0,76,emoji,มีลิงก์หรือการชวนคลิกลิงก์; มีคำเร่งเร้า
169,นัดรับหน้า ประตูเชียงราก ได้ครับ สะดวกช่วงเย็น ส่งในกลุ่มได้เลย,normal,tu_marketplace,0.05,short_message,Web Form,0,0,0,0,0,0,0,0,63,none,บริบททั่วไปหรือมีการนัดรับ/ตรวจสอบได้
170,โอนเต็มก่อนเท่านั้น ไม่รับนัด ไม่รับวิดีโอคอล 🔥💸,scam,marketplace_scam,0.93,emoji,LINE,0,0,0,0,1,0,0,0,48,emoji,มีบริบทเกี่ยวกับเงิน/โอน/บัญชี
171,มีใครขายชีท TU100 บ้างครับ ok? ทัก DM,normal,tu_general,0.08,casual,X/Twitter,0,0,0,0,0,0,0,0,37,thai_english_mix,บริบททั่วไปหรือมีการนัดรับ/ตรวจสอบได้
172,กรุณายืนยัน  OTP  เพื่อปลดล็อกบัญชีทันที,scam,otp,0.88,casual,LINE,0,0,1,1,0,1,0,0,40,spacing_noise,พบคำเกี่ยวกับ OTP/ยืนยันตัวตน; มีคำเร่งเร้า
173,พัสดุติดปัญหา  ชำระค่าธรรมเนียมที่  forms.example.invalid/fake  เพื่อรับของ ส่งในกลุ่มได้เลย,scam,delivery_scam,0.97,slang,LINE,1,0,0,0,0,0,0,0,92,spacing_noise,มีลิงก์หรือการชวนคลิกลิงก์
174,ร้านกาแฟแถวรังสิตรับพาร์ทไทม์ ชั่วโมงละ 70 บาท มีสัมภาษณ์หน้าร้าน 👍,normal,tu_job_real,0.05,emoji,TU Marketplace,0,0,0,0,1,0,0,1,67,emoji,มีบริบทเกี่ยวกับเงิน/โอน/บัญชี; มีบริบทสมัครงาน/รายได้; บริบททั่วไปหรือมีการนัดรับ/ตรวจสอบได้
175,รหัสยืนยันถูกส่งไปแล้ว กรุณาแจ้งรหัสภายใน 5 นาที 👍,scam,otp,0.88,casual,LINE,0,0,0,1,0,1,0,0,50,emoji,พบคำเกี่ยวกับ OTP/ยืนยันตัวตน; มีคำเร่งเร้า
176,บัญชีคุณถูกระงับ กรุณายืนยันตัวตนทันทีที่ example.invalid/verify ✨,scam,phishing,0.84,emoji,Discord,1,0,1,1,0,1,0,0,66,emoji,พบคำเกี่ยวกับ OTP/ยืนยันตัวตน; มีลิงก์หรือการชวนคลิกลิงก์; มีคำเร่งเร้า
177,บัญชีคุณถูกระงับ กรุณายืนยันตัวตนทันทีที่ example.invalid/verify now,scam,phishing,0.82,emoji,X/Twitter,1,0,1,1,0,1,0,0,68,thai_english_mix,พบคำเกี่ยวกับ OTP/ยืนยันตัวตน; มีลิงก์หรือการชวนคลิกลิงก์; มีคำเร่งเร้า
178,นัดรับหน้า BRT ได้ครับ สะดวกช่วงเย็น ‼️,normal,tu_marketplace,0.2,thai_english_mix,TU Marketplace,0,0,0,0,0,0,0,0,39,emoji,บริบททั่วไปหรือมีการนัดรับ/ตรวจสอบได้
179,มีลิงก์ให้กรอกข้อมูลเพื่อรับสิทธิ์ ลองเช็คก่อนนะ 🙏 inbox ได้,suspicious,phishing_risk,0.72,emoji,Email,1,0,0,0,0,0,0,0,60,emoji,มีลิงก์หรือการชวนคลิกลิงก์; มีสัญญาณเสี่ยงแต่หลักฐานยังไม่ชัด
180,งานออนไลน์รายได้สูงมาก ไม่ต้องสัมภาษณ์ แค่ทักแชท 😅,suspicious,job_risk,0.57,slang,Discord,0,0,0,0,1,0,0,1,50,emoji,มีบริบทเกี่ยวกับเงิน/โอน/บัญชี; มีบริบทสมัครงาน/รายได้; มีสัญญาณเสี่ยงแต่หลักฐานยังไม่ชัด
181,วันนี้ห้องเรียน  SC3  เปิดไหมครับ,normal,tu_general,0.26,casual,Email,0,0,0,0,0,0,0,0,33,spacing_noise,บริบททั่วไปหรือมีการนัดรับ/ตรวจสอบได้
182,งานออนไลน์รายได้สูงมาก ไม่ต้องสัมภาษณ์ แค่ทักแชท ส่งในกลุ่มได้เลย,suspicious,job_risk,0.52,slang,X/Twitter,0,0,0,0,1,0,0,1,65,typo,มีบริบทเกี่ยวกับเงิน/โอน/บัญชี; มีบริบทสมัครงาน/รายได้; มีสัญญาณเสี่ยงแต่หลักฐานยังไม่ชัด
183,โปรไฟล์ใหม่มาก แต่บอกว่าเป็นเจ้าหน้าที่มหาลัย 🔥🥺,suspicious,impersonation_risk,0.58,slang,X/Twitter,0,0,0,0,0,0,0,0,48,emoji,มีสัญญาณเสี่ยงแต่หลักฐานยังไม่ชัด
184,นัดรับหน้า SC3 ได้ครับ สะดวกช่วงเย็น ‼️🔥,normal,tu_marketplace,0.11,formal,SMS,0,0,0,0,0,0,0,0,40,emoji,บริบททั่วไปหรือมีการนัดรับ/ตรวจสอบได้
185,มีลิงก์ Google Meet สำหรับประชุมไหมครับ ‼️ ทัก DM,normal,meeting,0.17,emoji,Email,1,0,0,0,0,0,0,0,49,emoji,มีลิงก์หรือการชวนคลิกลิงก์; บริบททั่วไปหรือมีการนัดรับ/ตรวจสอบได้
186,สมัครงาน part-time online จ่ายค่าสมัครก่อน 500 แล้วเริ่มงานได้เลย ⚠️✅,scam,job_scam,0.81,slang,SMS,0,0,0,0,0,0,0,1,69,emoji,มีบริบทสมัครงาน/รายได้
187,โปรไฟล์ใหม่มาก แต่บอกว่าเป็นเจ้าหน้าที่มหาลัย ‼️,suspicious,impersonation_risk,0.65,short_message,SMS,0,0,0,0,0,0,0,0,48,emoji,มีสัญญาณเสี่ยงแต่หลักฐานยังไม่ชัด
188,รหัสยืนยันถูกส่งไปแล้ว กรุณาแจ้งรหัสภายใน 5 นาที ok?,scam,otp,0.86,short_message,SMS,0,0,0,1,0,1,0,0,52,thai_english_mix,พบคำเกี่ยวกับ OTP/ยืนยันตัวตน; มีคำเร่งเร้า
189,วันนี้ห้องเรียน SC3 เปิดไหมครับ 🥺,normal,tu_general,0.18,thai_english_mix,TU Marketplace,0,0,0,0,0,0,0,0,33,emoji,บริบททั่วไปหรือมีการนัดรับ/ตรวจสอบได้
190,ส่งรหัส OTP มาให้แอดมินเพื่อยืนยันตัวตนก่อนรับเงินคืน ‼️😅,scam,otp,0.82,thai_english_mix,Facebook Group,0,0,0,1,1,0,1,0,57,emoji,พบคำเกี่ยวกับ OTP/ยืนยันตัวตน; มีบริบทเกี่ยวกับเงิน/โอน/บัญชี
191,มีลิงก์ให้กรอกข้อมูลเพื่อรับสิทธิ์ ลองเช็คก่อนนะ now line: @fakeid,suspicious,phishing_risk,0.51,slang,SMS,1,0,0,0,0,1,0,0,66,thai_english_mix,มีลิงก์หรือการชวนคลิกลิงก์; มีคำเร่งเร้า; มีสัญญาณเสี่ยงแต่หลักฐานยังไม่ชัด
192,แอดมินคณะขอค่าจองสิทธิ์สอบ โอนมาที่ บัญชี xxx123 ภายในวันนี้ line: @fakeid,scam,tu_scam,0.96,emoji,X/Twitter,0,0,1,0,1,1,0,0,74,none,มีคำเร่งเร้า; มีบริบทเกี่ยวกับเงิน/โอน/บัญชี
193,รหัสยืนยันถูกส่งไปแล้ว กรุณาแจ้งรหัสภายใน 5 นาที ✨⚠️,scam,otp,0.95,slang,Facebook Group,0,0,0,1,0,1,0,0,52,emoji,พบคำเกี่ยวกับ OTP/ยืนยันตัวตน; มีคำเร่งเร้า
194,ขอแนวข้อสอบ EL171 หน่อยครับ 💸,normal,tu_general,0.21,short_message,LINE,0,0,0,0,0,0,0,0,29,emoji,บริบททั่วไปหรือมีการนัดรับ/ตรวจสอบได้
195,ขอโอนเต็มก่อน เดี๋ยวส่งเลขพัสดุให้ ⚠️👍 ส่งในกลุ่มได้เลย,suspicious,marketplace_risk,0.59,thai_english_mix,Discord,0,0,0,0,1,0,0,0,55,emoji,มีบริบทเกี่ยวกับเงิน/โอน/บัญชี; มีสัญญาณเสี่ยงแต่หลักฐานยังไม่ชัด
196,ขายหนังสือ  CS251  มือสอง  นัดรับ  BRT  ได้,normal,tu_marketplace,0.06,thai_english_mix,TU Marketplace,0,0,0,0,0,0,0,0,43,spacing_noise,บริบททั่วไปหรือมีการนัดรับ/ตรวจสอบได้
197,ขายหนังสือ SC135 มือสอง นัดรับ หน้าโดม ได้ ✨,normal,tu_marketplace,0.17,short_message,Discord,0,0,0,0,0,0,0,0,44,emoji,บริบททั่วไปหรือมีการนัดรับ/ตรวจสอบได้
198,กดลิงก์รับเงินคืนค่าธรรมเนียมการศึกษา bit.ly/example_fake ‼️,scam,refund_scam,0.91,formal,X/Twitter,1,0,0,0,1,0,1,0,60,emoji,มีลิงก์หรือการชวนคลิกลิงก์; มีบริบทเกี่ยวกับเงิน/โอน/บัญชี
199,หอพักแถวเชียงรากเดือนละไม่เกิน 4500 มีแนะนำไหม 🙏👍,normal,tu_general,0.18,formal,X/Twitter,0,0,0,0,0,0,0,0,49,emoji,บริบททั่วไปหรือมีการนัดรับ/ตรวจสอบได้
200,คลิกลิงก์นี้เพื่อยืนยันบัญชีนักศึกษา [URL] pls ทัก DM,scam,phishing,0.89,casual,TU Marketplace,1,0,1,0,0,0,0,0,53,thai_english_mix,มีลิงก์หรือการชวนคลิกลิงก์
201, สมัครงานง่ายๆ  ได้เงินเร็ว  แต่ต้องจ่ายค่าสมัครก่อน ,suspicious,job_risk,0.67,casual,Web Form,0,0,0,0,1,0,0,1,53,spacing_noise,มีบริบทเกี่ยวกับเงิน/โอน/บัญชี; มีบริบทสมัครงาน/รายได้; มีสัญญาณเสี่ยงแต่หลักฐานยังไม่ชัด
202,งานออนไลน์รายได้สูงมาก ไม่ต้องสัมภาษณ์ แค่ทักแชท 📌💸,suspicious,job_risk,0.46,formal,X/Twitter,0,0,0,0,1,0,0,1,51,emoji,มีบริบทเกี่ยวกับเงิน/โอน/บัญชี; มีบริบทสมัครงาน/รายได้; มีสัญญาณเสี่ยงแต่หลักฐานยังไม่ชัด
203, คุณได้รับสิทธิ์ทุนพิเศษ  โอนค่าดำเนินการ  1500  บาทก่อนรับทุน ,scam,fake_scholarship,0.84,thai_english_mix,SMS,0,0,0,0,1,0,1,0,63,spacing_noise,มีบริบทเกี่ยวกับเงิน/โอน/บัญชี
204,นัดรับหน้า โรงอาหารกลาง ได้ครับ สะดวกช่วงเย็น ✅,normal,tu_marketplace,0.28,emoji,LINE,0,0,0,0,0,0,0,0,47,emoji,บริบททั่วไปหรือมีการนัดรับ/ตรวจสอบได้
205,มีใครขายชีท CS222 บ้างครับ ✅,normal,tu_general,0.18,emoji,Web Form,0,0,0,0,0,0,0,0,28,emoji,บริบททั่วไปหรือมีการนัดรับ/ตรวจสอบได้
206,Your account has been suspended verify now forms.example.invalid/fake 🔥💸 line: @fakeid,scam,phishing,0.92,casual,Facebook Group,1,0,0,1,0,1,0,0,86,emoji,พบคำเกี่ยวกับ OTP/ยืนยันตัวตน; มีลิงก์หรือการชวนคลิกลิงก์; มีคำเร่งเร้า
207,Your account has been suspended verify now tu-form.example.invalid ok?,scam,phishing,0.98,formal,Facebook Group,1,0,0,1,0,1,0,0,70,thai_english_mix,พบคำเกี่ยวกับ OTP/ยืนยันตัวตน; มีลิงก์หรือการชวนคลิกลิงก์; มีคำเร่งเร้า
208, ส่งเลขบัญชีมา  เดี๋ยวโอนค่าหนังสือให้ครับ  ทัก DM,normal,tu_marketplace,0.12,emoji,Email,0,0,1,0,1,0,0,0,50,spacing_noise,มีบริบทเกี่ยวกับเงิน/โอน/บัญชี; บริบททั่วไปหรือมีการนัดรับ/ตรวจสอบได้
209,job online รายได้สูง ไม่ต้องมีประสบการณ์ โอนค่าประกันก่อนเริ่มงาน ⚠️💸,scam,job_scam,0.93,thai_english_mix,SMS,0,0,0,0,1,0,0,1,69,emoji,มีบริบทเกี่ยวกับเงิน/โอน/บัญชี; มีบริบทสมัครงาน/รายได้
210,วันนี้ห้องเรียน บร.2 เปิดไหมครับ verify pls ทัก DM,normal,tu_general,0.18,thai_english_mix,Discord,0,0,0,1,0,0,0,0,50,thai_english_mix,พบคำเกี่ยวกับ OTP/ยืนยันตัวตน; บริบททั่วไปหรือมีการนัดรับ/ตรวจสอบได้
211,ไม่สะดวกนัดรับ ขอส่งอย่างเดียว โอนก่อนส่งนะ 💸,suspicious,marketplace_risk,0.57,formal,TU Marketplace,0,0,0,0,1,0,0,0,45,emoji,มีบริบทเกี่ยวกับเงิน/โอน/บัญชี; มีสัญญาณเสี่ยงแต่หลักฐานยังไม่ชัด
212,บัญชีคุณถูกระงับ กรุณายืนยันตัวตนทันทีที่ tu-form.example.invalid ✅💸,scam,phishing,0.88,short_message,Web Form,1,0,1,1,0,1,0,0,68,emoji,พบคำเกี่ยวกับ OTP/ยืนยันตัวตน; มีลิงก์หรือการชวนคลิกลิงก์; มีคำเร่งเร้า
213,บอกว่ามีทุนพิเศษแต่ต้องรีบกรอกข้อมูล 🥺⚠️,suspicious,tu_scam_risk,0.6,short_message,Facebook Group,0,0,0,0,1,1,1,0,40,emoji,มีคำเร่งเร้า; มีบริบทเกี่ยวกับเงิน/โอน/บัญชี; มีสัญญาณเสี่ยงแต่หลักฐานยังไม่ชัด
214,หอพักแถวเชียงรากเดือนละไม่เกิน 5000 มีแนะนำไหม DM me,normal,tu_general,0.07,formal,SMS,0,0,0,0,0,0,0,0,52,thai_english_mix,บริบททั่วไปหรือมีการนัดรับ/ตรวจสอบได้
215,หอพักแถวเชียงรากเดือนละไม่เกิน 5000 มีแนะนำไหม 👍💸,normal,tu_general,0.22,formal,TU Marketplace,0,0,0,0,0,0,0,0,49,emoji,บริบททั่วไปหรือมีการนัดรับ/ตรวจสอบได้
216,สมัครงาน part-time online จ่ายค่าสมัครก่อน 1000 แล้วเริ่มงานได้เลย,scam,job_scam,0.97,casual,Discord,0,0,0,0,0,0,0,1,66,none,มีบริบทสมัครงาน/รายได้
217,สมัครงานง่ายๆ ได้เงินเร็ว แต่ต้องจ่ายค่าสมัครก่อน 📌🚨,suspicious,job_risk,0.55,casual,X/Twitter,0,0,0,0,1,0,0,1,52,emoji,มีบริบทเกี่ยวกับเงิน/โอน/บัญชี; มีบริบทสมัครงาน/รายได้; มีสัญญาณเสี่ยงแต่หลักฐานยังไม่ชัด
218,หอพักแถวเชียงรากเดือนละไม่เกิน 4500 มีแนะนำไหม 💬🔥,normal,tu_general,0.28,slang,Web Form,0,0,0,0,0,0,0,0,49,emoji,บริบททั่วไปหรือมีการนัดรับ/ตรวจสอบได้
219,สมัครงาน part-time online จ่ายค่าสมัครก่อน 200 แล้วเริ่มงานได้เลย ✅💬,scam,job_scam,0.82,short_message,Web Form,0,0,0,0,0,0,0,1,68,emoji,มีบริบทสมัครงาน/รายได้
220,สมัครงาน part-time online จ่ายค่าสมัครก่อน 1000 แล้วเริ่มงานได้เลย ‼️🙏 line: @fakeid,scam,job_scam,0.9,thai_english_mix,X/Twitter,0,0,0,0,0,0,0,1,84,emoji,มีบริบทสมัครงาน/รายได้
221,ขอโอนเต็มก่อน เดี๋ยวส่งเลขพัสดุให้ ✅‼️ line: @fakeid,suspicious,marketplace_risk,0.72,formal,X/Twitter,0,0,0,0,1,0,0,0,52,emoji,มีบริบทเกี่ยวกับเงิน/โอน/บัญชี; มีสัญญาณเสี่ยงแต่หลักฐานยังไม่ชัด
222,ใครเจอบัตรนักศึกษาที่ หอสมุดป๋วย ทักมาหน่อยครับ now,normal,tu_general,0.06,formal,Facebook Group,0,0,0,0,0,1,0,0,51,thai_english_mix,มีคำเร่งเร้า; บริบททั่วไปหรือมีการนัดรับ/ตรวจสอบได้
223,คลิกลิงก์นี้เพื่อยืนยันบัญชีนักศึกษา  tu-form.example.invalid,scam,phishing,0.87,thai_english_mix,Discord,1,0,1,0,0,0,0,0,61,spacing_noise,มีลิงก์หรือการชวนคลิกลิงก์
224,นัดรับหน้า คณะวิทย์ ได้ครับ สะดวกช่วงเย็น 🔥✅ inbox ได้,normal,tu_marketplace,0.19,short_message,X/Twitter,0,0,0,0,0,0,0,0,54,emoji,บริบททั่วไปหรือมีการนัดรับ/ตรวจสอบได้
225,ไม่สะดวกนัดรับ ขอส่งอย่างเดียว โอนก่อนส่งนะ 🥺,suspicious,marketplace_risk,0.64,thai_english_mix,SMS,0,0,0,0,1,0,0,0,45,emoji,มีบริบทเกี่ยวกับเงิน/โอน/บัญชี; มีสัญญาณเสี่ยงแต่หลักฐานยังไม่ชัด
226,ระบบ TU แจ้งเตือน ให้ update password ผ่าน forms.example.invalid/fake ด่วน,scam,phishing,0.97,slang,TU Marketplace,1,0,0,0,0,1,0,0,74,typo,มีลิงก์หรือการชวนคลิกลิงก์; มีคำเร่งเร้า
227,โอนมัดจำค่าหอ 1500 บาทได้ไหมครับบบ,normal,tu_marketplace,0.27,thai_english_mix,LINE,0,0,0,0,1,0,0,0,34,repeat_chars,มีบริบทเกี่ยวกับเงิน/โอน/บัญชี; บริบททั่วไปหรือมีการนัดรับ/ตรวจสอบได้
228,โอนเต็มก่อนเท่านั้น ไม่รับนัด ไม่รับวิดีโอคอล inbox ได้,scam,marketplace_scam,0.91,thai_english_mix,IG DM,0,0,0,0,1,0,0,0,55,none,มีบริบทเกี่ยวกับเงิน/โอน/บัญชี
229,นัดรับหน้า  BRT  ได้ครับ  สะดวกช่วงเย็น,normal,tu_marketplace,0.22,short_message,X/Twitter,0,0,0,0,0,0,0,0,39,spacing_noise,บริบททั่วไปหรือมีการนัดรับ/ตรวจสอบได้
230,คลิกลิ้งนี้เพื่อยืนยัันบชนักศึกษา tu-form.example.invalid,scam,phishing,0.92,short_message,Web Form,1,0,0,0,0,0,0,0,57,typo,มีลิงก์หรือการชวนคลิกลิงก์
231,อ้างว่าเป็นรุ่นพี่คณะ  ขอให้โอนเงินช่วยจองสิทธิ์ ทัก DM,suspicious,tu_scam_risk,0.61,slang,X/Twitter,0,0,0,0,1,0,0,0,55,spacing_noise,มีบริบทเกี่ยวกับเงิน/โอน/บัญชี; มีสัญญาณเสี่ยงแต่หลักฐานยังไม่ชัด
232,งานออนไลน์รายได้สูงมาก ไม่ต้องสัมภาษณ์ แค่ทักแชท ทัก DM,suspicious,job_risk,0.75,casual,X/Twitter,0,0,0,0,1,0,0,1,55,repeat_chars,มีบริบทเกี่ยวกับเงิน/โอน/บัญชี; มีบริบทสมัครงาน/รายได้; มีสัญญาณเสี่ยงแต่หลักฐานยังไม่ชัด
233,รับทุนการศึกษาเร่งด่วน กรอกข้อมูลและเลขบัญชีที่ [URL] 💬 ส่งในกลุ่มได้เลย,scam,fake_scholarship,0.86,slang,SMS,1,0,1,0,1,1,1,0,72,emoji,มีลิงก์หรือการชวนคลิกลิงก์; มีคำเร่งเร้า; มีบริบทเกี่ยวกับเงิน/โอน/บัญชี
234,สมัครงานง่ายๆ ได้เงินเร็ว แต่ต้องจ่ายค่าสมัครก่อน 👍✅,suspicious,job_risk,0.45,emoji,IG DM,0,0,0,0,1,0,0,1,52,emoji,มีบริบทเกี่ยวกับเงิน/โอน/บัญชี; มีบริบทสมัครงาน/รายได้; มีสัญญาณเสี่ยงแต่หลักฐานยังไม่ชัด
235,ขายหนังสือ EL171 มือสอง นัดรับ ประตูเชียงราก ได้ ✅,normal,tu_marketplace,0.13,short_message,IG DM,0,0,0,0,0,0,0,0,50,emoji,บริบททั่วไปหรือมีการนัดรับ/ตรวจสอบได้
236,ไม่สะดวกนัดรับ ขอส่งอย่างเดียว โอนก่อนส่งนะ 👍🚨,suspicious,marketplace_risk,0.64,short_message,Facebook Group,0,0,0,0,1,0,0,0,46,emoji,มีบริบทเกี่ยวกับเงิน/โอน/บัญชี; มีสัญญาณเสี่ยงแต่หลักฐานยังไม่ชัด
237,รุ่นพี่ฝากบอกให้โอนนค่าชีทด่วน ไม่งั้นหมดสิทธิ์ ส่งในกลุ่มได้เลย,scam,tu_scam,0.8,short_message,Email,0,0,0,0,1,1,0,0,64,typo,มีคำเร่งเร้า; มีบริบทเกี่ยวกับเงิน/โอน/บัญชี
238,ของถูกมาก แต่ต้องจองภายในวันนี้ 😅📌 line: @fakeid,suspicious,marketplace_risk,0.57,emoji,Email,0,0,0,0,0,1,0,0,48,emoji,มีคำเร่งเร้า; มีสัญญาณเสี่ยงแต่หลักฐานยังไม่ชัด
239,รับหิ้วของจากญี่ปุ่น สนใจทักได้ นัดรับได้ในมอ 🔥,normal,tu_general,0.3,emoji,Email,0,0,0,0,0,0,0,0,47,emoji,บริบททั่วไปหรือมีการนัดรับ/ตรวจสอบได้
240,Your account has been suspended verify now bit.ly/example_fake,scam,phishing,0.97,casual,Web Form,1,0,0,1,0,1,0,0,62,none,พบคำเกี่ยวกับ OTP/ยืนยันตัวตน; มีลิงก์หรือการชวนคลิกลิงก์; มีคำเร่งเร้า
241,ร้านกาแฟแถวรังสิตรับพาร์ทไทม์ ชั่วโมงละ 50 บาท มีสัมภาษณ์หน้าร้าน pls,normal,tu_job_real,0.06,short_message,Email,0,0,0,0,1,0,0,1,69,thai_english_mix,มีบริบทเกี่ยวกับเงิน/โอน/บัญชี; มีบริบทสมัครงาน/รายได้; บริบททั่วไปหรือมีการนัดรับ/ตรวจสอบได้
242,วันนี้ห้องเรียน SC3 เปิดไหมครับ ASAP,normal,tu_general,0.04,emoji,Web Form,0,0,0,0,0,0,0,0,36,thai_english_mix,บริบททั่วไปหรือมีการนัดรับ/ตรวจสอบได้
243,ระบบ TU แจ้งเตือน ให้ update password ผ่าน example.invalid/verify ด่วน ‼️🙏,scam,phishing,0.97,casual,SMS,1,0,0,1,0,1,0,0,74,emoji,พบคำเกี่ยวกับ OTP/ยืนยันตัวตน; มีลิงก์หรือการชวนคลิกลิงก์; มีคำเร่งเร้า
244,รับทุนการศึกษาเร่งด่วน กรอกข้อมูลและเลขบัญชีที่ example.invalid/verify ‼️🚨 ทัก DM,scam,fake_scholarship,0.96,formal,Facebook Group,1,0,1,1,1,1,1,0,81,emoji,พบคำเกี่ยวกับ OTP/ยืนยันตัวตน; มีลิงก์หรือการชวนคลิกลิงก์; มีคำเร่งเร้า; มีบริบทเกี่ยวกับเงิน/โอน/บัญชี
245,รับหิ้วของจากญี่ปุ่น สนใจทักได้ นัดรับได้ในมอ 👍‼️,normal,tu_general,0.07,slang,Discord,0,0,0,0,0,0,0,0,49,emoji,บริบททั่วไปหรือมีการนัดรับ/ตรวจสอบได้
246,โอนเต็มก่อนเท่านั้น ไม่รับนัด ไม่รับวิดีโอคอล 🚨👍,scam,marketplace_scam,0.9,emoji,Discord,0,0,0,0,1,0,0,0,48,emoji,มีบริบทเกี่ยวกับเงิน/โอน/บัญชี
247,รับซื้อเครื่องคิดเลขมือสอง ขอราคาไม่แรง 📌⚠️,normal,tu_marketplace,0.24,casual,X/Twitter,0,0,0,0,0,0,0,0,43,emoji,บริบททั่วไปหรือมีการนัดรับ/ตรวจสอบได้
248,บอกว่ามีทุนพิเศษแต่ต้องรีบกรอกข้อมูล 💸,suspicious,tu_scam_risk,0.57,casual,SMS,0,0,0,0,1,1,1,0,38,emoji,มีคำเร่งเร้า; มีบริบทเกี่ยวกับเงิน/โอน/บัญชี; มีสัญญาณเสี่ยงแต่หลักฐานยังไม่ชัด
249,กรุณายืนยัน OTP เพื่อปลดล็อกบัญชีทันที 💬‼️,scam,otp,0.92,formal,SMS,0,0,1,1,0,1,0,0,42,emoji,พบคำเกี่ยวกับ OTP/ยืนยันตัวตน; มีคำเร่งเร้า
250,กดลิงก์รับเงินคืนค่าธรรมเนียมการศึกษา tu-form.example.invalid 🙏⚠️,scam,refund_scam,0.94,formal,Email,1,0,0,0,1,0,1,0,65,emoji,มีลิงก์หรือการชวนคลิกลิงก์; มีบริบทเกี่ยวกับเงิน/โอน/บัญชี
251,ไม่สะดวกนัดรับ ขอส่งอย่างเดียว โอนก่อนส่งนะ ✨ ส่งในกลุ่มได้เลย,suspicious,marketplace_risk,0.74,thai_english_mix,X/Twitter,0,0,0,0,1,0,0,0,62,emoji,มีบริบทเกี่ยวกับเงิน/โอน/บัญชี; มีสัญญาณเสี่ยงแต่หลักฐานยังไม่ชัด
252, คุณได้รับสิทธิ์ทุนพิเศษ  โอนค่าดำเนินการ  500  บาทก่อนรับทุน ,scam,fake_scholarship,0.97,thai_english_mix,X/Twitter,0,0,0,0,1,0,1,0,62,spacing_noise,มีบริบทเกี่ยวกับเงิน/โอน/บัญชี
253,พัสดุติดปัญหา ชำระค่าธรรมเนียมที่ forms.example.invalid/fake เพื่อรับของ ⚠️‼️,scam,delivery_scam,0.9,thai_english_mix,Web Form,1,0,0,0,0,0,0,0,77,emoji,มีลิงก์หรือการชวนคลิกลิงก์
254,คลิกลิงก์นี้เพื่อยืนยันบัญชีนักศึกษา [URL] verify pls,scam,phishing,0.85,short_message,Facebook Group,1,0,1,1,0,0,0,0,53,thai_english_mix,พบคำเกี่ยวกับ OTP/ยืนยันตัวตน; มีลิงก์หรือการชวนคลิกลิงก์
255,"งานออนไลน์ได้เงินวันละ 10,000 ไม่ต้องสัมภาษณ์ สมัครด่วน ✅",scam,job_scam,0.87,short_message,X/Twitter,0,0,0,0,1,1,0,1,57,emoji,มีคำเร่งเร้า; มีบริบทเกี่ยวกับเงิน/โอน/บัญชี; มีบริบทสมัครงาน/รายได้
256,โอนมัดจำค่าหอ 200 บาทได้ไหมครับ ASAP,normal,tu_marketplace,0.26,slang,IG DM,0,0,0,0,1,0,0,0,36,thai_english_mix,มีบริบทเกี่ยวกับเงิน/โอน/บัญชี; บริบททั่วไปหรือมีการนัดรับ/ตรวจสอบได้
257,มีใครขายชีท TU100 บ้างคับ ส่งในกลุ่มได้เลย,normal,tu_general,0.22,slang,Discord,0,0,0,0,0,0,0,0,42,typo,บริบททั่วไปหรือมีการนัดรับ/ตรวจสอบได้
258,รีบโอนก่อนนะ เหลือคนเดียวแล้ว ‼️🙏,suspicious,marketplace_risk,0.67,short_message,Facebook Group,0,0,0,0,1,1,0,0,33,emoji,มีคำเร่งเร้า; มีบริบทเกี่ยวกับเงิน/โอน/บัญชี; มีสัญญาณเสี่ยงแต่หลักฐานยังไม่ชัด
259, พัสดุติดปัญหา  ชำระค่าธรรมเนียมที่  example.invalid/verify  เพื่อรับของ ,scam,delivery_scam,0.86,emoji,Facebook Group,1,0,0,1,0,0,0,0,73,spacing_noise,พบคำเกี่ยวกับ OTP/ยืนยันตัวตน; มีลิงก์หรือการชวนคลิกลิงก์
260, โปรไฟล์ใหม่มาก  แต่บอกว่าเป็นเจ้าหน้าที่มหาลัย ,suspicious,impersonation_risk,0.68,emoji,Web Form,0,0,0,0,0,0,0,0,48,spacing_noise,มีสัญญาณเสี่ยงแต่หลักฐานยังไม่ชัด
261,อ้างว่าเป็นรุ่นพี่คณะ ขอให้โอนเงินช่วยจองสิทธิ์ ✅‼️,suspicious,tu_scam_risk,0.63,short_message,LINE,0,0,0,0,1,0,0,0,51,emoji,มีบริบทเกี่ยวกับเงิน/โอน/บัญชี; มีสัญญาณเสี่ยงแต่หลักฐานยังไม่ชัด
262,สมัครงาน part-time online จ่ายค่าสมัครก่อน 1000 แล้วเริ่มงานได้เลย ⚠️ inbox ได้,scam,job_scam,0.84,slang,IG DM,0,0,0,0,0,0,0,1,79,emoji,มีบริบทสมัครงาน/รายได้
263, ส่งรหัส  OTP  มาให้แอดมินเพื่อยืนยันตัวตนก่อนรับเงินคืน  line: @fakeid,scam,otp,0.91,thai_english_mix,Email,0,0,0,1,1,0,1,0,71,spacing_noise,พบคำเกี่ยวกับ OTP/ยืนยันตัวตน; มีบริบทเกี่ยวกับเงิน/โอน/บัญชี
264,ขายหนังสือ TU100 มือสอง นัดรับ โรงอาหารกลาง ได้ 🔥,normal,tu_marketplace,0.1,casual,X/Twitter,0,0,0,0,0,0,0,0,49,emoji,บริบททั่วไปหรือมีการนัดรับ/ตรวจสอบได้
265,ขอโอนเต็มก่อน เด๋วส่งเลขพัสดุให้ ส่งในกลุ่มได้เลย,suspicious,marketplace_risk,0.57,short_message,IG DM,0,0,0,0,1,0,0,0,49,typo,มีบริบทเกี่ยวกับเงิน/โอน/บัญชี; มีสัญญาณเสี่ยงแต่หลักฐานยังไม่ชัด
266,กรุณายืนยัน OTP เพื่อปลดล็อกบัญชีทันที 🔥 ส่งในกลุ่มได้เลย,scam,otp,0.81,short_message,Facebook Group,0,0,1,1,0,1,0,0,57,emoji,พบคำเกี่ยวกับ OTP/ยืนยันตัวตน; มีคำเร่งเร้า
267,ขอเลขบัญชีพร้อมเพย์หน่อยครับ จะโอนค่าชีท ⚠️ inbox ได้,normal,tu_marketplace,0.29,casual,Discord,0,0,1,0,1,0,0,0,53,emoji,มีบริบทเกี่ยวกับเงิน/โอน/บัญชี; บริบททั่วไปหรือมีการนัดรับ/ตรวจสอบได้
268,นัดรับหน้า ประตูเชียงราก ได้คับ สะดวกช่วงเย็น,normal,tu_marketplace,0.12,thai_english_mix,IG DM,0,0,0,0,0,0,0,0,45,typo,บริบททั่วไปหรือมีการนัดรับ/ตรวจสอบได้
269,หาคนช่วยงานอีเวนต์ในมอ มีรายละเอียดงานและสถานที่ชัดเจน 👍,normal,tu_job_real,0.2,emoji,SMS,0,0,0,0,0,0,0,1,56,emoji,มีบริบทสมัครงาน/รายได้; บริบททั่วไปหรือมีการนัดรับ/ตรวจสอบได้
270,รีบโอนก่อนนะ เหลือคนเดียวแล้ว 🔥,suspicious,marketplace_risk,0.49,slang,Email,0,0,0,0,1,1,0,0,31,emoji,มีคำเร่งเร้า; มีบริบทเกี่ยวกับเงิน/โอน/บัญชี; มีสัญญาณเสี่ยงแต่หลักฐานยังไม่ชัด
271,มีคนขอรหัสยืนยัน บอกว่าเป็นแอดมินกลุ่ม ✅📌,suspicious,otp_risk,0.47,short_message,IG DM,0,0,0,1,0,0,0,0,41,emoji,พบคำเกี่ยวกับ OTP/ยืนยันตัวตน; มีสัญญาณเสี่ยงแต่หลักฐานยังไม่ชัด
272,รหัสยืนยันถูกส่งไปแล้ว กรุณาแจ้งรหัสภายใน 5 นาที 😅🔥,scam,otp,0.96,formal,Web Form,0,0,0,1,0,1,0,0,51,emoji,พบคำเกี่ยวกับ OTP/ยืนยันตัวตน; มีคำเร่งเร้า
273,บอกว่ามีทุนพิเศษแต่ต้องรีบกรอกข้อมูล ‼️,suspicious,tu_scam_risk,0.51,emoji,TU Marketplace,0,0,0,0,1,1,1,0,39,emoji,มีคำเร่งเร้า; มีบริบทเกี่ยวกับเงิน/โอน/บัญชี; มีสัญญาณเสี่ยงแต่หลักฐานยังไม่ชัด
274,ร้านกาแฟแถวรังสิตรับพาร์ทไทม์ ชั่วโมงละ 80 บาท มีสัมภาษณ์หน้าร้าน 🥺🚨,normal,tu_job_real,0.29,thai_english_mix,IG DM,0,0,0,0,1,0,0,1,68,emoji,มีบริบทเกี่ยวกับเงิน/โอน/บัญชี; มีบริบทสมัครงาน/รายได้; บริบททั่วไปหรือมีการนัดรับ/ตรวจสอบได้
275,ร้านกาแฟแถวรังสิตรับพาร์ทไทม์ ชั่วโมงละ 80 บาท มีสัมภาษณ์หน้าร้าน ‼️⚠️,normal,tu_job_real,0.06,formal,TU Marketplace,0,0,0,0,1,0,0,1,70,emoji,มีบริบทเกี่ยวกับเงิน/โอน/บัญชี; มีบริบทสมัครงาน/รายได้; บริบททั่วไปหรือมีการนัดรับ/ตรวจสอบได้
276,ใครเจอบัตรนักศึกษาที่  โรงอาหารกลาง  ทักมาหน่อยครับ,normal,tu_general,0.26,formal,Web Form,0,0,0,0,0,0,0,0,51,spacing_noise,บริบททั่วไปหรือมีการนัดรับ/ตรวจสอบได้
277,เจ้าหน้าที่มหาลัยขอ username password เพื่อตรวจสอบสถานะ 📌,scam,impersonation,0.84,slang,Discord,0,0,0,0,0,0,0,0,57,emoji,
278,มีใครขายชีท TU100 บ้างครับ now,normal,tu_general,0.22,formal,LINE,0,0,0,0,0,1,0,0,30,thai_english_mix,มีคำเร่งเร้า; บริบททั่วไปหรือมีการนัดรับ/ตรวจสอบได้
279,ขอแนวข้อสอบ EL171 หน่อยครับ ✅✨,normal,tu_general,0.19,short_message,Web Form,0,0,0,0,0,0,0,0,30,emoji,บริบททั่วไปหรือมีการนัดรับ/ตรวจสอบได้
280,โปรไฟล์ใหม่มาก แต่บอกว่าเป็นเจ้าหน้าที่มหาลัย 🙏✨,suspicious,impersonation_risk,0.64,formal,Email,0,0,0,0,0,0,0,0,48,emoji,มีสัญญาณเสี่ยงแต่หลักฐานยังไม่ชัด
281,งานออนไลน์ได้เงินวันละ 5000 ไม่ต้องสัมภาษณ์ สมัครด่วน ✨🚨,scam,job_scam,0.87,casual,IG DM,0,0,0,0,1,1,0,1,56,emoji,มีคำเร่งเร้า; มีบริบทเกี่ยวกับเงิน/โอน/บัญชี; มีบริบทสมัครงาน/รายได้
282,job online รายได้สูง ไม่ต้องมีประสบการณ์ โอนค่าประกันก่อนเริ่มงาน verify pls,scam,job_scam,0.91,emoji,Discord,0,0,0,1,1,0,0,1,76,thai_english_mix,พบคำเกี่ยวกับ OTP/ยืนยันตัวตน; มีบริบทเกี่ยวกับเงิน/โอน/บัญชี; มีบริบทสมัครงาน/รายได้
283,พัสดุติดปัญหา ชำระค่าธรรมเนียมที่ tu-form.example.invalid เพื่อรับของ 💸😅 inbox ได้,scam,delivery_scam,0.88,casual,Discord,1,0,0,0,0,0,0,0,82,emoji,มีลิงก์หรือการชวนคลิกลิงก์
284,มีคนจองหลายคน ถ้าเอาโอนมัดจำมาก่อนได้เลย 💬🙏,suspicious,marketplace_risk,0.71,short_message,TU Marketplace,0,0,0,0,1,0,0,0,43,emoji,มีบริบทเกี่ยวกับเงิน/โอน/บัญชี; มีสัญญาณเสี่ยงแต่หลักฐานยังไม่ชัด
285, ใครเจอบัตรนักศึกษาที่  หอสมุดป๋วย  ทักมาหน่อยครับ ,normal,tu_general,0.18,casual,Email,0,0,0,0,0,0,0,0,51,spacing_noise,บริบททั่วไปหรือมีการนัดรับ/ตรวจสอบได้
286,ขอแนวข้อสอบ CS222 หน่อยครับ 🔥 inbox ได้,normal,tu_general,0.12,formal,SMS,0,0,0,0,0,0,0,0,39,emoji,บริบททั่วไปหรือมีการนัดรับ/ตรวจสอบได้
287,บัญชีคุณถูกระงับ กรุณายืนยันตัวตนทันทีที่ forms.example.invalid/fake 👍✅,scam,phishing,0.87,slang,LINE,1,0,1,1,0,1,0,0,71,emoji,พบคำเกี่ยวกับ OTP/ยืนยันตัวตน; มีลิงก์หรือการชวนคลิกลิงก์; มีคำเร่งเร้า
288,มีลิงก์ให้กรอกข้อมูลเพื่อรับสิทธิ์ ลองเช็คก่อนนะ 📌💬,suspicious,phishing_risk,0.47,thai_english_mix,Email,1,0,0,0,0,0,0,0,51,emoji,มีลิงก์หรือการชวนคลิกลิงก์; มีสัญญาณเสี่ยงแต่หลักฐานยังไม่ชัด
289,มีคนจองหลายคน ถ้าเอาโอนมัดจำมาก่อนได้เลย 💬✅,suspicious,marketplace_risk,0.68,emoji,Facebook Group,0,0,0,0,1,0,0,0,43,emoji,มีบริบทเกี่ยวกับเงิน/โอน/บัญชี; มีสัญญาณเสี่ยงแต่หลักฐานยังไม่ชัด
290,ขาย iPad ใช้เรียน นัดรับในมอได้ เช็คของก่อนจ่าย ✅✨,normal,tu_marketplace,0.21,thai_english_mix,SMS,0,0,0,0,0,0,0,0,50,emoji,บริบททั่วไปหรือมีการนัดรับ/ตรวจสอบได้
291,กดลิงก์รับเงินคืนค่าธรรมเนียมการศึกษา bit.ly/example_fake ‼️👍,scam,refund_scam,0.87,thai_english_mix,LINE,1,0,0,0,1,0,1,0,61,emoji,มีลิงก์หรือการชวนคลิกลิงก์; มีบริบทเกี่ยวกับเงิน/โอน/บัญชี
292,ของถูกมาก แต่ต้องจองภายในวันนี้ 📌💸,suspicious,marketplace_risk,0.56,casual,SMS,0,0,0,0,0,1,0,0,34,emoji,มีคำเร่งเร้า; มีสัญญาณเสี่ยงแต่หลักฐานยังไม่ชัด
293,คลิกลิงก์นี้เพื่อยืนยันบัญชีนักศึกษา tu-form.example.invalid 🥺🔥 line: @fakeid,scam,phishing,0.85,emoji,SMS,1,0,1,0,0,0,0,0,77,emoji,มีลิงก์หรือการชวนคลิกลิงก์
294,ประกาศจากคณะให้กรอกแบบประเมินรายวิชาในระบบทางการ ⚠️👍,normal,admin_real,0.22,thai_english_mix,Email,0,0,0,0,0,0,0,0,52,emoji,บริบททั่วไปหรือมีการนัดรับ/ตรวจสอบได้
295,คลิกลิงก์นี้เพื่อยืนยันบัญชีนักศึกษา tu-form.example.invalid ส่งในกลุ่มได้เลย,scam,phishing,0.94,thai_english_mix,IG DM,1,0,1,0,0,0,0,0,77,typo,มีลิงก์หรือการชวนคลิกลิงก์
296,มีลิงก์ให้กรอกข้อมูลเพื่อรับสิทธิ์ ลองเช็คก่อนนะ 💸🥺 line: @fakeid,suspicious,phishing_risk,0.48,short_message,X/Twitter,1,0,0,0,0,0,0,0,65,emoji,มีลิงก์หรือการชวนคลิกลิงก์; มีสัญญาณเสี่ยงแต่หลักฐานยังไม่ชัด
297,ร้านกาแฟแถวรังสิตรับพาร์ทไทม์ ชั่วโมงละ 80 บาท มีสัมภาษณ์หน้าร้าน 🥺😅,normal,tu_job_real,0.1,slang,LINE,0,0,0,0,1,0,0,1,68,emoji,มีบริบทเกี่ยวกับเงิน/โอน/บัญชี; มีบริบทสมัครงาน/รายได้; บริบททั่วไปหรือมีการนัดรับ/ตรวจสอบได้
298,ระบบแจ้งให้ยืนยันข้อมูลบางอย่างภายในวันนี้ 🙏🔥,suspicious,phishing_risk,0.53,short_message,SMS,0,0,0,0,0,1,0,0,45,emoji,มีคำเร่งเร้า; มีสัญญาณเสี่ยงแต่หลักฐานยังไม่ชัด
299,ส่งเลขบัญชีมา  เดี๋ยวโอนค่าหนังสือให้ครับ,normal,tu_marketplace,0.23,casual,LINE,0,0,1,0,1,0,0,0,41,spacing_noise,มีบริบทเกี่ยวกับเงิน/โอน/บัญชี; บริบททั่วไปหรือมีการนัดรับ/ตรวจสอบได้
300,สมัครงานง่ายๆ ได้เงินเร็ว แต่ต้องจ่ายค่าสมัครก่อน 🔥📌,suspicious,job_risk,0.57,emoji,TU Marketplace,0,0,0,0,1,0,0,1,52,emoji,มีบริบทเกี่ยวกับเงิน/โอน/บัญชี; มีบริบทสมัครงาน/รายได้; มีสัญญาณเสี่ยงแต่หลักฐานยังไม่ชัด
301,ขอแนวข้อสอบ CS222 น่อยครับ,normal,tu_general,0.16,emoji,TU Marketplace,0,0,0,0,0,0,0,0,26,typo,บริบททั่วไปหรือมีการนัดรับ/ตรวจสอบได้
302,บัญชีคุณถูกระงับ กรุณายืนยันตัวตนทันทีที่ example.invalid/verify ✅,scam,phishing,0.9,thai_english_mix,LINE,1,0,1,1,0,1,0,0,66,emoji,พบคำเกี่ยวกับ OTP/ยืนยันตัวตน; มีลิงก์หรือการชวนคลิกลิงก์; มีคำเร่งเร้า
303, ระบบ  TU  แจ้งเตือน  ให้  update  password  ผ่าน  [URL]  ด่วน ,scam,phishing,0.83,casual,IG DM,1,0,0,0,0,1,0,0,63,spacing_noise,มีลิงก์หรือการชวนคลิกลิงก์; มีคำเร่งเร้า
304,กรุณายืนยัน OTP เพื่อปลดล็อกบัญชีทันที 🥺,scam,otp,0.84,casual,SMS,0,0,1,1,0,1,0,0,40,emoji,พบคำเกี่ยวกับ OTP/ยืนยันตัวตน; มีคำเร่งเร้า
305,รับซื้อเครื่องคิดเลขมือสอง  ขอราคาไม่แรง inbox ได้,normal,tu_marketplace,0.15,casual,X/Twitter,0,0,0,0,0,0,0,0,50,spacing_noise,บริบททั่วไปหรือมีการนัดรับ/ตรวจสอบได้
306,มีคนจองหลายคน ถ้าเอาโอนมัดจำมาก่อนได้เลย ‼️,suspicious,marketplace_risk,0.53,emoji,X/Twitter,0,0,0,0,1,0,0,0,43,emoji,มีบริบทเกี่ยวกับเงิน/โอน/บัญชี; มีสัญญาณเสี่ยงแต่หลักฐานยังไม่ชัด
307,กรุณายืนยััน OTP เพื่อปลดล็อกบัญชีทันที,scam,otp,0.84,casual,TU Marketplace,0,0,1,1,0,1,0,0,39,typo,พบคำเกี่ยวกับ OTP/ยืนยันตัวตน; มีคำเร่งเร้า
308,มีคนขอรหัสยืนยัน บอกว่าเป็นแอดมินกลุ่ม now,suspicious,otp_risk,0.71,slang,LINE,0,0,0,1,0,1,0,0,42,thai_english_mix,พบคำเกี่ยวกับ OTP/ยืนยันตัวตน; มีคำเร่งเร้า; มีสัญญาณเสี่ยงแต่หลักฐานยังไม่ชัด
309,มีใครขายชีท CS254 บ้างครับ ส่งในกลุ่มได้เลย,normal,tu_general,0.04,emoji,Discord,0,0,0,0,0,0,0,0,43,none,บริบททั่วไปหรือมีการนัดรับ/ตรวจสอบได้
310,ของอยู่ต่างจังหวัด โอนก่อนส่งเท่านั้น ราคาพิเศษถึงวันนี้ 💬✅,scam,marketplace_scam,0.86,thai_english_mix,LINE,0,0,0,0,1,0,0,0,59,emoji,มีบริบทเกี่ยวกับเงิน/โอน/บัญชี
311,เจ้าหน้าที่มหาลัยขอ username password เพื่อตรวจสอบสถานะ ok?,scam,impersonation,0.96,thai_english_mix,TU Marketplace,0,0,0,0,0,0,0,0,59,thai_english_mix,
312,ใครเจอบัตรนักศึกษาที่ บร.2 ทักมาหน่อยครับ ทัก DM,normal,tu_general,0.13,slang,SMS,0,0,0,0,0,0,0,0,48,none,บริบททั่วไปหรือมีการนัดรับ/ตรวจสอบได้
313,มีลิงก์ให้กรอกข้อมูลเพื่อรับสิทธิ์ ลองเช็คก่อนนะ ok? inbox ได้,suspicious,phishing_risk,0.64,short_message,Email,1,0,0,0,0,0,0,0,62,thai_english_mix,มีลิงก์หรือการชวนคลิกลิงก์; มีสัญญาณเสี่ยงแต่หลักฐานยังไม่ชัด
314,คลิกลิงก์นี้เพื่อยืนยันบัญชีนักศึกษา tu-form.example.invalid 😅✨,scam,phishing,0.89,thai_english_mix,TU Marketplace,1,0,1,0,0,0,0,0,63,emoji,มีลิงก์หรือการชวนคลิกลิงก์
315,ขายหนังสือ  TU100  มือสอง  นัดรับ  BRT  ได้,normal,tu_marketplace,0.23,casual,Discord,0,0,0,0,0,0,0,0,43,spacing_noise,บริบททั่วไปหรือมีการนัดรับ/ตรวจสอบได้
316,กดลิงก์รับเงินคืนค่าธรรมเนียมการศึกษา  tu-form.example.invalid ทัก DM,scam,refund_scam,0.83,thai_english_mix,Facebook Group,1,0,0,0,1,0,1,0,69,spacing_noise,มีลิงก์หรือการชวนคลิกลิงก์; มีบริบทเกี่ยวกับเงิน/โอน/บัญชี
317,สมัครงานง่ายๆ ได้เงินเร็ว แต่ต้องจ่ายค่าสมัครก่อน 📌🔥,suspicious,job_risk,0.49,emoji,SMS,0,0,0,0,1,0,0,1,52,emoji,มีบริบทเกี่ยวกับเงิน/โอน/บัญชี; มีบริบทสมัครงาน/รายได้; มีสัญญาณเสี่ยงแต่หลักฐานยังไม่ชัด
318,ร้านกาแฟแถวรังสิตรับพาร์ทไทม์ ชั่วโมงละ 60 บาท มีสัมภาษณ์หน้าร้าน ‼️🥺,normal,tu_job_real,0.07,emoji,X/Twitter,0,0,0,0,1,0,0,1,69,emoji,มีบริบทเกี่ยวกับเงิน/โอน/บัญชี; มีบริบทสมัครงาน/รายได้; บริบททั่วไปหรือมีการนัดรับ/ตรวจสอบได้
319,ขอแนวข้อสอบ SC135 หน่อยครับ ⚠️,normal,tu_general,0.2,formal,SMS,0,0,0,0,0,0,0,0,30,emoji,บริบททั่วไปหรือมีการนัดรับ/ตรวจสอบได้
320,ขายหนังสือ CS332 มือสอง นัดรับ บร.2 ได้ 🥺,normal,tu_marketplace,0.24,casual,IG DM,0,0,0,0,0,0,0,0,41,emoji,บริบททั่วไปหรือมีการนัดรับ/ตรวจสอบได้
321,หอพักแถวเชียงรากเดือนละไม่เกิน 3500 มีแนะะะนำไหม,normal,tu_general,0.15,short_message,Web Form,0,0,0,0,0,0,0,0,48,repeat_chars,บริบททั่วไปหรือมีการนัดรับ/ตรวจสอบได้
322,โอนมัดจำค่าหอ 1500 บาทได้ไหมครับ 💸💬,normal,tu_marketplace,0.22,casual,Facebook Group,0,0,0,0,1,0,0,0,35,emoji,มีบริบทเกี่ยวกับเงิน/โอน/บัญชี; บริบททั่วไปหรือมีการนัดรับ/ตรวจสอบได้
323,job online รายได้สูง ไม่ต้องมีประสบการณ์ โอนค่าประกันก่อนเริ่มงาน ✅,scam,job_scam,0.87,short_message,Discord,0,0,0,0,1,0,0,1,67,emoji,มีบริบทเกี่ยวกับเงิน/โอน/บัญชี; มีบริบทสมัครงาน/รายได้
324,คุณได้รับสิทธิ์ทุนพิเศษ โอนค่าดำเนินการ 100 บาทก่อนรับทุน 🚨‼️,scam,fake_scholarship,0.94,slang,X/Twitter,0,0,0,0,1,0,1,0,61,emoji,มีบริบทเกี่ยวกับเงิน/โอน/บัญชี
325,บัญชีนี้ของแฟนเราเอง ปลอดภัยแน่นอน โอนมาเลย 🔥📌,scam,marketplace_scam,0.97,emoji,LINE,0,0,1,0,1,0,0,0,46,emoji,มีบริบทเกี่ยวกับเงิน/โอน/บัญชี
326,job online รายได้สูง ไม่ต้องมีประสบการณ์ โอนค่าประกันก่อนเริ่มงาน now line: @fakeid,scam,job_scam,0.83,formal,SMS,0,0,0,0,1,1,0,1,83,thai_english_mix,มีคำเร่งเร้า; มีบริบทเกี่ยวกับเงิน/โอน/บัญชี; มีบริบทสมัครงาน/รายได้
327,มีใครขายชีท CS254 บ้างครับ 🥺📌,normal,tu_general,0.06,slang,LINE,0,0,0,0,0,0,0,0,29,emoji,บริบททั่วไปหรือมีการนัดรับ/ตรวจสอบได้
328,อ้างว่าเป็นรุ่นพี่คณะ ขอให้โอนเงินช่วยจองสิทธิ์ 👍🥺,suspicious,tu_scam_risk,0.49,emoji,Web Form,0,0,0,0,1,0,0,0,50,emoji,มีบริบทเกี่ยวกับเงิน/โอน/บัญชี; มีสัญญาณเสี่ยงแต่หลักฐานยังไม่ชัด
329,บัญชีคุณถูกระงับ กรุณายืนยันตัวตนทันทีที่ bit.ly/example_fake line: @fakeid,scam,phishing,0.98,casual,X/Twitter,1,0,1,1,0,1,0,0,75,none,พบคำเกี่ยวกับ OTP/ยืนยันตัวตน; มีลิงก์หรือการชวนคลิกลิงก์; มีคำเร่งเร้า
330,คลิกลิงก์นี้เพื่อยืนยันบัญชีนักศึกษา example.invalid/verify ok?,scam,phishing,0.94,short_message,SMS,1,0,1,1,0,0,0,0,63,thai_english_mix,พบคำเกี่ยวกับ OTP/ยืนยันตัวตน; มีลิงก์หรือการชวนคลิกลิงก์
331,ใครเจอบัตรนักศึกษาที่ หอสมุดป๋วย ทักมาหน่อยครับ 😅,normal,tu_general,0.04,formal,Web Form,0,0,0,0,0,0,0,0,49,emoji,บริบททั่วไปหรือมีการนัดรับ/ตรวจสอบได้
332,โอนมัดจำค่าหอ 1500 บาทได้ไหมครับ 🔥👍,normal,tu_marketplace,0.12,slang,Facebook Group,0,0,0,0,1,0,0,0,35,emoji,มีบริบทเกี่ยวกับเงิน/โอน/บัญชี; บริบททั่วไปหรือมีการนัดรับ/ตรวจสอบได้
333,รีบโอนก่อนนะ เหลือคนเดียวแล้ว ⚠️🙏,suspicious,marketplace_risk,0.68,casual,Email,0,0,0,0,1,1,0,0,33,emoji,มีคำเร่งเร้า; มีบริบทเกี่ยวกับเงิน/โอน/บัญชี; มีสัญญาณเสี่ยงแต่หลักฐานยังไม่ชัด
334,วันนี้ห้องเรียน คณะวิทย์ เปิดไหมครับ ⚠️🔥,normal,tu_general,0.24,casual,Web Form,0,0,0,0,0,0,0,0,40,emoji,บริบททั่วไปหรือมีการนัดรับ/ตรวจสอบได้
335,แอดมินคณะขอค่าจองสิทธิ์สอบ โอนมาที่ xxx-x-xxxxx-x ภายในวันนี้ ok?,scam,tu_scam,0.8,casual,SMS,0,0,1,0,1,1,0,0,65,thai_english_mix,มีคำเร่งเร้า; มีบริบทเกี่ยวกับเงิน/โอน/บัญชี
336,กดลิงก์รับเงินคืนค่าธรรมเนียมการศึกษา bit.ly/example_fake 📌🙏,scam,refund_scam,0.92,slang,TU Marketplace,1,0,0,0,1,0,1,0,60,emoji,มีลิงก์หรือการชวนคลิกลิงก์; มีบริบทเกี่ยวกับเงิน/โอน/บัญชี
337,พัสดุติดปัญหา ชำระค่าธรรมเนียมที่ tu-form.example.invalid เพื่อรับของ inbox ได้,scam,delivery_scam,0.96,casual,Email,1,0,0,0,0,0,0,0,79,none,มีลิงก์หรือการชวนคลิกลิงก์
338,หอพักแถวเชียงรากเดือนละไม่เกิน 3500 มีแนะนำไหม ✅⚠️,normal,tu_general,0.24,emoji,Web Form,0,0,0,0,0,0,0,0,50,emoji,บริบททั่วไปหรือมีการนัดรับ/ตรวจสอบได้
339,โอนเต็มก่อนเท่านั้น ไม่รับนัด ไม่รับวิดีโอคอล 🔥✅,scam,marketplace_scam,0.92,short_message,X/Twitter,0,0,0,0,1,0,0,0,48,emoji,มีบริบทเกี่ยวกับเงิน/โอน/บัญชี
340,รุ่นพี่ฝากบอกให้โอนค่าชีทด่วน ไม่งั้นหมดสิทธิ์ verify pls,scam,tu_scam,0.87,thai_english_mix,IG DM,0,0,0,1,1,1,0,0,57,thai_english_mix,พบคำเกี่ยวกับ OTP/ยืนยันตัวตน; มีคำเร่งเร้า; มีบริบทเกี่ยวกับเงิน/โอน/บัญชี
341,งานออนไลน์รายได้สูงมาก ไม่ต้องสัมภาษณ์ แค่ทักแชท 😅✅,suspicious,job_risk,0.69,slang,Discord,0,0,0,0,1,0,0,1,51,emoji,มีบริบทเกี่ยวกับเงิน/โอน/บัญชี; มีบริบทสมัครงาน/รายได้; มีสัญญาณเสี่ยงแต่หลักฐานยังไม่ชัด
342,ระบบ TU แจ้งเตือน ให้ update password ผ่าน [URL] ด่วน 😅✨,scam,phishing,0.9,short_message,Web Form,1,0,0,0,0,1,0,0,56,emoji,มีลิงก์หรือการชวนคลิกลิงก์; มีคำเร่งเร้า
343,คุณได้รับสิทธิ์ทุนพิเศษ โอนค่าดำเนินการ 500 บาทก่อนรับทุน,scam,fake_scholarship,0.81,emoji,X/Twitter,0,0,0,0,1,0,1,0,57,none,มีบริบทเกี่ยวกับเงิน/โอน/บัญชี
344,job online รายได้สูง ไม่ต้องมีประสบการณ์ โอนค่าประกันก่อนเริ่มงาน 🔥✅ ทัก DM,scam,job_scam,0.82,short_message,SMS,0,0,0,0,1,0,0,1,75,emoji,มีบริบทเกี่ยวกับเงิน/โอน/บัญชี; มีบริบทสมัครงาน/รายได้
345,อ้างว่าเป็นรุ่นพี่คณะ ขอให้โอนเงินช่วยจองสิทธิ์ 💬✨,suspicious,tu_scam_risk,0.56,formal,Facebook Group,0,0,0,0,1,0,0,0,50,emoji,มีบริบทเกี่ยวกับเงิน/โอน/บัญชี; มีสัญญาณเสี่ยงแต่หลักฐานยังไม่ชัด
346,"งานออนไลน์ได้เงินวันละ 10,000 ไม่ต้องสัมภาษณ์ สมัครด่วน 💸",scam,job_scam,0.82,formal,Discord,0,0,0,0,1,1,0,1,57,emoji,มีคำเร่งเร้า; มีบริบทเกี่ยวกับเงิน/โอน/บัญชี; มีบริบทสมัครงาน/รายได้
347,สมัครงานง่ายๆ  ได้เงินเร็ว  แต่ต้องจ่ายค่าสมัครก่อน ส่งในกลุ่มได้เลย,suspicious,job_risk,0.74,slang,Discord,0,0,0,0,1,0,0,1,68,spacing_noise,มีบริบทเกี่ยวกับเงิน/โอน/บัญชี; มีบริบทสมัครงาน/รายได้; มีสัญญาณเสี่ยงแต่หลักฐานยังไม่ชัด
348,มีคนจองหลายคน ถ้าเอาโอนมัดจำมาก่อนได้เลย ✨,suspicious,marketplace_risk,0.52,slang,X/Twitter,0,0,0,0,1,0,0,0,42,emoji,มีบริบทเกี่ยวกับเงิน/โอน/บัญชี; มีสัญญาณเสี่ยงแต่หลักฐานยังไม่ชัด
349,ใครเจอบัตรนักศึกษาที่ ประตูเชียงราก ทักมาหน่อยครับ 📌⚠️,normal,tu_general,0.07,emoji,SMS,0,0,0,0,0,0,0,0,54,emoji,บริบททั่วไปหรือมีการนัดรับ/ตรวจสอบได้
350,งานออนไลน์ได้เงินวันละ 8000 ไม่ต้องสัมภาษณ์ สมัครด่วน 🔥🥺,scam,job_scam,0.83,short_message,Email,0,0,0,0,1,1,0,1,56,emoji,มีคำเร่งเร้า; มีบริบทเกี่ยวกับเงิน/โอน/บัญชี; มีบริบทสมัครงาน/รายได้
351,คลิกลิงก์นี้เพื่อยืนยันบัญชีนักศึกษา forms.example.invalid/fake inbox ได้,scam,phishing,0.82,casual,Web Form,1,0,1,0,0,0,0,0,73,none,มีลิงก์หรือการชวนคลิกลิงก์
352,โอนมัดจำค่าหอ 200 บาทได้ไหมครับบบ ส่งในกลุ่มได้เลย,normal,tu_marketplace,0.2,thai_english_mix,Discord,0,0,0,0,1,0,0,0,50,repeat_chars,มีบริบทเกี่ยวกับเงิน/โอน/บัญชี; บริบททั่วไปหรือมีการนัดรับ/ตรวจสอบได้
353,มีคนขอรหัสยืนยัน บอกว่าเป็นแอดมินกลุ่ม 😅📌,suspicious,otp_risk,0.53,short_message,Email,0,0,0,1,0,0,0,0,41,emoji,พบคำเกี่ยวกับ OTP/ยืนยันตัวตน; มีสัญญาณเสี่ยงแต่หลักฐานยังไม่ชัด
354,นัดรับหน้า โรงอาหารกลาง ได้ครับ สะดวกช่วงเย็น,normal,tu_marketplace,0.23,formal,Web Form,0,0,0,0,0,0,0,0,45,none,บริบททั่วไปหรือมีการนัดรับ/ตรวจสอบได้
355,สมัครงาน part-time online จ่ายค่าสมัครก่อน 500 แล้วเริ่มงานได้เลย 👍,scam,job_scam,0.89,thai_english_mix,LINE,0,0,0,0,0,0,0,1,67,emoji,มีบริบทสมัครงาน/รายได้
356,โอนมัดจำค่าหอ 100 บาทได้ไหมครับ 🚨,normal,tu_marketplace,0.2,formal,Discord,0,0,0,0,1,0,0,0,33,emoji,มีบริบทเกี่ยวกับเงิน/โอน/บัญชี; บริบททั่วไปหรือมีการนัดรับ/ตรวจสอบได้
357,พัสดุติดปัญหา ชำระค่าธรรมเนียมที่ [URL] เพื่อรับของ 💬,scam,delivery_scam,0.87,emoji,Email,1,0,0,0,0,0,0,0,53,emoji,มีลิงก์หรือการชวนคลิกลิงก์
358,ส่งรหัส OTP มาให้แอดมินเพื่อยืนยันตัวตนก่อนรับเงินคืน ✨👍,scam,otp,0.9,short_message,X/Twitter,0,0,0,1,1,0,1,0,56,emoji,พบคำเกี่ยวกับ OTP/ยืนยันตัวตน; มีบริบทเกี่ยวกับเงิน/โอน/บัญชี
359,รับหิ้วของจากญี่ปุ่น สนใจทักได้ นัดรับได้ในมอ 🙏🔥,normal,tu_general,0.13,short_message,LINE,0,0,0,0,0,0,0,0,48,emoji,บริบททั่วไปหรือมีการนัดรับ/ตรวจสอบได้
360,อาจารย์ส่ง link zoom ใน classroom แล้วนะ ⚠️🥺,normal,meeting,0.18,short_message,IG DM,1,0,0,0,0,0,0,0,44,emoji,มีลิงก์หรือการชวนคลิกลิงก์; บริบททั่วไปหรือมีการนัดรับ/ตรวจสอบได้
361,ประกาศจากคณะให้กรอกแบบประเมินรายวิชาในระบบทางการ ASAP,normal,admin_real,0.26,thai_english_mix,Facebook Group,0,0,0,0,0,0,0,0,53,thai_english_mix,บริบททั่วไปหรือมีการนัดรับ/ตรวจสอบได้
362,รีบโอนก่อนนะ เหลือคนเดียวแล้ว 💸‼️,suspicious,marketplace_risk,0.73,formal,TU Marketplace,0,0,0,0,1,1,0,0,33,emoji,มีคำเร่งเร้า; มีบริบทเกี่ยวกับเงิน/โอน/บัญชี; มีสัญญาณเสี่ยงแต่หลักฐานยังไม่ชัด
363,นัดรับหน้า ประตูเชียงราก ได้ครับ สะดวกช่วงเย็น ok?,normal,tu_marketplace,0.22,thai_english_mix,Email,0,0,0,0,0,0,0,0,50,thai_english_mix,บริบททั่วไปหรือมีการนัดรับ/ตรวจสอบได้
364,กดลิงก์รับเงินคืนค่าธรรมเนียมการศึกษา bit.ly/example_fake 🔥,scam,refund_scam,0.8,casual,Email,1,0,0,0,1,0,1,0,59,emoji,มีลิงก์หรือการชวนคลิกลิงก์; มีบริบทเกี่ยวกับเงิน/โอน/บัญชี
365,หาคนช่วยงานอีเวนต์ในมอ มีรายละเอียดงานและสถานที่ชัดเจน,normal,tu_job_real,0.18,short_message,SMS,0,0,0,0,0,0,0,1,54,none,มีบริบทสมัครงาน/รายได้; บริบททั่วไปหรือมีการนัดรับ/ตรวจสอบได้
366,งานออนไลน์ได้เงินวันละ 8000 ไม่ต้องสัมภาษณ์ สมัครด่วน 📌,scam,job_scam,0.91,casual,Discord,0,0,0,0,1,1,0,1,55,emoji,มีคำเร่งเร้า; มีบริบทเกี่ยวกับเงิน/โอน/บัญชี; มีบริบทสมัครงาน/รายได้
367,ขอแนวข้อสอบ CS254 หน่อยครับ ok?,normal,tu_general,0.29,emoji,SMS,0,0,0,0,0,0,0,0,31,thai_english_mix,บริบททั่วไปหรือมีการนัดรับ/ตรวจสอบได้
368,ระบบแจ้งให้ยืนยันข้อมูลบางอย่างภายในวันนี้ 😅✅,suspicious,phishing_risk,0.55,casual,Discord,0,0,0,0,0,1,0,0,45,emoji,มีคำเร่งเร้า; มีสัญญาณเสี่ยงแต่หลักฐานยังไม่ชัด
369,ร้านกาแฟแถวรังสิตรับพาร์ทไทม์ ชั่วโมงละ 70 บาท มีสัมภาษณ์หน้าร้าน 📌,normal,tu_job_real,0.24,slang,IG DM,0,0,0,0,1,0,0,1,67,emoji,มีบริบทเกี่ยวกับเงิน/โอน/บัญชี; มีบริบทสมัครงาน/รายได้; บริบททั่วไปหรือมีการนัดรับ/ตรวจสอบได้
370,รับทุนการศึกษาเร่งด่วน กรอกข้อมูลและเลขบัญชีที่ example.invalid/verify line: @fakeid,scam,fake_scholarship,0.95,casual,Email,1,0,1,1,1,1,1,0,84,typo,พบคำเกี่ยวกับ OTP/ยืนยันตัวตน; มีลิงก์หรือการชวนคลิกลิงก์; มีคำเร่งเร้า; มีบริบทเกี่ยวกับเงิน/โอน/บัญชี
371,มีคนขอรหัสยืนยัน บอกว่าเป็นแอดมินกลุ่ม 🥺🙏,suspicious,otp_risk,0.7,formal,Web Form,0,0,0,1,0,0,0,0,41,emoji,พบคำเกี่ยวกับ OTP/ยืนยันตัวตน; มีสัญญาณเสี่ยงแต่หลักฐานยังไม่ชัด
372,ราคาถูกกว่าปกติมาก แต่ไม่ให้วิดีโอคอลดูของ DM me,suspicious,marketplace_risk,0.66,thai_english_mix,LINE,0,0,0,0,0,0,0,0,48,thai_english_mix,มีสัญญาณเสี่ยงแต่หลักฐานยังไม่ชัด
373, งานออนไลน์ได้เงินวันละ  8000  ไม่ต้องสัมภาษณ์  สมัครด่วน  ส่งในกลุ่มได้เลย,scam,job_scam,0.84,casual,SMS,0,0,0,0,1,1,0,1,75,spacing_noise,มีคำเร่งเร้า; มีบริบทเกี่ยวกับเงิน/โอน/บัญชี; มีบริบทสมัครงาน/รายได้
374,ราคาถูกกว่าปกติมาก แต่ไม่ให้วิดีโอคอลดูของ ✅👍,suspicious,marketplace_risk,0.68,slang,X/Twitter,0,0,0,0,0,0,0,0,45,emoji,มีสัญญาณเสี่ยงแต่หลักฐานยังไม่ชัด
375,โอนมัดจำค่าหอ  500  บาทได้ไหมครับ,normal,tu_marketplace,0.09,emoji,Email,0,0,0,0,1,0,0,0,33,spacing_noise,มีบริบทเกี่ยวกับเงิน/โอน/บัญชี; บริบททั่วไปหรือมีการนัดรับ/ตรวจสอบได้
376,รับหิ้วของจากญี่ปุ่น สนใจทักได้ นัดรับได้ในมอ 👍📌,normal,tu_general,0.18,formal,Facebook Group,0,0,0,0,0,0,0,0,48,emoji,บริบททั่วไปหรือมีการนัดรับ/ตรวจสอบได้
377,พัสดุติดปัญหา ชำระค่าธรรมเนียมที่ example.invalid/verify เพื่อรับของ 🙏📌,scam,delivery_scam,0.98,slang,LINE,1,0,0,1,0,0,0,0,71,emoji,พบคำเกี่ยวกับ OTP/ยืนยันตัวตน; มีลิงก์หรือการชวนคลิกลิงก์
378,มีคนขอรหัสยืนยัน บอกว่าเป็นแอดมินกลุ่ม DM me inbox ได้,suspicious,otp_risk,0.71,formal,SMS,0,0,0,1,0,0,0,0,54,thai_english_mix,พบคำเกี่ยวกับ OTP/ยืนยันตัวตน; มีสัญญาณเสี่ยงแต่หลักฐานยังไม่ชัด
379,หาคนช่วยงานอีเวนต์ในมอ มีรายละเอียดงานและสถานที่ชัดเจน 😅,normal,tu_job_real,0.21,casual,SMS,0,0,0,0,0,0,0,1,56,emoji,มีบริบทสมัครงาน/รายได้; บริบททั่วไปหรือมีการนัดรับ/ตรวจสอบได้
380,กดลิงก์รับเงินคืนค่าธรรมเนียมการศึกษา [URL] 🙏,scam,refund_scam,0.81,emoji,Discord,1,0,0,0,1,0,1,0,45,emoji,มีลิงก์หรือการชวนคลิกลิงก์; มีบริบทเกี่ยวกับเงิน/โอน/บัญชี
381,งานออนไลน์รายได้สูงมาก ไม่ต้องสัมภาษณ์ แค่ทักแชท ok? ทัก DM,suspicious,job_risk,0.7,casual,SMS,0,0,0,0,1,0,0,1,59,thai_english_mix,มีบริบทเกี่ยวกับเงิน/โอน/บัญชี; มีบริบทสมัครงาน/รายได้; มีสัญญาณเสี่ยงแต่หลักฐานยังไม่ชัด
382, กดลิงก์รับเงินคืนค่าธรรมเนียมการศึกษา  bit.ly/example_fake  line: @fakeid,scam,refund_scam,0.93,casual,LINE,1,0,0,0,1,0,1,0,74,spacing_noise,มีลิงก์หรือการชวนคลิกลิงก์; มีบริบทเกี่ยวกับเงิน/โอน/บัญชี
383,คุณได้รับสิทธิ์ทุนพิเศษ โอนค่าดำเนินการ 300 บาทก่อนรับทุน 💸👍,scam,fake_scholarship,0.96,emoji,LINE,0,0,0,0,1,0,1,0,60,emoji,มีบริบทเกี่ยวกับเงิน/โอน/บัญชี
384,ระบบ TU แจ้งเตือน ให้ update password ผ่าน bit.ly/example_fake ด่วน 💬,scam,phishing,0.94,slang,X/Twitter,1,0,0,0,0,1,0,0,69,emoji,มีลิงก์หรือการชวนคลิกลิงก์; มีคำเร่งเร้า
385,ขายหนังสือ MA211 มือสอง นัดรับ ประตูเชียงราก ได้ DM me,normal,tu_marketplace,0.25,emoji,Web Form,0,0,0,0,0,0,0,0,54,thai_english_mix,บริบททั่วไปหรือมีการนัดรับ/ตรวจสอบได้
386,ของอยู่ต่างจังหวัด โอนก่อนส่งเท่านั้น ราคาพิเศษถึงวันนี้ ✅⚠️,scam,marketplace_scam,0.89,thai_english_mix,IG DM,0,0,0,0,1,0,0,0,60,emoji,มีบริบทเกี่ยวกับเงิน/โอน/บัญชี
387,ขายหนังสือ CS332 มือสอง นัดรับ ประตูเชียงราก ได้ 🥺,normal,tu_marketplace,0.22,formal,Email,0,0,0,0,0,0,0,0,50,emoji,บริบททั่วไปหรือมีการนัดรับ/ตรวจสอบได้
388,อ้างว่าเป็นรุ่นพี่คณะ ขอให้โอนเงินช่วยจองสิทธิ์ 🔥👍,suspicious,tu_scam_risk,0.56,slang,Email,0,0,0,0,1,0,0,0,50,emoji,มีบริบทเกี่ยวกับเงิน/โอน/บัญชี; มีสัญญาณเสี่ยงแต่หลักฐานยังไม่ชัด
389,Your account has been suspended verify now [URL] 😅,scam,phishing,0.82,thai_english_mix,TU Marketplace,1,0,0,1,0,1,0,0,50,emoji,พบคำเกี่ยวกับ OTP/ยืนยันตัวตน; มีลิงก์หรือการชวนคลิกลิงก์; มีคำเร่งเร้า
390,ระบบแจ้งให้ยืนยันข้อมูลบางอย่างภายในวันนี้ 📌,suspicious,phishing_risk,0.57,short_message,Discord,0,0,0,0,0,1,0,0,44,emoji,มีคำเร่งเร้า; มีสัญญาณเสี่ยงแต่หลักฐานยังไม่ชัด
391,ระบบแจ้งให้ยืนยันข้อมูลบางอย่างภายในวันนี้ 📌🚨,suspicious,phishing_risk,0.53,emoji,SMS,0,0,0,0,0,1,0,0,45,emoji,มีคำเร่งเร้า; มีสัญญาณเสี่ยงแต่หลักฐานยังไม่ชัด
392,ส่งเลขบัญชีมา เดี๋ยวโอนค่าหนังสือให้ครับ 🔥😅,normal,tu_marketplace,0.05,short_message,Discord,0,0,1,0,1,0,0,0,43,emoji,มีบริบทเกี่ยวกับเงิน/โอน/บัญชี; บริบททั่วไปหรือมีการนัดรับ/ตรวจสอบได้
393, วันนี้ห้องเรียน  SC3  เปิดไหมครับ  ทัก DM,normal,tu_general,0.13,formal,IG DM,0,0,0,0,0,0,0,0,42,spacing_noise,บริบททั่วไปหรือมีการนัดรับ/ตรวจสอบได้
394,Your account has been suspended verify now [URL] 🥺🚨 ส่งในกลุ่มได้เลย,scam,phishing,0.93,formal,Email,1,0,0,1,0,1,0,0,68,emoji,พบคำเกี่ยวกับ OTP/ยืนยันตัวตน; มีลิงก์หรือการชวนคลิกลิงก์; มีคำเร่งเร้า
395,มีใครขายชีท CS251 บ้างครับ ⚠️,normal,tu_general,0.24,formal,X/Twitter,0,0,0,0,0,0,0,0,29,emoji,บริบททั่วไปหรือมีการนัดรับ/ตรวจสอบได้
396,ส่งเลขบชมา เด๋วโอนนค่าหนังสือให้ครับ,normal,tu_marketplace,0.28,slang,SMS,0,0,0,0,1,0,0,0,36,typo,มีบริบทเกี่ยวกับเงิน/โอน/บัญชี; บริบททั่วไปหรือมีการนัดรับ/ตรวจสอบได้
397,บัญชีคุณถูกระงับ กรุณายืนยันตัวตนทันทีที่ forms.example.invalid/fake 🚨,scam,phishing,0.87,thai_english_mix,Discord,1,0,1,1,0,1,0,0,70,emoji,พบคำเกี่ยวกับ OTP/ยืนยันตัวตน; มีลิงก์หรือการชวนคลิกลิงก์; มีคำเร่งเร้า
398,ระบบแจ้งให้ยืนยันข้อมูลบางอย่างภายในวันนี้ 🥺🚨,suspicious,phishing_risk,0.67,slang,Discord,0,0,0,0,0,1,0,0,45,emoji,มีคำเร่งเร้า; มีสัญญาณเสี่ยงแต่หลักฐานยังไม่ชัด
399,ระบบ TU แจ้งเตือน ให้ update password ผ่าน bit.ly/example_fake ด่วน ⚠️🔥,scam,phishing,0.82,formal,SMS,1,0,0,0,0,1,0,0,71,emoji,มีลิงก์หรือการชวนคลิกลิงก์; มีคำเร่งเร้า
400,ใครเจอบัตรนักศึกษาที่ ประตูเชียงราก ทักมาหน่อยครับ ASAP,normal,tu_general,0.04,formal,IG DM,0,0,0,0,0,0,0,0,55,thai_english_mix,บริบททั่วไปหรือมีการนัดรับ/ตรวจสอบได้
401,โอนมัดจำค่าหอ 500 บาทได้ไหมครับ 👍,normal,tu_marketplace,0.15,emoji,Discord,0,0,0,0,1,0,0,0,33,emoji,มีบริบทเกี่ยวกับเงิน/โอน/บัญชี; บริบททั่วไปหรือมีการนัดรับ/ตรวจสอบได้
402,โปรไฟล์ใหม่มาก แต่บอกว่าเป็นเจ้าหน้าที่มหาลัย ✅👍,suspicious,impersonation_risk,0.71,short_message,Email,0,0,0,0,0,0,0,0,48,emoji,มีสัญญาณเสี่ยงแต่หลักฐานยังไม่ชัด
403,"งานออนไลน์ได้เงินวันละ 10,000 ไม่ต้องสัมภาษณ์ สมัครด่วน 💬🙏",scam,job_scam,0.88,short_message,Email,0,0,0,0,1,1,0,1,58,emoji,มีคำเร่งเร้า; มีบริบทเกี่ยวกับเงิน/โอน/บัญชี; มีบริบทสมัครงาน/รายได้
404,งานออนไลน์ได้เงินวันละ 5000 ไม่ต้องสัมภาษณ์ สมัครด่วน 📌🔥,scam,job_scam,0.94,formal,Facebook Group,0,0,0,0,1,1,0,1,56,emoji,มีคำเร่งเร้า; มีบริบทเกี่ยวกับเงิน/โอน/บัญชี; มีบริบทสมัครงาน/รายได้
405,job online รายได้สูง ไม่ต้องมีประสบการณ์ โอนค่าประกันก่อนเริ่มงาน 🙏🚨,scam,job_scam,0.86,slang,IG DM,0,0,0,0,1,0,0,1,68,emoji,มีบริบทเกี่ยวกับเงิน/โอน/บัญชี; มีบริบทสมัครงาน/รายได้
406,คลิกลิงก์นี้เพื่อยืนยันบัญชีนักศึกษา [URL] 💬✅,scam,phishing,0.93,thai_english_mix,SMS,1,0,1,0,0,0,0,0,45,emoji,มีลิงก์หรือการชวนคลิกลิงก์
407,มีใครขายชีท SC135 บ้างครับ ok?,normal,tu_general,0.2,short_message,TU Marketplace,0,0,0,0,0,0,0,0,30,thai_english_mix,บริบททั่วไปหรือมีการนัดรับ/ตรวจสอบได้
408,โอนมัดจำค่าหอ 1500 บาทได้ไหมครับ ⚠️✅,normal,tu_marketplace,0.17,thai_english_mix,Facebook Group,0,0,0,0,1,0,0,0,36,emoji,มีบริบทเกี่ยวกับเงิน/โอน/บัญชี; บริบททั่วไปหรือมีการนัดรับ/ตรวจสอบได้
409,มีลิงก์ให้กรอกข้อมูลเพื่อรับสิทธิ์ ลองเช็คก่อนนะะะ ส่งในกลุ่มได้เลย,suspicious,phishing_risk,0.58,casual,X/Twitter,1,0,0,0,0,0,0,0,67,repeat_chars,มีลิงก์หรือการชวนคลิกลิงก์; มีสัญญาณเสี่ยงแต่หลักฐานยังไม่ชัด
410,ส่งเลขบัญชีมา เดี๋ยวโอนค่าหนังสือให้ครับ pls ส่งในกลุ่มได้เลย,normal,tu_marketplace,0.15,slang,Facebook Group,0,0,1,0,1,0,0,0,61,thai_english_mix,มีบริบทเกี่ยวกับเงิน/โอน/บัญชี; บริบททั่วไปหรือมีการนัดรับ/ตรวจสอบได้
411,บัญชีคุณถูกระงับ กรุณายืนยันตัวตนทันทีที่ bit.ly/example_fake ⚠️,scam,phishing,0.87,casual,X/Twitter,1,0,1,1,0,1,0,0,64,emoji,พบคำเกี่ยวกับ OTP/ยืนยันตัวตน; มีลิงก์หรือการชวนคลิกลิงก์; มีคำเร่งเร้า
412,มีลิ้งให้กรอกข้อมูลเพื่อรับสิทธิ์ ลองเช็คก่อนนะ line: @fakeid,suspicious,phishing_risk,0.57,short_message,LINE,0,0,0,0,0,0,0,0,61,typo,มีสัญญาณเสี่ยงแต่หลักฐานยังไม่ชัด
413,โอนมัดจำค่าหอ 500 บาทได้ไหมครับ 💬⚠️,normal,tu_marketplace,0.27,emoji,Email,0,0,0,0,1,0,0,0,35,emoji,มีบริบทเกี่ยวกับเงิน/โอน/บัญชี; บริบททั่วไปหรือมีการนัดรับ/ตรวจสอบได้
414,ส่งเลขบัญชีมา เดี๋ยวโอนค่าหนังสือให้ครับ ✨🥺,normal,tu_marketplace,0.07,short_message,SMS,0,0,1,0,1,0,0,0,43,emoji,มีบริบทเกี่ยวกับเงิน/โอน/บัญชี; บริบททั่วไปหรือมีการนัดรับ/ตรวจสอบได้
415,รับทุนการศึกษาเร่งด่วน กรอกข้อมูลและเลขบัญชีที่ forms.example.invalid/fake ✨ ส่งในกลุ่มได้เลย,scam,fake_scholarship,0.94,slang,SMS,1,0,1,0,1,1,1,0,93,emoji,มีลิงก์หรือการชวนคลิกลิงก์; มีคำเร่งเร้า; มีบริบทเกี่ยวกับเงิน/โอน/บัญชี
416,ใครเจอบัตรนักศึกษาที่ หอสมุดป๋วย ทักมาหน่อยครับ 🙏,normal,tu_general,0.28,emoji,SMS,0,0,0,0,0,0,0,0,49,emoji,บริบททั่วไปหรือมีการนัดรับ/ตรวจสอบได้
417,รีบโอนก่อนนะ เหลือคนเดียวแล้ว 😅⚠️ line: @fakeid,suspicious,marketplace_risk,0.54,formal,TU Marketplace,0,0,0,0,1,1,0,0,47,emoji,มีคำเร่งเร้า; มีบริบทเกี่ยวกับเงิน/โอน/บัญชี; มีสัญญาณเสี่ยงแต่หลักฐานยังไม่ชัด
418,ส่งเลขบัญชีมา เดี๋ยวโอนค่าหนังสือให้ครับ 📌✨,normal,tu_marketplace,0.15,short_message,Email,0,0,1,0,1,0,0,0,43,emoji,มีบริบทเกี่ยวกับเงิน/โอน/บัญชี; บริบททั่วไปหรือมีการนัดรับ/ตรวจสอบได้
419,ประกาศจากคณะให้กรอกแบบประเมินรายวิชาในระบบทางการ ⚠️🥺,normal,admin_real,0.19,slang,IG DM,0,0,0,0,0,0,0,0,52,emoji,บริบททั่วไปหรือมีการนัดรับ/ตรวจสอบได้
420,ขอโอนเต็มก่อน เดี๋ยวส่งเลขพัสดุให้ 😅🥺,suspicious,marketplace_risk,0.61,thai_english_mix,SMS,0,0,0,0,1,0,0,0,37,emoji,มีบริบทเกี่ยวกับเงิน/โอน/บัญชี; มีสัญญาณเสี่ยงแต่หลักฐานยังไม่ชัด
421,ขอโอนเต็มก่อน เดี๋ยวส่งเลขพัสดุให้ ASAP,suspicious,marketplace_risk,0.68,formal,TU Marketplace,0,0,0,0,1,0,0,0,39,thai_english_mix,มีบริบทเกี่ยวกับเงิน/โอน/บัญชี; มีสัญญาณเสี่ยงแต่หลักฐานยังไม่ชัด
422,เจ้าหน้าที่มหาลัยขอ username password เพื่อตรวจสอบสถานะ ‼️🥺,scam,impersonation,0.82,slang,Facebook Group,0,0,0,0,0,0,0,0,59,emoji,
423,ใครเจอบัตรนักศึกษาที่ SC3 ทักมาหน่อยครับ pls,normal,tu_general,0.13,short_message,Discord,0,0,0,0,0,0,0,0,44,thai_english_mix,บริบททั่วไปหรือมีการนัดรับ/ตรวจสอบได้
424,job online รายได้สูง ไม่ต้องมีประสบการณ์ โอนค่าประกันก่อนเริ่มงาน 🙏,scam,job_scam,0.94,thai_english_mix,Web Form,0,0,0,0,1,0,0,1,67,emoji,มีบริบทเกี่ยวกับเงิน/โอน/บัญชี; มีบริบทสมัครงาน/รายได้
425,ของถูกมาก แต่ต้องจองภายในวันนี้ ok? inbox ได้,suspicious,marketplace_risk,0.64,formal,Email,0,0,0,0,0,1,0,0,45,thai_english_mix,มีคำเร่งเร้า; มีสัญญาณเสี่ยงแต่หลักฐานยังไม่ชัด
426,ขอโอนเต็มก่อน  เดี๋ยวส่งเลขพัสดุให้ ทัก DM,suspicious,marketplace_risk,0.48,slang,TU Marketplace,0,0,0,0,1,0,0,0,42,spacing_noise,มีบริบทเกี่ยวกับเงิน/โอน/บัญชี; มีสัญญาณเสี่ยงแต่หลักฐานยังไม่ชัด
427,โอนเต็มก่อนเท่านั้น ไม่รับนัด ไม่รับวิดีโอคอล ✨📌,scam,marketplace_scam,0.91,emoji,Discord,0,0,0,0,1,0,0,0,48,emoji,มีบริบทเกี่ยวกับเงิน/โอน/บัญชี
428,Your account has been suspended verify now bit.ly/example_fake pls,scam,phishing,0.94,short_message,SMS,1,0,0,1,0,1,0,0,66,thai_english_mix,พบคำเกี่ยวกับ OTP/ยืนยันตัวตน; มีลิงก์หรือการชวนคลิกลิงก์; มีคำเร่งเร้า
429,งานออนไลน์รายได้สูงมาก ไม่ต้องสัมภาษณ์ แค่ทักแชท now,suspicious,job_risk,0.48,casual,Discord,0,0,0,0,1,1,0,1,52,thai_english_mix,มีคำเร่งเร้า; มีบริบทเกี่ยวกับเงิน/โอน/บัญชี; มีบริบทสมัครงาน/รายได้; มีสัญญาณเสี่ยงแต่หลักฐานยังไม่ชัด
430,ไม่สะดวกนัดรับ ขอส่งอย่างเดียว โอนก่อนส่งนะ 💬,suspicious,marketplace_risk,0.61,casual,SMS,0,0,0,0,1,0,0,0,45,emoji,มีบริบทเกี่ยวกับเงิน/โอน/บัญชี; มีสัญญาณเสี่ยงแต่หลักฐานยังไม่ชัด
431,งานออนไลน์รายได้สูงมาก ไม่ต้องสัมภาษณ์ แค่ทักแชท 🙏💬,suspicious,job_risk,0.47,emoji,SMS,0,0,0,0,1,0,0,1,51,emoji,มีบริบทเกี่ยวกับเงิน/โอน/บัญชี; มีบริบทสมัครงาน/รายได้; มีสัญญาณเสี่ยงแต่หลักฐานยังไม่ชัด
432,พัสดุติดปัญหา ชำระค่าธรรมเนียมที่ example.invalid/verify เพื่อรับของ 💬✅,scam,delivery_scam,0.94,casual,SMS,1,0,0,1,0,0,0,0,71,emoji,พบคำเกี่ยวกับ OTP/ยืนยันตัวตน; มีลิงก์หรือการชวนคลิกลิงก์
433,ไม่สะดวกนัดรับ ขอส่งอย่างเดียว โอนก่อนส่งนะ 🔥🙏,suspicious,marketplace_risk,0.48,emoji,TU Marketplace,0,0,0,0,1,0,0,0,46,emoji,มีบริบทเกี่ยวกับเงิน/โอน/บัญชี; มีสัญญาณเสี่ยงแต่หลักฐานยังไม่ชัด
434,ขอแนวข้อสอบ TU100 หน่อยครับ,normal,tu_general,0.24,thai_english_mix,Web Form,0,0,0,0,0,0,0,0,27,none,บริบททั่วไปหรือมีการนัดรับ/ตรวจสอบได้
435,พัสดุติดปัญหา ชำระค่าธรรมเนียมที่ example.invalid/verify เพื่อรับของ pls line: @fakeid,scam,delivery_scam,0.89,thai_english_mix,SMS,1,0,0,1,0,0,0,0,86,thai_english_mix,พบคำเกี่ยวกับ OTP/ยืนยันตัวตน; มีลิงก์หรือการชวนคลิกลิงก์
436,ขอเลขบัญชีพร้อมเพย์หน่อยครับ จะโอนค่าชีท ‼️🚨,normal,tu_marketplace,0.04,thai_english_mix,IG DM,0,0,1,0,1,0,0,0,44,emoji,มีบริบทเกี่ยวกับเงิน/โอน/บัญชี; บริบททั่วไปหรือมีการนัดรับ/ตรวจสอบได้
437,สมัครงาน part-time online จ่ายค่าสมัครก่อน 100 แล้วเริ่มงานได้เลย ✨,scam,job_scam,0.81,emoji,X/Twitter,0,0,0,0,0,0,0,1,67,emoji,มีบริบทสมัครงาน/รายได้
438,คุณได้รับสิทธิ์ทุนพิเศษ โอนค่าดำเนินการ 1500 บาทก่อนรับทุน 😅,scam,fake_scholarship,0.96,emoji,LINE,0,0,0,0,1,0,1,0,60,emoji,มีบริบทเกี่ยวกับเงิน/โอน/บัญชี
439,กรุณายืนยัน OTP เพื่อปลดล็อกบัญชีทันที DM me,scam,otp,0.81,formal,SMS,0,0,1,1,0,1,0,0,44,thai_english_mix,พบคำเกี่ยวกับ OTP/ยืนยันตัวตน; มีคำเร่งเร้า
440,รีบโอนก่อนนะ เหลือคนเดียวแล้ว ⚠️👍,suspicious,marketplace_risk,0.55,formal,Discord,0,0,0,0,1,1,0,0,33,emoji,มีคำเร่งเร้า; มีบริบทเกี่ยวกับเงิน/โอน/บัญชี; มีสัญญาณเสี่ยงแต่หลักฐานยังไม่ชัด
441,โอนเต็มก่อนเท่านั้น ไม่รับนัด ไม่รับวิดีโอคอล ทัก DM,scam,marketplace_scam,0.81,emoji,X/Twitter,0,0,0,0,1,0,0,0,52,repeat_chars,มีบริบทเกี่ยวกับเงิน/โอน/บัญชี
442,ส่งรหัส OTP มาให้แอดมินเพื่อยืนยันตัวตนก่อนรับเงินคืน 😅✨,scam,otp,0.81,short_message,SMS,0,0,0,1,1,0,1,0,56,emoji,พบคำเกี่ยวกับ OTP/ยืนยันตัวตน; มีบริบทเกี่ยวกับเงิน/โอน/บัญชี
443,ขอแนวข้อสอบ MA211 หน่อยครับ DM me,normal,tu_general,0.14,casual,IG DM,0,0,0,0,0,0,0,0,33,thai_english_mix,บริบททั่วไปหรือมีการนัดรับ/ตรวจสอบได้
444,งานออนไลน์ได้เงินวันละ 5000 ไม่ต้องสัมภาษณ์ สมักด่วน,scam,job_scam,0.86,casual,IG DM,0,0,0,0,1,1,0,1,52,typo,มีคำเร่งเร้า; มีบริบทเกี่ยวกับเงิน/โอน/บัญชี; มีบริบทสมัครงาน/รายได้
445,บัญชีคุณถูกระงับ กรุณายืนยันตัวตนทันทีที่ [URL] inbox ได้,scam,phishing,0.99,emoji,Web Form,1,0,1,1,0,1,0,0,57,repeat_chars,พบคำเกี่ยวกับ OTP/ยืนยันตัวตน; มีลิงก์หรือการชวนคลิกลิงก์; มีคำเร่งเร้า
446,รุ่นพี่ฝากบอกให้โอนค่าชีทด่วน ไม่งั้นหมดสิทธิ์ inbox ได้,scam,tu_scam,0.81,emoji,X/Twitter,0,0,0,0,1,1,0,0,56,none,มีคำเร่งเร้า; มีบริบทเกี่ยวกับเงิน/โอน/บัญชี
447,ขายหนังสือ CS254 มือสอง นัดรับ โรงอาหารกลาง ได้,normal,tu_marketplace,0.12,casual,X/Twitter,0,0,0,0,0,0,0,0,47,none,บริบททั่วไปหรือมีการนัดรับ/ตรวจสอบได้
448,โอนมัดจำค่าหอ 200 บาทได้ไหมครับ 😅,normal,tu_marketplace,0.13,emoji,Facebook Group,0,0,0,0,1,0,0,0,33,emoji,มีบริบทเกี่ยวกับเงิน/โอน/บัญชี; บริบททั่วไปหรือมีการนัดรับ/ตรวจสอบได้
449,ร้านกาแฟแถวรังสิตรับพาร์ทไทม์ ชั่วโมงละ 80 บาท มีสัมภาษณ์หน้าร้าน ✨,normal,tu_job_real,0.17,slang,Facebook Group,0,0,0,0,1,0,0,1,67,emoji,มีบริบทเกี่ยวกับเงิน/โอน/บัญชี; มีบริบทสมัครงาน/รายได้; บริบททั่วไปหรือมีการนัดรับ/ตรวจสอบได้
450,บอกว่ามีทุนพิเศษแต่ต้องรีบกรอกข้อมูล 🥺🙏 ส่งในกลุ่มได้เลย,suspicious,tu_scam_risk,0.58,casual,TU Marketplace,0,0,0,0,1,1,1,0,56,emoji,มีคำเร่งเร้า; มีบริบทเกี่ยวกับเงิน/โอน/บัญชี; มีสัญญาณเสี่ยงแต่หลักฐานยังไม่ชัด
451,นัดรับหน้า หน้าโดม ได้ครับ สะดวกช่วงเย็น line: @fakeid,normal,tu_marketplace,0.24,formal,SMS,0,0,0,0,0,0,0,0,54,none,บริบททั่วไปหรือมีการนัดรับ/ตรวจสอบได้
452,บชคุณถูกระงับ กรุณายืนยันตัวตนทันทีที่ forms.example.invalid/fake,scam,phishing,0.89,short_message,Email,1,0,0,1,0,1,0,0,65,typo,พบคำเกี่ยวกับ OTP/ยืนยันตัวตน; มีลิงก์หรือการชวนคลิกลิงก์; มีคำเร่งเร้า
453,สมัครงาน part-time online จ่ายค่าสมัครก่อน 1500 แล้วเริ่มงานได้เลย ASAP,scam,job_scam,0.99,slang,LINE,0,0,0,0,0,0,0,1,71,thai_english_mix,มีบริบทสมัครงาน/รายได้
454,ส่งรหัส OTP มาให้แอดมินเพื่อยืนยัันตัวตนก่อนรับเงินคืน,scam,otp,0.95,short_message,Email,0,0,0,1,1,0,1,0,54,typo,พบคำเกี่ยวกับ OTP/ยืนยันตัวตน; มีบริบทเกี่ยวกับเงิน/โอน/บัญชี
455,มีลิงก์ Google Meet สำหรับประชุมไหมครับ pls,normal,meeting,0.26,thai_english_mix,TU Marketplace,1,0,0,0,0,0,0,0,43,thai_english_mix,มีลิงก์หรือการชวนคลิกลิงก์; บริบททั่วไปหรือมีการนัดรับ/ตรวจสอบได้
456,โปรไฟล์ใหม่มาก แต่บอกว่าเป็นเจ้าหน้าที่มหาลัย 📌🔥,suspicious,impersonation_risk,0.66,slang,Web Form,0,0,0,0,0,0,0,0,48,emoji,มีสัญญาณเสี่ยงแต่หลักฐานยังไม่ชัด
457,วันนี้ห้องเรียน บร.2 เปิดไหมครับ ✨,normal,tu_general,0.14,formal,Facebook Group,0,0,0,0,0,0,0,0,34,emoji,บริบททั่วไปหรือมีการนัดรับ/ตรวจสอบได้
458,บอกว่ามีทุนพิเศษแต่ต้องรีบกรอกข้อมูล 📌💸,suspicious,tu_scam_risk,0.58,formal,Discord,0,0,0,0,1,1,1,0,39,emoji,มีคำเร่งเร้า; มีบริบทเกี่ยวกับเงิน/โอน/บัญชี; มีสัญญาณเสี่ยงแต่หลักฐานยังไม่ชัด
459,โอนมัดจำค่าหอ 100 บาทได้ไหมครับ ส่งในกลุ่มได้เลย,normal,tu_marketplace,0.18,formal,Discord,0,0,0,0,1,0,0,0,48,none,มีบริบทเกี่ยวกับเงิน/โอน/บัญชี; บริบททั่วไปหรือมีการนัดรับ/ตรวจสอบได้
460,มีคนขอรหัสยืนยัน บอกว่าเป็นแอดมินกลุ่ม ‼️🥺,suspicious,otp_risk,0.62,thai_english_mix,LINE,0,0,0,1,0,0,0,0,42,emoji,พบคำเกี่ยวกับ OTP/ยืนยันตัวตน; มีสัญญาณเสี่ยงแต่หลักฐานยังไม่ชัด
461,อาจารย์ส่ง link zoom ใน classroom แล้วนะะะ,normal,meeting,0.17,formal,IG DM,1,0,0,0,0,0,0,0,42,repeat_chars,มีลิงก์หรือการชวนคลิกลิงก์; บริบททั่วไปหรือมีการนัดรับ/ตรวจสอบได้
462,รับซื้อเครื่องคิดเลขมือสอง ขอราคาไม่แรง 👍🔥,normal,tu_marketplace,0.05,formal,TU Marketplace,0,0,0,0,0,0,0,0,42,emoji,บริบททั่วไปหรือมีการนัดรับ/ตรวจสอบได้
463,ใครเจอบัตรนักศึกษาที่ คณะวิทย์ ทักมาหน่อยครับ 🙏,normal,tu_general,0.13,thai_english_mix,Email,0,0,0,0,0,0,0,0,47,emoji,บริบททั่วไปหรือมีการนัดรับ/ตรวจสอบได้
464,มีลิงก์ Google Meet สำหรับประชุมไหมครับ 🙏‼️,normal,meeting,0.26,formal,Facebook Group,1,0,0,0,0,0,0,0,43,emoji,มีลิงก์หรือการชวนคลิกลิงก์; บริบททั่วไปหรือมีการนัดรับ/ตรวจสอบได้
465,รีบโอนก่อนนะ เหลือคนเดียวแล้ว 👍🥺,suspicious,marketplace_risk,0.62,emoji,IG DM,0,0,0,0,1,1,0,0,32,emoji,มีคำเร่งเร้า; มีบริบทเกี่ยวกับเงิน/โอน/บัญชี; มีสัญญาณเสี่ยงแต่หลักฐานยังไม่ชัด
466,งานออนไลน์รายได้สูงมาก ไม่ต้องสัมภาษณ์ แค่ทักแชท 💬🥺,suspicious,job_risk,0.56,short_message,TU Marketplace,0,0,0,0,1,0,0,1,51,emoji,มีบริบทเกี่ยวกับเงิน/โอน/บัญชี; มีบริบทสมัครงาน/รายได้; มีสัญญาณเสี่ยงแต่หลักฐานยังไม่ชัด
467,อาจารย์ส่ง link zoom ใน classroom แล้วนะ ok?,normal,meeting,0.19,casual,LINE,1,0,0,0,0,0,0,0,44,thai_english_mix,มีลิงก์หรือการชวนคลิกลิงก์; บริบททั่วไปหรือมีการนัดรับ/ตรวจสอบได้
468,ส่งรหัส OTP มาให้แอดมินเพื่อยืนยันตัวตนก่อนรับเงินคืน 🚨✅,scam,otp,0.87,formal,LINE,0,0,0,1,1,0,1,0,56,emoji,พบคำเกี่ยวกับ OTP/ยืนยันตัวตน; มีบริบทเกี่ยวกับเงิน/โอน/บัญชี
469,บัญชีคุณถูกระงับ กรุณายืนยันตัวตนทันทีที่ [URL] now,scam,phishing,0.86,short_message,X/Twitter,1,0,1,1,0,1,0,0,51,thai_english_mix,พบคำเกี่ยวกับ OTP/ยืนยันตัวตน; มีลิงก์หรือการชวนคลิกลิงก์; มีคำเร่งเร้า
470,ขอแนวข้อสอบ SC135 หน่อยครับ 🔥,normal,tu_general,0.27,slang,SMS,0,0,0,0,0,0,0,0,29,emoji,บริบททั่วไปหรือมีการนัดรับ/ตรวจสอบได้
471,ไม่สะดวกนัดรับ ขอส่งอย่างเดียว โอนก่อนส่งนะ ‼️ ทัก DM,suspicious,marketplace_risk,0.5,thai_english_mix,LINE,0,0,0,0,1,0,0,0,53,emoji,มีบริบทเกี่ยวกับเงิน/โอน/บัญชี; มีสัญญาณเสี่ยงแต่หลักฐานยังไม่ชัด
472,ทักไลน์อย่างเดียวครับ ไม่ค่อยตอบในกลุ่ม 💸🙏 line: @fakeid,suspicious,marketplace_risk,0.66,casual,LINE,0,0,0,0,0,0,0,0,56,emoji,มีสัญญาณเสี่ยงแต่หลักฐานยังไม่ชัด
473,ขายหนังสือ MA211 มือสอง นัดรับ คณะวิทย์ ได้,normal,tu_marketplace,0.1,thai_english_mix,Facebook Group,0,0,0,0,0,0,0,0,43,none,บริบททั่วไปหรือมีการนัดรับ/ตรวจสอบได้
474,แอดมินคณะขอค่าจองสิทธิ์สอบ โอนมาที่ xxx-x-xxxxx-x ภายในวันนี้ ✅💬,scam,tu_scam,0.93,slang,Email,0,0,1,0,1,1,0,0,64,emoji,มีคำเร่งเร้า; มีบริบทเกี่ยวกับเงิน/โอน/บัญชี
475,ส่งรหัส OTP มาให้แอดมินเพื่อยืนยันตัวตนก่อนรับเงินคืน ‼️🥺,scam,otp,0.81,short_message,Discord,0,0,0,1,1,0,1,0,57,emoji,พบคำเกี่ยวกับ OTP/ยืนยันตัวตน; มีบริบทเกี่ยวกับเงิน/โอน/บัญชี
476,ขอแนวข้อสอบ CS332 หน่อยคับ,normal,tu_general,0.1,thai_english_mix,Email,0,0,0,0,0,0,0,0,26,typo,บริบททั่วไปหรือมีการนัดรับ/ตรวจสอบได้
477,สมักงาน part-time online จ่ายค่าสมัครก่อน 1500 แล้วเริ่มงานได้เลย line: @fakeid,scam,job_scam,0.84,emoji,X/Twitter,0,0,0,0,0,0,0,1,79,typo,มีบริบทสมัครงาน/รายได้
478,ขาย iPad ใช้เรียน นัดรับในมอได้ เช็คของก่อนจ่าย 🚨🔥,normal,tu_marketplace,0.04,thai_english_mix,IG DM,0,0,0,0,0,0,0,0,50,emoji,บริบททั่วไปหรือมีการนัดรับ/ตรวจสอบได้
479, job  online  รายได้สูง  ไม่ต้องมีประสบการณ์  โอนค่าประกันก่อนเริ่มงาน  ส่งในกลุ่มได้เลย,scam,job_scam,0.85,thai_english_mix,IG DM,0,0,0,0,1,0,0,1,88,spacing_noise,มีบริบทเกี่ยวกับเงิน/โอน/บัญชี; มีบริบทสมัครงาน/รายได้
480,ขอแนวข้อสอบ CS251 หน่อยครับ ‼️,normal,tu_general,0.27,casual,X/Twitter,0,0,0,0,0,0,0,0,30,emoji,บริบททั่วไปหรือมีการนัดรับ/ตรวจสอบได้
481,บัญชีคุณถูกระงับ กรุณายืนยันตัวตนทันทีที่ tu-form.example.invalid pls,scam,phishing,0.9,casual,X/Twitter,1,0,1,1,0,1,0,0,69,thai_english_mix,พบคำเกี่ยวกับ OTP/ยืนยันตัวตน; มีลิงก์หรือการชวนคลิกลิงก์; มีคำเร่งเร้า
482,โอนมัดจำค่าหอ 100 บาทได้ไหมครับ 🔥📌,normal,tu_marketplace,0.04,emoji,Email,0,0,0,0,1,0,0,0,34,emoji,มีบริบทเกี่ยวกับเงิน/โอน/บัญชี; บริบททั่วไปหรือมีการนัดรับ/ตรวจสอบได้
483,โปรไฟล์ใหม่มาก แต่บอกว่าเป็นเจ้าหน้าที่มหาลัย ok? ทัก DM,suspicious,impersonation_risk,0.71,casual,SMS,0,0,0,0,0,0,0,0,56,thai_english_mix,มีสัญญาณเสี่ยงแต่หลักฐานยังไม่ชัด
484,ขายหนังสือ MA211 มือสอง นัดรับ หอสมุดป๋วย ได้ 👍,normal,tu_marketplace,0.22,slang,Email,0,0,0,0,0,0,0,0,47,emoji,บริบททั่วไปหรือมีการนัดรับ/ตรวจสอบได้
485,ของอยู่ต่างจังหวัด โอนก่อนส่งเท่านั้น ราคาพิเศษถึงวันนี้ 💸💬,scam,marketplace_scam,0.86,thai_english_mix,Facebook Group,0,0,0,0,1,0,0,0,59,emoji,มีบริบทเกี่ยวกับเงิน/โอน/บัญชี
486,ของถูกมาก แต่ต้องจองภายในวันนี้ ✨🙏,suspicious,marketplace_risk,0.52,emoji,Discord,0,0,0,0,0,1,0,0,34,emoji,มีคำเร่งเร้า; มีสัญญาณเสี่ยงแต่หลักฐานยังไม่ชัด
487,job online รายได้สูง ไม่ต้องมีประสบการณ์ โอนค่าประกันก่อนเริ่มงาน ✅✨,scam,job_scam,0.91,formal,Web Form,0,0,0,0,1,0,0,1,68,emoji,มีบริบทเกี่ยวกับเงิน/โอน/บัญชี; มีบริบทสมัครงาน/รายได้
488,ขอโอนนเต็มก่อน เด๋วส่งเลขพัสดุให้ line: @fakeid,suspicious,marketplace_risk,0.57,thai_english_mix,Facebook Group,0,0,0,0,1,0,0,0,47,typo,มีบริบทเกี่ยวกับเงิน/โอน/บัญชี; มีสัญญาณเสี่ยงแต่หลักฐานยังไม่ชัด
489,ระบบแจ้งให้ยืนยันข้อมูลบางอย่างภายในวันนี้ 🔥,suspicious,phishing_risk,0.71,casual,IG DM,0,0,0,0,0,1,0,0,44,emoji,มีคำเร่งเร้า; มีสัญญาณเสี่ยงแต่หลักฐานยังไม่ชัด
490,ขายหนังสือ CS254 มือสอง นัดรับ BRT ได้ 😅,normal,tu_marketplace,0.05,emoji,TU Marketplace,0,0,0,0,0,0,0,0,40,emoji,บริบททั่วไปหรือมีการนัดรับ/ตรวจสอบได้
491,บัญชีคุณถูกระงับ กรุณายืนยันตัวตนทันทีที่ tu-form.example.invalid ‼️📌,scam,phishing,0.99,emoji,SMS,1,0,1,1,0,1,0,0,69,emoji,พบคำเกี่ยวกับ OTP/ยืนยันตัวตน; มีลิงก์หรือการชวนคลิกลิงก์; มีคำเร่งเร้า
492,กดลิงก์รับเงินคืนค่าธรรมเนียมการศึกษา  example.invalid/verify ส่งในกลุ่มได้เลย,scam,refund_scam,0.85,slang,TU Marketplace,1,0,0,1,1,0,1,0,78,spacing_noise,พบคำเกี่ยวกับ OTP/ยืนยันตัวตน; มีลิงก์หรือการชวนคลิกลิงก์; มีบริบทเกี่ยวกับเงิน/โอน/บัญชี
493,พัสดุติดปัญหา ชำระค่าธรรมเนียมที่ bit.ly/example_fake เพื่อรับของ ‼️,scam,delivery_scam,0.88,formal,X/Twitter,1,0,0,0,0,0,0,0,68,emoji,มีลิงก์หรือการชวนคลิกลิงก์
494,พัสดุติดปัญหา ชำระค่าธรรมเนียมที่ forms.example.invalid/fake เพื่อรับของ ok? ทัก DM,scam,delivery_scam,0.98,emoji,Discord,1,0,0,0,0,0,0,0,83,thai_english_mix,มีลิงก์หรือการชวนคลิกลิงก์
495,มีใครขายชีท CS254 บ้างครับ 👍 line: @fakeid,normal,tu_general,0.05,formal,Web Form,0,0,0,0,0,0,0,0,42,emoji,บริบททั่วไปหรือมีการนัดรับ/ตรวจสอบได้
496,มีใครขายชีท CS222 บ้างครับ now,normal,tu_general,0.16,formal,Facebook Group,0,0,0,0,0,1,0,0,30,thai_english_mix,มีคำเร่งเร้า; บริบททั่วไปหรือมีการนัดรับ/ตรวจสอบได้
497,คุณได้รับสิทธิ์ทุนพิเศษ โอนค่าดำเนินการ 500 บาทก่อนรับทุน 🚨‼️,scam,fake_scholarship,0.81,casual,Facebook Group,0,0,0,0,1,0,1,0,61,emoji,มีบริบทเกี่ยวกับเงิน/โอน/บัญชี
498,มีคนขอรหัสยืนยัน บอกว่าเป็นแอดมินกลุ่ม 🙏🔥,suspicious,otp_risk,0.5,thai_english_mix,TU Marketplace,0,0,0,1,0,0,0,0,41,emoji,พบคำเกี่ยวกับ OTP/ยืนยันตัวตน; มีสัญญาณเสี่ยงแต่หลักฐานยังไม่ชัด
499,รีบโอนก่อนนะ เหลือคนเดียวแล้ว 📌🥺,suspicious,marketplace_risk,0.57,thai_english_mix,Email,0,0,0,0,1,1,0,0,32,emoji,มีคำเร่งเร้า; มีบริบทเกี่ยวกับเงิน/โอน/บัญชี; มีสัญญาณเสี่ยงแต่หลักฐานยังไม่ชัด
500,รีบโอนก่อนนะ เหลือคนเดียวแล้ว ok? ส่งในกลุ่มได้เลย,suspicious,marketplace_risk,0.48,emoji,Email,0,0,0,0,1,1,0,0,50,thai_english_mix,มีคำเร่งเร้า; มีบริบทเกี่ยวกับเงิน/โอน/บัญชี; มีสัญญาณเสี่ยงแต่หลักฐานยังไม่ชัด
501,นัดรับหน้า บร.2 ได้ครับ สะดวกช่วงเย็น DM me,normal,tu_marketplace,0.04,emoji,Email,0,0,0,0,0,0,0,0,43,thai_english_mix,บริบททั่วไปหรือมีการนัดรับ/ตรวจสอบได้
502,Your account has been suspended verify now example.invalid/verify verify pls,scam,phishing,0.89,casual,Web Form,1,0,0,1,0,1,0,0,76,thai_english_mix,พบคำเกี่ยวกับ OTP/ยืนยันตัวตน; มีลิงก์หรือการชวนคลิกลิงก์; มีคำเร่งเร้า
503,ระบบแจ้งให้ยืนยันข้อมูลบางอย่างภายในวันนี้ 🚨😅,suspicious,phishing_risk,0.61,casual,Web Form,0,0,0,0,0,1,0,0,45,emoji,มีคำเร่งเร้า; มีสัญญาณเสี่ยงแต่หลักฐานยังไม่ชัด
504,ทักไลน์อย่างเดียวครับ ไม่ค่อยตอบในกลุ่ม ⚠️🔥,suspicious,marketplace_risk,0.75,thai_english_mix,X/Twitter,0,0,0,0,0,0,0,0,43,emoji,มีสัญญาณเสี่ยงแต่หลักฐานยังไม่ชัด
505,คลิกลิงก์นี้เพื่อยืนยันบัญชีนักศึกษา [URL] 👍,scam,phishing,0.92,short_message,SMS,1,0,1,0,0,0,0,0,44,emoji,มีลิงก์หรือการชวนคลิกลิงก์
506,มีคนจองหลายคน ถ้าเอาโอนมัดจำมาก่อนได้เลย ‼️💸,suspicious,marketplace_risk,0.69,slang,Discord,0,0,0,0,1,0,0,0,44,emoji,มีบริบทเกี่ยวกับเงิน/โอน/บัญชี; มีสัญญาณเสี่ยงแต่หลักฐานยังไม่ชัด
507,ขาย iPad ใช้เรียน นัดรับในมอได้ เช็คของก่อนจ่าย ✅💬,normal,tu_marketplace,0.11,emoji,Facebook Group,0,0,0,0,0,0,0,0,50,emoji,บริบททั่วไปหรือมีการนัดรับ/ตรวจสอบได้
508,มีลิงก์ Google Meet สำหรับประชุมไหมครับ,normal,meeting,0.28,slang,Web Form,1,0,0,0,0,0,0,0,39,none,มีลิงก์หรือการชวนคลิกลิงก์; บริบททั่วไปหรือมีการนัดรับ/ตรวจสอบได้
509,เจ้าหน้าที่มหาลัยขอ username password เพื่อตรวจสอบสถานะ 🔥👍,scam,impersonation,0.86,slang,IG DM,0,0,0,0,0,0,0,0,58,emoji,
510,รีบโอนก่อนนะ เหลือคนเดียวแล้ว 💬😅,suspicious,marketplace_risk,0.7,formal,Email,0,0,0,0,1,1,0,0,32,emoji,มีคำเร่งเร้า; มีบริบทเกี่ยวกับเงิน/โอน/บัญชี; มีสัญญาณเสี่ยงแต่หลักฐานยังไม่ชัด
511,มีใครขายชีท SC135 บ้างครับ 🙏📌 ทัก DM,normal,tu_general,0.13,slang,Discord,0,0,0,0,0,0,0,0,36,emoji,บริบททั่วไปหรือมีการนัดรับ/ตรวจสอบได้
512,ระบบ TU แจ้งเตือน ให้ update password ผ่าน forms.example.invalid/fake ด่วน 🚨,scam,phishing,0.85,formal,Email,1,0,0,0,0,1,0,0,76,emoji,มีลิงก์หรือการชวนคลิกลิงก์; มีคำเร่งเร้า
513,รับทุนการศึกษาเร่งด่วน กรอกข้อมูลและเลขบชที่ bit.ly/example_fake,scam,fake_scholarship,0.87,short_message,Facebook Group,1,0,0,0,1,1,1,0,64,typo,มีลิงก์หรือการชวนคลิกลิงก์; มีคำเร่งเร้า; มีบริบทเกี่ยวกับเงิน/โอน/บัญชี
514,บัญชีคุณถูกระงับ กรุณายืนยัันตัวตนทันทีที่ forms.example.invalid/fake,scam,phishing,0.97,emoji,SMS,1,0,1,0,0,1,0,0,69,typo,มีลิงก์หรือการชวนคลิกลิงก์; มีคำเร่งเร้า
515, รุ่นพี่ฝากบอกให้โอนค่าชีทด่วน  ไม่งั้นหมดสิทธิ์ ,scam,tu_scam,0.86,thai_english_mix,TU Marketplace,0,0,0,0,1,1,0,0,49,spacing_noise,มีคำเร่งเร้า; มีบริบทเกี่ยวกับเงิน/โอน/บัญชี
516,เจ้าหน้าที่มหาลัยขอ username password เพื่อตรวจสอบสถานะ 💸 ส่งในกลุ่มได้เลย,scam,impersonation,0.8,casual,IG DM,0,0,0,0,0,0,0,0,74,emoji,
517,ขอเลขบัญชีพร้อมเพย์หน่อยครับ จะโอนค่าชีท 👍‼️,normal,tu_marketplace,0.3,emoji,TU Marketplace,0,0,1,0,1,0,0,0,44,emoji,มีบริบทเกี่ยวกับเงิน/โอน/บัญชี; บริบททั่วไปหรือมีการนัดรับ/ตรวจสอบได้
518,คุณได้รับสิทธิ์ทุนพิเศษ โอนค่าดำเนินการ 1500 บาทก่อนรับทุน now,scam,fake_scholarship,0.83,thai_english_mix,Web Form,0,0,0,0,1,1,1,0,62,thai_english_mix,มีคำเร่งเร้า; มีบริบทเกี่ยวกับเงิน/โอน/บัญชี
519,รับทุนการศึกษาเร่งด่วน กรอกข้อมูลและเลขบัญชีที่ bit.ly/example_fake 💸 line: @fakeid,scam,fake_scholarship,0.95,emoji,LINE,1,0,1,0,1,1,1,0,83,emoji,มีลิงก์หรือการชวนคลิกลิงก์; มีคำเร่งเร้า; มีบริบทเกี่ยวกับเงิน/โอน/บัญชี
520,รีบโอนก่อนนะ เหลือคนเดียวแล้ว 💬📌,suspicious,marketplace_risk,0.66,casual,Web Form,0,0,0,0,1,1,0,0,32,emoji,มีคำเร่งเร้า; มีบริบทเกี่ยวกับเงิน/โอน/บัญชี; มีสัญญาณเสี่ยงแต่หลักฐานยังไม่ชัด
521,ขอแนวข้อสอบ SC135 หน่อยครับ verify pls,normal,tu_general,0.14,casual,TU Marketplace,0,0,0,1,0,0,0,0,38,thai_english_mix,พบคำเกี่ยวกับ OTP/ยืนยันตัวตน; บริบททั่วไปหรือมีการนัดรับ/ตรวจสอบได้
522,ทักไลน์อย่างเดียวครับ ไม่ค่อยตอบในกลุ่ม ‼️👍 inbox ได้,suspicious,marketplace_risk,0.46,slang,Facebook Group,0,0,0,0,0,0,0,0,53,emoji,มีสัญญาณเสี่ยงแต่หลักฐานยังไม่ชัด
523,มีใครขายชีท CS251 บ้างครับ 🙏,normal,tu_general,0.02,emoji,IG DM,0,0,0,0,0,0,0,0,28,emoji,บริบททั่วไปหรือมีการนัดรับ/ตรวจสอบได้
524,ใครเจอบัตรนักศึกษาที่ บร.2 ทักมาหน่อยครับ pls,normal,tu_general,0.28,thai_english_mix,SMS,0,0,0,0,0,0,0,0,45,thai_english_mix,บริบททั่วไปหรือมีการนัดรับ/ตรวจสอบได้
525,กดลิงก์รับเงินคืนค่าธรรมเนียมการศึกษา [URL] verify pls,scam,refund_scam,0.9,formal,LINE,1,0,0,1,1,0,1,0,54,thai_english_mix,พบคำเกี่ยวกับ OTP/ยืนยันตัวตน; มีลิงก์หรือการชวนคลิกลิงก์; มีบริบทเกี่ยวกับเงิน/โอน/บัญชี
526,มีใครขายชีท SC135 บ้างครับ ok? ส่งในกลุ่มได้เลย,normal,tu_general,0.26,formal,IG DM,0,0,0,0,0,0,0,0,47,thai_english_mix,บริบททั่วไปหรือมีการนัดรับ/ตรวจสอบได้
527,ใครเจอบัตรนักศึกษาที่ BRT ทักมาหน่อยครับ ทัก DM,normal,tu_general,0.16,formal,SMS,0,0,0,0,0,0,0,0,47,none,บริบททั่วไปหรือมีการนัดรับ/ตรวจสอบได้
528,ส่งเลขบัญชีมา เด๋วโอนค่าหนังสือให้ครับ,normal,tu_marketplace,0.18,casual,X/Twitter,0,0,1,0,1,0,0,0,38,typo,มีบริบทเกี่ยวกับเงิน/โอน/บัญชี; บริบททั่วไปหรือมีการนัดรับ/ตรวจสอบได้
529,มีใครขายชีท SC135 บ้างครับ line: @fakeid,normal,tu_general,0.16,casual,Discord,0,0,0,0,0,0,0,0,40,none,บริบททั่วไปหรือมีการนัดรับ/ตรวจสอบได้
530,รับซื้อเครื่องคิดเลขมือสอง ขอราคาไม่แรง inbox ได้,normal,tu_marketplace,0.24,short_message,Web Form,0,0,0,0,0,0,0,0,49,none,บริบททั่วไปหรือมีการนัดรับ/ตรวจสอบได้
531,บอกว่ามีทุนพิเศษแต่ต้องรีบกรอกข้อมูล ส่งในกลุ่มได้เลย,suspicious,tu_scam_risk,0.56,short_message,X/Twitter,0,0,0,0,1,1,1,0,53,none,มีคำเร่งเร้า; มีบริบทเกี่ยวกับเงิน/โอน/บัญชี; มีสัญญาณเสี่ยงแต่หลักฐานยังไม่ชัด
532,ไม่สะดวกนัดรับ ขอส่งอย่างเดียว โอนก่อนส่งนะ ✅🔥,suspicious,marketplace_risk,0.66,short_message,Email,0,0,0,0,1,0,0,0,46,emoji,มีบริบทเกี่ยวกับเงิน/โอน/บัญชี; มีสัญญาณเสี่ยงแต่หลักฐานยังไม่ชัด
533,สมัครงาน part-time online จ่ายค่าสมัครก่อน 1500 แล้วเริ่มงานได้เลย 👍✅,scam,job_scam,0.89,casual,SMS,0,0,0,0,0,0,0,1,69,emoji,มีบริบทสมัครงาน/รายได้
534,เจ้าหน้าที่มหาลัยขอ username password เพื่อตรวจสอบสถานะ ‼️✨,scam,impersonation,0.9,formal,Facebook Group,0,0,0,0,0,0,0,0,59,emoji,
535,งานออนไลน์รายได้สูงมาก ไม่ต้องสัมภาษณ์ แค่ทักแชท ✅💸 ทัก DM,suspicious,job_risk,0.51,short_message,TU Marketplace,0,0,0,0,1,0,0,1,58,emoji,มีบริบทเกี่ยวกับเงิน/โอน/บัญชี; มีบริบทสมัครงาน/รายได้; มีสัญญาณเสี่ยงแต่หลักฐานยังไม่ชัด
536,เจ้าหน้าที่มหาลัยขอ username password เพื่อตรวจสอบสถานะ ok? line: @fakeid,scam,impersonation,0.95,casual,TU Marketplace,0,0,0,0,0,0,0,0,73,thai_english_mix,
537,สมัครงานง่ายๆ ได้เงินเร็ว แต่ต้องจ่ายค่าสมัครก่อน 💬⚠️,suspicious,job_risk,0.64,emoji,Discord,0,0,0,0,1,0,0,1,53,emoji,มีบริบทเกี่ยวกับเงิน/โอน/บัญชี; มีบริบทสมัครงาน/รายได้; มีสัญญาณเสี่ยงแต่หลักฐานยังไม่ชัด
538,กรุณายืนยัน OTP เพื่อปลดล็อกบัญชีทันที now ส่งในกลุ่มได้เลย,scam,otp,0.99,formal,LINE,0,0,1,1,0,1,0,0,59,thai_english_mix,พบคำเกี่ยวกับ OTP/ยืนยันตัวตน; มีคำเร่งเร้า
539,ของถูกมาก แต่ต้องจองภายในวันนี้ 💸✅,suspicious,marketplace_risk,0.71,short_message,X/Twitter,0,0,0,0,0,1,0,0,34,emoji,มีคำเร่งเร้า; มีสัญญาณเสี่ยงแต่หลักฐานยังไม่ชัด
540,คลิกลิงก์นี้เพื่อยืนยันบัญชีนักศึกษา tu-form.example.invalid pls,scam,phishing,0.91,formal,Facebook Group,1,0,1,0,0,0,0,0,64,thai_english_mix,มีลิงก์หรือการชวนคลิกลิงก์
541,โปรไฟล์ใหม่มาก แต่บอกว่าเป็นเจ้าหน้าที่มหาลัย 🥺✅,suspicious,impersonation_risk,0.53,slang,Web Form,0,0,0,0,0,0,0,0,48,emoji,มีสัญญาณเสี่ยงแต่หลักฐานยังไม่ชัด
542,วันนี้ห้องเรียน หอสมุดป๋วย เปิดไหมครับ ⚠️,normal,tu_general,0.12,short_message,Web Form,0,0,0,0,0,0,0,0,41,emoji,บริบททั่วไปหรือมีการนัดรับ/ตรวจสอบได้
543,พัสดุติดปัญหา ชำระค่าธรรมเนียมที่ forms.example.invalid/fake เพื่อรับของ 🥺,scam,delivery_scam,0.87,slang,TU Marketplace,1,0,0,0,0,0,0,0,74,emoji,มีลิงก์หรือการชวนคลิกลิงก์
544, ราคาถูกกว่าปกติมาก  แต่ไม่ให้วิดีโอคอลดูของ ,suspicious,marketplace_risk,0.54,casual,Facebook Group,0,0,0,0,0,0,0,0,45,spacing_noise,มีสัญญาณเสี่ยงแต่หลักฐานยังไม่ชัด
545,วันนี้ห้องเรียน SC3 เปิดไหมครับ 🙏💬,normal,tu_general,0.07,formal,Web Form,0,0,0,0,0,0,0,0,34,emoji,บริบททั่วไปหรือมีการนัดรับ/ตรวจสอบได้
546,เจ้าหน้าที่มหาลัยขอ username password เพื่อตรวจสอบสถานะ 🚨‼️,scam,impersonation,0.92,slang,Web Form,0,0,0,0,0,0,0,0,59,emoji,
547,แอดมินคณะขอค่าจองสิทธิ์สอบ โอนมาที่ พร้อมเพย์ 08x-xxx-xxxx ภายในวันนี้ ok?,scam,tu_scam,0.8,slang,X/Twitter,0,1,1,0,1,1,0,0,74,thai_english_mix,มีคำเร่งเร้า; มีบริบทเกี่ยวกับเงิน/โอน/บัญชี
548,กดลิงก์รับเงินคืนค่าธรรมเนียมการศึกษา forms.example.invalid/fake,scam,refund_scam,0.92,short_message,X/Twitter,1,0,0,0,1,0,1,0,64,none,มีลิงก์หรือการชวนคลิกลิงก์; มีบริบทเกี่ยวกับเงิน/โอน/บัญชี
549,มีลิงก์ Google Meet สำหรับประชุมไหมครับ ✅,normal,meeting,0.28,casual,LINE,1,0,0,0,0,0,0,0,41,emoji,มีลิงก์หรือการชวนคลิกลิงก์; บริบททั่วไปหรือมีการนัดรับ/ตรวจสอบได้
550,ของถูกมาก แต่ต้องจองภายในวันนี้ 🥺🔥,suspicious,marketplace_risk,0.74,slang,TU Marketplace,0,0,0,0,0,1,0,0,34,emoji,มีคำเร่งเร้า; มีสัญญาณเสี่ยงแต่หลักฐานยังไม่ชัด
551,โปรไฟล์ใหม่มาก แต่บอกว่าเป็นเจ้าหน้าที่มหาลัย 🚨💸,suspicious,impersonation_risk,0.5,slang,Web Form,0,0,0,0,0,0,0,0,48,emoji,มีสัญญาณเสี่ยงแต่หลักฐานยังไม่ชัด
552,ขายหนังสือ MA211 มือสอง นัดรับ บร.2 ได้ now,normal,tu_marketplace,0.19,casual,Web Form,0,0,0,0,0,1,0,0,43,thai_english_mix,มีคำเร่งเร้า; บริบททั่วไปหรือมีการนัดรับ/ตรวจสอบได้
553,คลิกลิงก์นี้เพื่อยืนยันบัญชีนักศึกษา forms.example.invalid/fake 🚨,scam,phishing,0.84,emoji,LINE,1,0,1,0,0,0,0,0,65,emoji,มีลิงก์หรือการชวนคลิกลิงก์
554,ของอยู่ต่างจังหวัด โอนก่อนส่งเท่านั้น ราคาพิเศษถึงวันนี้ 🙏,scam,marketplace_scam,0.92,slang,IG DM,0,0,0,0,1,0,0,0,58,emoji,มีบริบทเกี่ยวกับเงิน/โอน/บัญชี
555,ใครเจอบัตรนักศึกษาที่ โรงอาหารกลาง ทักมาหน่อยครับ 🥺🙏,normal,tu_general,0.06,slang,IG DM,0,0,0,0,0,0,0,0,52,emoji,บริบททั่วไปหรือมีการนัดรับ/ตรวจสอบได้
556,มีลิงก์ให้กรอกข้อมูลเพื่อรับสิทธิ์ ลองเช็คก่อนนะ 😅🚨,suspicious,phishing_risk,0.71,emoji,TU Marketplace,1,0,0,0,0,0,0,0,51,emoji,มีลิงก์หรือการชวนคลิกลิงก์; มีสัญญาณเสี่ยงแต่หลักฐานยังไม่ชัด
557,มีลิงก์ Google Meet สำหรับประชุมไหมครับ 💸😅,normal,meeting,0.07,formal,X/Twitter,1,0,0,0,0,0,0,0,42,emoji,มีลิงก์หรือการชวนคลิกลิงก์; บริบททั่วไปหรือมีการนัดรับ/ตรวจสอบได้
558,มีลิงก์ให้กรอกข้อมูลเพื่อรับสิทธิ์ ลองเช็คก่อนนะะะ ทัก DM,suspicious,phishing_risk,0.75,formal,X/Twitter,1,0,0,0,0,0,0,0,57,repeat_chars,มีลิงก์หรือการชวนคลิกลิงก์; มีสัญญาณเสี่ยงแต่หลักฐานยังไม่ชัด
559,ของถูกมาก แต่ต้องจองภายในวันนี้ 🙏💸,suspicious,marketplace_risk,0.65,emoji,Web Form,0,0,0,0,0,1,0,0,34,emoji,มีคำเร่งเร้า; มีสัญญาณเสี่ยงแต่หลักฐานยังไม่ชัด
560,บอกว่ามีทุนพิเศษแต่ต้องรีบกรอกข้อมูล 🚨✨,suspicious,tu_scam_risk,0.56,casual,Facebook Group,0,0,0,0,1,1,1,0,39,emoji,มีคำเร่งเร้า; มีบริบทเกี่ยวกับเงิน/โอน/บัญชี; มีสัญญาณเสี่ยงแต่หลักฐานยังไม่ชัด
561,รับทุนการศึกษาเร่งด่วนนน กรอกข้อมูลและเลขบัญชีที่ forms.example.invalid/fake ทัก DM,scam,fake_scholarship,0.86,casual,TU Marketplace,1,0,1,0,1,1,1,0,83,repeat_chars,มีลิงก์หรือการชวนคลิกลิงก์; มีคำเร่งเร้า; มีบริบทเกี่ยวกับเงิน/โอน/บัญชี
562,รับซื้อเครื่องคิดเลขมือสอง ขอราคาไม่แรง 💸😅,normal,tu_marketplace,0.23,short_message,LINE,0,0,0,0,0,0,0,0,42,emoji,บริบททั่วไปหรือมีการนัดรับ/ตรวจสอบได้
563,คลิกลิ้งนี้เพื่อยืนยันบชนักศึกษา tu-form.example.invalid inbox ได้,scam,phishing,0.81,casual,Email,1,0,0,0,0,0,0,0,66,typo,มีลิงก์หรือการชวนคลิกลิงก์
564,เจ้าหน้าที่มหาลัยขอ username password เพื่อตรวจสอบสถานะ ส่งในกลุ่มได้เลย,scam,impersonation,0.84,short_message,Web Form,0,0,0,0,0,0,0,0,72,none,
565,ขอแนวข้อสอบ MA211 หน่อยครับ now,normal,tu_general,0.24,slang,X/Twitter,0,0,0,0,0,1,0,0,31,thai_english_mix,มีคำเร่งเร้า; บริบททั่วไปหรือมีการนัดรับ/ตรวจสอบได้
566,มีลิงก์ Google Meet สำหรับประชุมไหมครับ ⚠️🔥,normal,meeting,0.22,thai_english_mix,IG DM,1,0,0,0,0,0,0,0,43,emoji,มีลิงก์หรือการชวนคลิกลิงก์; บริบททั่วไปหรือมีการนัดรับ/ตรวจสอบได้
567,ขายหนังสือ MA211 มือสอง นัดรับ BRT ได้ ⚠️,normal,tu_marketplace,0.13,thai_english_mix,LINE,0,0,0,0,0,0,0,0,41,emoji,บริบททั่วไปหรือมีการนัดรับ/ตรวจสอบได้
568,ไม่สะดวกนัดรับ ขอส่งอย่างเดียว โอนก่อนส่งนะ now inbox ได้,suspicious,marketplace_risk,0.49,formal,X/Twitter,0,0,0,0,1,1,0,0,57,thai_english_mix,มีคำเร่งเร้า; มีบริบทเกี่ยวกับเงิน/โอน/บัญชี; มีสัญญาณเสี่ยงแต่หลักฐานยังไม่ชัด
569,ขายหนังสือ CS254 มือสอง นัดรับ ประตูเชียงราก ได้,normal,tu_marketplace,0.12,formal,X/Twitter,0,0,0,0,0,0,0,0,48,repeat_chars,บริบททั่วไปหรือมีการนัดรับ/ตรวจสอบได้
570,job online รายได้สูง ไม่ต้องมีประสบการณ์ โอนค่าประกันก่อนเริ่มงาน pls,scam,job_scam,0.96,thai_english_mix,SMS,0,0,0,0,1,0,0,1,69,thai_english_mix,มีบริบทเกี่ยวกับเงิน/โอน/บัญชี; มีบริบทสมัครงาน/รายได้
571,แอดมินคณะขอค่าจองงสิทธิ์สอบ โอนมาที่ บัญชี xxx123 ภายในวันนี้,scam,tu_scam,0.89,short_message,X/Twitter,0,0,1,0,1,1,0,0,61,repeat_chars,มีคำเร่งเร้า; มีบริบทเกี่ยวกับเงิน/โอน/บัญชี
572,ขาย iPad ใช้เรียน นัดรับในมอได้ เช็คของก่อนจ่าย DM me inbox ได้,normal,tu_marketplace,0.06,short_message,TU Marketplace,0,0,0,0,0,0,0,0,63,thai_english_mix,บริบททั่วไปหรือมีการนัดรับ/ตรวจสอบได้
573,คลิกลิงก์นี้เพื่อยืนยันบัญชีนักศึกษา  bit.ly/example_fake inbox ได้,scam,phishing,0.93,short_message,IG DM,1,0,1,0,0,0,0,0,67,spacing_noise,มีลิงก์หรือการชวนคลิกลิงก์
574,อ้างว่าเป็นรุ่นพี่คณะ ขอให้โอนเงินช่วยจองสิทธิ์ pls ส่งในกลุ่มได้เลย,suspicious,tu_scam_risk,0.67,short_message,TU Marketplace,0,0,0,0,1,0,0,0,68,thai_english_mix,มีบริบทเกี่ยวกับเงิน/โอน/บัญชี; มีสัญญาณเสี่ยงแต่หลักฐานยังไม่ชัด
575,บอกว่ามีทุนพิเศษแต่ต้องรีบกรอกข้อมูล 💬,suspicious,tu_scam_risk,0.71,formal,X/Twitter,0,0,0,0,1,1,1,0,38,emoji,มีคำเร่งเร้า; มีบริบทเกี่ยวกับเงิน/โอน/บัญชี; มีสัญญาณเสี่ยงแต่หลักฐานยังไม่ชัด
576,ขอโอนเต็มก่อน เดี๋ยวส่งเลขพัสดุให้ 😅⚠️,suspicious,marketplace_risk,0.48,thai_english_mix,IG DM,0,0,0,0,1,0,0,0,38,emoji,มีบริบทเกี่ยวกับเงิน/โอน/บัญชี; มีสัญญาณเสี่ยงแต่หลักฐานยังไม่ชัด
577,สมัครงานง่ายๆ ได้เงินเร็ว แต่ต้องจ่ายค่าสมัครก่อน 🙏💸 ทัก DM,suspicious,job_risk,0.45,casual,TU Marketplace,0,0,0,0,1,0,0,1,59,emoji,มีบริบทเกี่ยวกับเงิน/โอน/บัญชี; มีบริบทสมัครงาน/รายได้; มีสัญญาณเสี่ยงแต่หลักฐานยังไม่ชัด
578,ร้านกาแฟแถวรังสิตรับพาร์ทไทม์ ชั่วโมงละ 70 บาท มีสัมภาษณ์หน้าร้าน 🙏,normal,tu_job_real,0.23,thai_english_mix,X/Twitter,0,0,0,0,1,0,0,1,67,emoji,มีบริบทเกี่ยวกับเงิน/โอน/บัญชี; มีบริบทสมัครงาน/รายได้; บริบททั่วไปหรือมีการนัดรับ/ตรวจสอบได้
579,โอนมัดจำค่าหอ 100 บาทได้ไหมครับ 📌,normal,tu_marketplace,0.08,thai_english_mix,SMS,0,0,0,0,1,0,0,0,33,emoji,มีบริบทเกี่ยวกับเงิน/โอน/บัญชี; บริบททั่วไปหรือมีการนัดรับ/ตรวจสอบได้
580,สมัครงานง่ายๆ ได้เงินเร็ว แต่ต้องจ่ายค่าสมัครก่อน ‼️,suspicious,job_risk,0.64,casual,Email,0,0,0,0,1,0,0,1,52,emoji,มีบริบทเกี่ยวกับเงิน/โอน/บัญชี; มีบริบทสมัครงาน/รายได้; มีสัญญาณเสี่ยงแต่หลักฐานยังไม่ชัด
581,งานออนไลน์ได้เงินวันละ 8000 ไม่ต้องสัมภาษณ์ สมัครด่วน ✨💸,scam,job_scam,0.84,short_message,SMS,0,0,0,0,1,1,0,1,56,emoji,มีคำเร่งเร้า; มีบริบทเกี่ยวกับเงิน/โอน/บัญชี; มีบริบทสมัครงาน/รายได้
582,ใครเจอบัตรนักศึกษาที่ คณะวิทย์ ทักมาหน่อยครับ ส่งในกลุ่มได้เลย,normal,tu_general,0.05,casual,TU Marketplace,0,0,0,0,0,0,0,0,62,none,บริบททั่วไปหรือมีการนัดรับ/ตรวจสอบได้
583, บัญชีคุณถูกระงับ  กรุณายืนยันตัวตนทันทีที่  forms.example.invalid/fake ,scam,phishing,0.87,thai_english_mix,TU Marketplace,1,0,1,1,0,1,0,0,72,spacing_noise,พบคำเกี่ยวกับ OTP/ยืนยันตัวตน; มีลิงก์หรือการชวนคลิกลิงก์; มีคำเร่งเร้า
584,ขอแนวข้อสอบ MA211 หน่อยครับบบ,normal,tu_general,0.17,casual,Facebook Group,0,0,0,0,0,0,0,0,29,repeat_chars,บริบททั่วไปหรือมีการนัดรับ/ตรวจสอบได้
585,โอนนเต็มก่อนเท่านั้น ไม่รับนัด ไม่รับวิดีโอคอล ส่งในกลุ่มได้เลย,scam,marketplace_scam,0.87,emoji,Facebook Group,0,0,0,0,1,0,0,0,63,typo,มีบริบทเกี่ยวกับเงิน/โอน/บัญชี
586,มีใครขายชีท EL171 บ้างครับ 💸🚨,normal,tu_general,0.17,casual,SMS,0,0,0,0,0,0,0,0,29,emoji,บริบททั่วไปหรือมีการนัดรับ/ตรวจสอบได้
587,พัสดุติดปัญหา  ชำระค่าธรรมเนียมที่  tu-form.example.invalid  เพื่อรับของ,scam,delivery_scam,0.85,short_message,TU Marketplace,1,0,0,0,0,0,0,0,72,spacing_noise,มีลิงก์หรือการชวนคลิกลิงก์
588,งานออนไลน์ได้เงินวันละ 8000 ไม่ต้องสัมภาษณ์ สมัครด่วน DM me ส่งในกลุ่มได้เลย,scam,job_scam,0.89,formal,X/Twitter,0,0,0,0,1,1,0,1,76,thai_english_mix,มีคำเร่งเร้า; มีบริบทเกี่ยวกับเงิน/โอน/บัญชี; มีบริบทสมัครงาน/รายได้
589,รับหิ้วของจากญี่ปุ่น สนใจทักได้ นัดรับได้ในมอ ⚠️,normal,tu_general,0.19,short_message,Facebook Group,0,0,0,0,0,0,0,0,48,emoji,บริบททั่วไปหรือมีการนัดรับ/ตรวจสอบได้
590,กรุณายืนยัน OTP เพื่อปลดล็อกบัญชีทันที 💬 inbox ได้,scam,otp,0.89,casual,TU Marketplace,0,0,1,1,0,1,0,0,50,emoji,พบคำเกี่ยวกับ OTP/ยืนยันตัวตน; มีคำเร่งเร้า
591,ขาย iPad ใช้เรียน นัดรับในมอได้ เช็คของก่อนจ่าย ส่งในกลุ่มได้เลย,normal,tu_marketplace,0.09,casual,Web Form,0,0,0,0,0,0,0,0,64,none,บริบททั่วไปหรือมีการนัดรับ/ตรวจสอบได้
592,Your account has been suspended verify now tu-form.example.invalid 😅,scam,phishing,0.87,emoji,Discord,1,0,0,1,0,1,0,0,68,emoji,พบคำเกี่ยวกับ OTP/ยืนยันตัวตน; มีลิงก์หรือการชวนคลิกลิงก์; มีคำเร่งเร้า
593,ทักไลน์อย่างเดียวครับ ไม่ค่อยตอบในกลุ่ม pls ส่งในกลุ่มได้เลย,suspicious,marketplace_risk,0.63,formal,TU Marketplace,0,0,0,0,0,0,0,0,60,thai_english_mix,มีสัญญาณเสี่ยงแต่หลักฐานยังไม่ชัด
594,งานออนไลน์รายได้สูงมาก ไม่ต้องสัมภาษณ์ แค่ทักแชท pls,suspicious,job_risk,0.57,thai_english_mix,Discord,0,0,0,0,1,0,0,1,52,thai_english_mix,มีบริบทเกี่ยวกับเงิน/โอน/บัญชี; มีบริบทสมัครงาน/รายได้; มีสัญญาณเสี่ยงแต่หลักฐานยังไม่ชัด
595,คลิกลิงก์นี้เพื่อยืนยันบัญชีนักศึกษา [URL] ASAP,scam,phishing,0.94,thai_english_mix,Discord,1,0,1,0,0,0,0,0,47,thai_english_mix,มีลิงก์หรือการชวนคลิกลิงก์
596,มีใครขายชีท CS332 บ้างครับ ส่งในกลุ่มได้เลย,normal,tu_general,0.08,formal,Web Form,0,0,0,0,0,0,0,0,43,none,บริบททั่วไปหรือมีการนัดรับ/ตรวจสอบได้
597,Your account has been suspended verify now forms.example.invalid/fake ASAP,scam,phishing,0.85,slang,IG DM,1,0,0,1,0,1,0,0,74,thai_english_mix,พบคำเกี่ยวกับ OTP/ยืนยันตัวตน; มีลิงก์หรือการชวนคลิกลิงก์; มีคำเร่งเร้า
598, กรุณายืนยัน  OTP  เพื่อปลดล็อกบัญชีทันที  ทัก DM,scam,otp,0.88,casual,Facebook Group,0,0,1,1,0,1,0,0,49,spacing_noise,พบคำเกี่ยวกับ OTP/ยืนยันตัวตน; มีคำเร่งเร้า
599,ทักไลน์อย่างเดียวครับ ไม่ค่อยตอบในกลุ่ม verify pls,suspicious,marketplace_risk,0.5,formal,LINE,0,0,0,1,0,0,0,0,50,thai_english_mix,พบคำเกี่ยวกับ OTP/ยืนยันตัวตน; มีสัญญาณเสี่ยงแต่หลักฐานยังไม่ชัด
600,กดลิงก์รับเงินคืนค่าธรรมเนียมการศึกษา [URL] DM me,scam,refund_scam,0.92,casual,Discord,1,0,0,0,1,0,1,0,49,thai_english_mix,มีลิงก์หรือการชวนคลิกลิงก์; มีบริบทเกี่ยวกับเงิน/โอน/บัญชี
601,กดลิงก์รับเงินคืนค่าธรรมเนียมการศึกษา example.invalid/verify ⚠️🔥,scam,refund_scam,0.91,thai_english_mix,Facebook Group,1,0,0,1,1,0,1,0,64,emoji,พบคำเกี่ยวกับ OTP/ยืนยันตัวตน; มีลิงก์หรือการชวนคลิกลิงก์; มีบริบทเกี่ยวกับเงิน/โอน/บัญชี
602,มีลิงก์ให้กรอกข้อมูลเพื่อรับสิทธิ์ ลองเช็คก่อนนะ ⚠️💬,suspicious,phishing_risk,0.65,emoji,Discord,1,0,0,0,0,0,0,0,52,emoji,มีลิงก์หรือการชวนคลิกลิงก์; มีสัญญาณเสี่ยงแต่หลักฐานยังไม่ชัด
603,ระบบแจ้งให้ยืนยันข้อมูลบางอย่างภายในวันนี้ 🙏💬,suspicious,phishing_risk,0.72,casual,Web Form,0,0,0,0,0,1,0,0,45,emoji,มีคำเร่งเร้า; มีสัญญาณเสี่ยงแต่หลักฐานยังไม่ชัด
604,กรุณายืนยัน OTP เพื่อปลดล็อกบัญชีทันที ส่งในกลุ่มได้เลย,scam,otp,0.91,formal,Web Form,0,0,1,1,0,1,0,0,55,none,พบคำเกี่ยวกับ OTP/ยืนยันตัวตน; มีคำเร่งเร้า
605,อ้างว่าเป็นรุ่นพี่คณะ ขอให้โอนเงินช่วยจองสิทธิ์ ‼️🚨,suspicious,tu_scam_risk,0.66,formal,TU Marketplace,0,0,0,0,1,0,0,0,51,emoji,มีบริบทเกี่ยวกับเงิน/โอน/บัญชี; มีสัญญาณเสี่ยงแต่หลักฐานยังไม่ชัด
606,ใครเจอบัตรนักศึกษาที่ หน้าโดม ทักมาหน่อยคับ,normal,tu_general,0.13,short_message,LINE,0,0,0,0,0,0,0,0,43,typo,บริบททั่วไปหรือมีการนัดรับ/ตรวจสอบได้
607,รีบโอนก่อนนะ เหลือคนเดียวแล้ว 💸👍,suspicious,marketplace_risk,0.64,short_message,IG DM,0,0,0,0,1,1,0,0,32,emoji,มีคำเร่งเร้า; มีบริบทเกี่ยวกับเงิน/โอน/บัญชี; มีสัญญาณเสี่ยงแต่หลักฐานยังไม่ชัด
608,มีใครขายชีท CS254 บ้างคับ,normal,tu_general,0.15,casual,Discord,0,0,0,0,0,0,0,0,25,typo,บริบททั่วไปหรือมีการนัดรับ/ตรวจสอบได้
609,พัสดุติดปัญหา ชำระค่าธรรมเนียมที่ [URL] เพื่อรับของ 🙏⚠️,scam,delivery_scam,0.97,thai_english_mix,Discord,1,0,0,0,0,0,0,0,55,emoji,มีลิงก์หรือการชวนคลิกลิงก์
610,ราคาถูกกว่าปกติมาก แต่ไม่ให้วิดีโอคอลดูของ ⚠️ ส่งในกลุ่มได้เลย,suspicious,marketplace_risk,0.47,casual,IG DM,0,0,0,0,0,0,0,0,62,emoji,มีสัญญาณเสี่ยงแต่หลักฐานยังไม่ชัด
611,กดลิงก์รับเงินคืนค่าธรรมเนียมการศึกษา tu-form.example.invalid ⚠️,scam,refund_scam,0.97,short_message,Web Form,1,0,0,0,1,0,1,0,64,emoji,มีลิงก์หรือการชวนคลิกลิงก์; มีบริบทเกี่ยวกับเงิน/โอน/บัญชี
612,บัญชีนี้ของแฟนเราเอง ปลอดภัยแน่นอน โอนมาเลย 💬,scam,marketplace_scam,0.87,emoji,Email,0,0,1,0,1,0,0,0,45,emoji,มีบริบทเกี่ยวกับเงิน/โอน/บัญชี
613,โปรไฟล์ใหม่มาก แต่บอกว่าเป็นเจ้าหน้าที่มหาลัย 🙏 line: @fakeid,suspicious,impersonation_risk,0.67,thai_english_mix,LINE,0,0,0,0,0,0,0,0,61,emoji,มีสัญญาณเสี่ยงแต่หลักฐานยังไม่ชัด
614,อ้างว่าเป็นรุ่นพี่คณะ ขอให้โอนเงินช่วยจองสิทธิ์ 🥺💸 ทัก DM,suspicious,tu_scam_risk,0.57,slang,Facebook Group,0,0,0,0,1,0,0,0,57,emoji,มีบริบทเกี่ยวกับเงิน/โอน/บัญชี; มีสัญญาณเสี่ยงแต่หลักฐานยังไม่ชัด
615,ส่งรหัส OTP มาให้แอดมินเพื่อยืนยันตัวตนก่อนรับเงินคืน 😅,scam,otp,0.93,slang,Discord,0,0,0,1,1,0,1,0,55,emoji,พบคำเกี่ยวกับ OTP/ยืนยันตัวตน; มีบริบทเกี่ยวกับเงิน/โอน/บัญชี
616,"งานออนไลน์ได้เงินวันละ 10,000 ไม่ต้องสัมภาษณ์ สมัครด่วน DM me line: @fakeid",scam,job_scam,0.98,casual,Facebook Group,0,0,0,0,1,1,0,1,75,thai_english_mix,มีคำเร่งเร้า; มีบริบทเกี่ยวกับเงิน/โอน/บัญชี; มีบริบทสมัครงาน/รายได้
617,job online รายได้สูง ไม่ต้องมีประสบการณ์ โอนค่าประกันก่อนเริ่มงาน 😅 ทัก DM,scam,job_scam,0.95,slang,SMS,0,0,0,0,1,0,0,1,74,emoji,มีบริบทเกี่ยวกับเงิน/โอน/บัญชี; มีบริบทสมัครงาน/รายได้
618,ของอยู่ต่างจังหวัด โอนก่อนส่งเท่านั้น ราคาพิเศษถึงวันนี้ ส่งในกลุ่มได้เลย,scam,marketplace_scam,0.87,formal,Email,0,0,0,0,1,0,0,0,73,none,มีบริบทเกี่ยวกับเงิน/โอน/บัญชี
619,แอดมินคณะขอค่าจองสิทธิ์สอบ โอนมาที่ xxx-x-xxxxx-x ภายในวันนี้ 🥺💬 ทัก DM,scam,tu_scam,0.88,thai_english_mix,Discord,0,0,1,0,1,1,0,0,71,emoji,มีคำเร่งเร้า; มีบริบทเกี่ยวกับเงิน/โอน/บัญชี
620,มีลิงก์ให้กรอกข้อมูลเพื่อรับสิทธิ์ ลองเช็คก่อนนะ 🚨⚠️,suspicious,phishing_risk,0.6,thai_english_mix,SMS,1,0,0,0,0,0,0,0,52,emoji,มีลิงก์หรือการชวนคลิกลิงก์; มีสัญญาณเสี่ยงแต่หลักฐานยังไม่ชัด
621,บัญชีคุณถูกระงับ กรุณายืนยันตัวตนทันทีที่ tu-form.example.invalid 📌,scam,phishing,0.94,casual,IG DM,1,0,1,1,0,1,0,0,67,emoji,พบคำเกี่ยวกับ OTP/ยืนยันตัวตน; มีลิงก์หรือการชวนคลิกลิงก์; มีคำเร่งเร้า
622,ส่งเลขบัญชีมา เดี๋ยวโอนค่าหนังสือให้ครับ 🔥,normal,tu_marketplace,0.13,formal,LINE,0,0,1,0,1,0,0,0,42,emoji,มีบริบทเกี่ยวกับเงิน/โอน/บัญชี; บริบททั่วไปหรือมีการนัดรับ/ตรวจสอบได้
623,ส่งรหัส OTP มาให้แอดมินเพื่อยืนยันตัวตนก่อนรับเงินคืน 💬 ทัก DM,scam,otp,0.96,casual,IG DM,0,0,0,1,1,0,1,0,62,emoji,พบคำเกี่ยวกับ OTP/ยืนยันตัวตน; มีบริบทเกี่ยวกับเงิน/โอน/บัญชี
624,ขายหนังสือ SC135 มือสอง นัดรับ SC3 ได้,normal,tu_marketplace,0.18,casual,SMS,0,0,0,0,0,0,0,0,38,none,บริบททั่วไปหรือมีการนัดรับ/ตรวจสอบได้
625,ของอยู่ต่างจังหวัด โอนก่อนส่งเท่านั้น ราคาพิเศษถึงวันนี้ 🔥🙏,scam,marketplace_scam,0.94,thai_english_mix,X/Twitter,0,0,0,0,1,0,0,0,59,emoji,มีบริบทเกี่ยวกับเงิน/โอน/บัญชี
626,แอดมินคณะขอค่าจองสิทธิ์สอบ โอนมาที่ xxx-x-xxxxx-x ภายในวันนี้ ✨‼️,scam,tu_scam,0.82,formal,X/Twitter,0,0,1,0,1,1,0,0,65,emoji,มีคำเร่งเร้า; มีบริบทเกี่ยวกับเงิน/โอน/บัญชี
627,ระบบ TU แจ้งเตือน ให้ update password ผ่าน bit.ly/example_fake ด่วน ok? inbox ได้,scam,phishing,0.83,casual,IG DM,1,0,0,0,0,1,0,0,81,thai_english_mix,มีลิงก์หรือการชวนคลิกลิงก์; มีคำเร่งเร้า
628,หอพักแถวเชียงรากเดือนละไม่เกิน 4000 มีแนะนำไหม,normal,tu_general,0.11,casual,Email,0,0,0,0,0,0,0,0,46,none,บริบททั่วไปหรือมีการนัดรับ/ตรวจสอบได้
629,มีคนขอรหัสยืนยัน บอกว่าเป็นแอดมินกลุ่ม 😅🥺,suspicious,otp_risk,0.71,formal,Facebook Group,0,0,0,1,0,0,0,0,41,emoji,พบคำเกี่ยวกับ OTP/ยืนยันตัวตน; มีสัญญาณเสี่ยงแต่หลักฐานยังไม่ชัด
630,รหัสยืนยันถูกส่งไปแล้ว กรุณาแจ้งรหัสภายใน 5 นาที ✅🔥,scam,otp,0.88,casual,TU Marketplace,0,0,0,1,0,1,0,0,51,emoji,พบคำเกี่ยวกับ OTP/ยืนยันตัวตน; มีคำเร่งเร้า
631,มีใครขายชีท CS251 บ้างครับ now,normal,tu_general,0.26,emoji,IG DM,0,0,0,0,0,1,0,0,30,thai_english_mix,มีคำเร่งเร้า; บริบททั่วไปหรือมีการนัดรับ/ตรวจสอบได้
632,คลิกลิงก์นี้เพื่อยืนยันบัญชีนักศึกษา forms.example.invalid/fake ✨💸,scam,phishing,0.87,short_message,Web Form,1,0,1,0,0,0,0,0,66,emoji,มีลิงก์หรือการชวนคลิกลิงก์
633,ขายหนังสือ TU100 มือสอง นัดรับ โรงอาหารกลาง ได้,normal,tu_marketplace,0.25,slang,Web Form,0,0,0,0,0,0,0,0,47,none,บริบททั่วไปหรือมีการนัดรับ/ตรวจสอบได้
634,มีใครขายชีท CS251 บ้างครับ 🚨⚠️,normal,tu_general,0.08,formal,Discord,0,0,0,0,0,0,0,0,30,emoji,บริบททั่วไปหรือมีการนัดรับ/ตรวจสอบได้
635,ระบบ TU แจ้งเตือน ให้ update password ผ่าน tu-form.example.invalid ด่วน DM me ทัก DM,scam,phishing,0.92,formal,Discord,1,0,0,0,0,1,0,0,84,thai_english_mix,มีลิงก์หรือการชวนคลิกลิงก์; มีคำเร่งเร้า
636,ของอยู่ต่างจังหวัด โอนก่อนส่งเท่านั้น ราคาพิเศษถึงวันนี้ now,scam,marketplace_scam,0.88,formal,TU Marketplace,0,0,0,0,1,1,0,0,60,thai_english_mix,มีคำเร่งเร้า; มีบริบทเกี่ยวกับเงิน/โอน/บัญชี
637,ขอแนวข้อสอบ EL171 หน่อยครับ ok?,normal,tu_general,0.04,slang,Email,0,0,0,0,0,0,0,0,31,thai_english_mix,บริบททั่วไปหรือมีการนัดรับ/ตรวจสอบได้
638, ขายหนังสือ  TU100  มือสอง  นัดรับ  SC3  ได้ ,normal,tu_marketplace,0.17,short_message,IG DM,0,0,0,0,0,0,0,0,45,spacing_noise,บริบททั่วไปหรือมีการนัดรับ/ตรวจสอบได้
639,ของอยู่ต่างจังหวัด โอนก่อนส่งเท่านั้น ราคาพิเศษถึงวันนี้ 🥺💬,scam,marketplace_scam,0.9,casual,Discord,0,0,0,0,1,0,0,0,59,emoji,มีบริบทเกี่ยวกับเงิน/โอน/บัญชี
640,ระบบแจ้งให้ยืนยันข้อมูลบางอย่างภายในวันนี้ ‼️🥺,suspicious,phishing_risk,0.71,slang,TU Marketplace,0,0,0,0,0,1,0,0,46,emoji,มีคำเร่งเร้า; มีสัญญาณเสี่ยงแต่หลักฐานยังไม่ชัด
641,แอดมินคณะขอค่าจองสิทธิ์สอบ โอนมาที่ xxx-x-xxxxx-x ภายในวันนี้ ⚠️🚨 line: @fakeid,scam,tu_scam,0.92,emoji,X/Twitter,0,0,1,0,1,1,0,0,79,emoji,มีคำเร่งเร้า; มีบริบทเกี่ยวกับเงิน/โอน/บัญชี
642,มีคนจองหลายคน ถ้าเอาโอนมัดจำมาก่อนได้เลย inbox ได้,suspicious,marketplace_risk,0.57,short_message,TU Marketplace,0,0,0,0,1,0,0,0,50,none,มีบริบทเกี่ยวกับเงิน/โอน/บัญชี; มีสัญญาณเสี่ยงแต่หลักฐานยังไม่ชัด
643,สมัครงาน part-time online จ่ายค่าสมัครก่อน 1500 แล้วเริ่มงานได้เลย 🙏‼️,scam,job_scam,0.95,short_message,X/Twitter,0,0,0,0,0,0,0,1,70,emoji,มีบริบทสมัครงาน/รายได้
644,ขอแนวข้อสอบ CS251 หน่อยครับ pls,normal,tu_general,0.07,slang,IG DM,0,0,0,0,0,0,0,0,31,thai_english_mix,บริบททั่วไปหรือมีการนัดรับ/ตรวจสอบได้
645,ร้านกาแฟแถวรังสิตรับพาร์ทไทม์ ชั่วโมงละ 80 บาท มีสัมภาษณ์หน้าร้าน ✅,normal,tu_job_real,0.08,formal,SMS,0,0,0,0,1,0,0,1,67,emoji,มีบริบทเกี่ยวกับเงิน/โอน/บัญชี; มีบริบทสมัครงาน/รายได้; บริบททั่วไปหรือมีการนัดรับ/ตรวจสอบได้
646,คุณได้รับสิทธิ์ทุนพิเศษ โอนค่าดำเนินการ 200 บาทก่อนรับทุน ‼️🔥,scam,fake_scholarship,0.86,casual,Discord,0,0,0,0,1,0,1,0,61,emoji,มีบริบทเกี่ยวกับเงิน/โอน/บัญชี
647,มีใครขายชีท CS251 บ้างครับ ASAP,normal,tu_general,0.14,thai_english_mix,Web Form,0,0,0,0,0,0,0,0,31,thai_english_mix,บริบททั่วไปหรือมีการนัดรับ/ตรวจสอบได้
648,มีลิงก์ Google Meet สำหรับประชุมไหมคับ inbox ได้,normal,meeting,0.09,slang,X/Twitter,1,0,0,0,0,0,0,0,48,typo,มีลิงก์หรือการชวนคลิกลิงก์; บริบททั่วไปหรือมีการนัดรับ/ตรวจสอบได้
649,ส่งเลขบัญชีมา เดี๋ยวโอนค่าหนังสือให้ครับ 👍 ส่งในกลุ่มได้เลย,normal,tu_marketplace,0.28,casual,SMS,0,0,1,0,1,0,0,0,59,emoji,มีบริบทเกี่ยวกับเงิน/โอน/บัญชี; บริบททั่วไปหรือมีการนัดรับ/ตรวจสอบได้
650,ขอโอนเต็มก่อน เดี๋ยวส่งเลขพัสดุให้ 💬🥺,suspicious,marketplace_risk,0.53,slang,IG DM,0,0,0,0,1,0,0,0,37,emoji,มีบริบทเกี่ยวกับเงิน/โอน/บัญชี; มีสัญญาณเสี่ยงแต่หลักฐานยังไม่ชัด
651,ทักไลน์อย่างเดียวครับ ไม่ค่อยตอบในกลุ่ม 🙏💬,suspicious,marketplace_risk,0.73,thai_english_mix,X/Twitter,0,0,0,0,0,0,0,0,42,emoji,มีสัญญาณเสี่ยงแต่หลักฐานยังไม่ชัด
652, ขายหนังสือ  CS251  มือสอง  นัดรับ  SC3  ได้ ,normal,tu_marketplace,0.22,casual,Facebook Group,0,0,0,0,0,0,0,0,45,spacing_noise,บริบททั่วไปหรือมีการนัดรับ/ตรวจสอบได้
653,สมัครงาน part-time online จ่ายค่าสมัครก่อน 500 แล้วเริ่มงานได้เลย 💸,scam,job_scam,0.9,slang,Email,0,0,0,0,0,0,0,1,67,emoji,มีบริบทสมัครงาน/รายได้
654,job online รายได้สูง ไม่ต้องมีประสบการณ์ โอนค่าประกันก่อนเริ่มงาน DM me,scam,job_scam,0.93,thai_english_mix,LINE,0,0,0,0,1,0,0,1,71,thai_english_mix,มีบริบทเกี่ยวกับเงิน/โอน/บัญชี; มีบริบทสมัครงาน/รายได้
655,โอนมัดจำค่าหอ 1500 บาทได้ไหมครับ inbox ได้,normal,tu_marketplace,0.09,short_message,Web Form,0,0,0,0,1,0,0,0,42,none,มีบริบทเกี่ยวกับเงิน/โอน/บัญชี; บริบททั่วไปหรือมีการนัดรับ/ตรวจสอบได้
656,ส่งรหัส OTP มาให้แอดมินเพื่อยืนยันตัวตนก่อนรับเงินคืน ✨⚠️,scam,otp,0.98,casual,SMS,0,0,0,1,1,0,1,0,57,emoji,พบคำเกี่ยวกับ OTP/ยืนยันตัวตน; มีบริบทเกี่ยวกับเงิน/โอน/บัญชี
657,ขอโอนเต็มก่อน เดี๋ยวส่งเลขพัสดุให้ 🚨,suspicious,marketplace_risk,0.54,emoji,SMS,0,0,0,0,1,0,0,0,36,emoji,มีบริบทเกี่ยวกับเงิน/โอน/บัญชี; มีสัญญาณเสี่ยงแต่หลักฐานยังไม่ชัด
658,คลิกลิงก์นี้เพื่อยืนยันบัญชีนักศึกษา example.invalid/verify 💬🔥,scam,phishing,0.93,casual,Discord,1,0,1,1,0,0,0,0,62,emoji,พบคำเกี่ยวกับ OTP/ยืนยันตัวตน; มีลิงก์หรือการชวนคลิกลิงก์
659,อ้างว่าเป็นรุ่นพี่คณะ ขอให้โอนเงินช่วยจองสิทธิ์ 💬📌 ทัก DM,suspicious,tu_scam_risk,0.57,slang,SMS,0,0,0,0,1,0,0,0,57,emoji,มีบริบทเกี่ยวกับเงิน/โอน/บัญชี; มีสัญญาณเสี่ยงแต่หลักฐานยังไม่ชัด
660,มีคนจองหลายคน ถ้าเอาโอนมัดจำมาก่อนได้เลย 🔥💸 ทัก DM,suspicious,marketplace_risk,0.67,slang,SMS,0,0,0,0,1,0,0,0,50,emoji,มีบริบทเกี่ยวกับเงิน/โอน/บัญชี; มีสัญญาณเสี่ยงแต่หลักฐานยังไม่ชัด
661,อ้างว่าเป็นรุ่นพี่คณะ ขอให้โอนเงินช่วยจองสิทธิ์ 💬,suspicious,tu_scam_risk,0.6,short_message,X/Twitter,0,0,0,0,1,0,0,0,49,emoji,มีบริบทเกี่ยวกับเงิน/โอน/บัญชี; มีสัญญาณเสี่ยงแต่หลักฐานยังไม่ชัด
662,ไม่สะดวกนัดรับ ขอส่งอย่างเดียว โอนก่อนส่งนะ 📌😅,suspicious,marketplace_risk,0.67,emoji,X/Twitter,0,0,0,0,1,0,0,0,46,emoji,มีบริบทเกี่ยวกับเงิน/โอน/บัญชี; มีสัญญาณเสี่ยงแต่หลักฐานยังไม่ชัด
663,ทักไลน์อย่างเดียวครับ ไม่ค่อยตอบในกลุ่ม 🔥,suspicious,marketplace_risk,0.71,thai_english_mix,X/Twitter,0,0,0,0,0,0,0,0,41,emoji,มีสัญญาณเสี่ยงแต่หลักฐานยังไม่ชัด
664, คลิกลิงก์นี้เพื่อยืนยันบัญชีนักศึกษา  bit.ly/example_fake ,scam,phishing,0.95,slang,IG DM,1,0,1,0,0,0,0,0,59,spacing_noise,มีลิงก์หรือการชวนคลิกลิงก์
665,ใครเจอบัตรนักศึกษาที่ ประตูเชียงราก ทักมาหน่อยครับ ok?,normal,tu_general,0.27,short_message,Discord,0,0,0,0,0,0,0,0,54,thai_english_mix,บริบททั่วไปหรือมีการนัดรับ/ตรวจสอบได้
666, ใครเจอบัตรนักศึกษาที่  คณะวิทย์  ทักมาหน่อยครับ ,normal,tu_general,0.13,thai_english_mix,Email,0,0,0,0,0,0,0,0,49,spacing_noise,บริบททั่วไปหรือมีการนัดรับ/ตรวจสอบได้
667,นัดรับหน้า โรงอาหารกลาง ได้ครับ สะดวกช่วงเย็น ok?,normal,tu_marketplace,0.07,emoji,SMS,0,0,0,0,0,0,0,0,49,thai_english_mix,บริบททั่วไปหรือมีการนัดรับ/ตรวจสอบได้
668,ประกาศจากคณะให้กรอกแบบประเมินรายวิชาในระบบทางการ 😅 line: @fakeid,normal,admin_real,0.1,casual,Facebook Group,0,0,0,0,0,0,0,0,64,emoji,บริบททั่วไปหรือมีการนัดรับ/ตรวจสอบได้
669,ขอเลขบัญชีพร้อมเพย์หน่อยครับ จะโอนค่าชีท 📌🥺,normal,tu_marketplace,0.27,formal,IG DM,0,0,1,0,1,0,0,0,43,emoji,มีบริบทเกี่ยวกับเงิน/โอน/บัญชี; บริบททั่วไปหรือมีการนัดรับ/ตรวจสอบได้
670,ขายหนังสือ CS332 มือสอง นัดรับ บร.2 ได้,normal,tu_marketplace,0.15,casual,LINE,0,0,0,0,0,0,0,0,39,repeat_chars,บริบททั่วไปหรือมีการนัดรับ/ตรวจสอบได้
671,ระบบแจ้งให้ยืนยันข้อมูลบางอย่างภายในวันนี้ 🙏✨,suspicious,phishing_risk,0.67,thai_english_mix,TU Marketplace,0,0,0,0,0,1,0,0,45,emoji,มีคำเร่งเร้า; มีสัญญาณเสี่ยงแต่หลักฐานยังไม่ชัด
672,วันนี้ห้องเรียน SC3 เปิดไหมครับ 🥺😅,normal,tu_general,0.26,short_message,Web Form,0,0,0,0,0,0,0,0,34,emoji,บริบททั่วไปหรือมีการนัดรับ/ตรวจสอบได้
673,บัญชีนี้ของแฟนเราเอง ปลอดภัยแน่นอน โอนมาเลย ⚠️📌,scam,marketplace_scam,0.92,emoji,Discord,0,0,1,0,1,0,0,0,47,emoji,มีบริบทเกี่ยวกับเงิน/โอน/บัญชี
674,ขอโอนเต็มก่อน เดี๋ยวส่งเลขพัสดุให้ 💬💸,suspicious,marketplace_risk,0.46,formal,X/Twitter,0,0,0,0,1,0,0,0,37,emoji,มีบริบทเกี่ยวกับเงิน/โอน/บัญชี; มีสัญญาณเสี่ยงแต่หลักฐานยังไม่ชัด
675, ราคาถูกกว่าปกติมาก  แต่ไม่ให้วิดีโอคอลดูของ  ทัก DM,suspicious,marketplace_risk,0.5,formal,IG DM,0,0,0,0,0,0,0,0,52,spacing_noise,มีสัญญาณเสี่ยงแต่หลักฐานยังไม่ชัด
676,บอกว่ามีทุนพิเศษแต่ต้องรีบกรอกข้อมูล 📌,suspicious,tu_scam_risk,0.49,slang,Web Form,0,0,0,0,1,1,1,0,38,emoji,มีคำเร่งเร้า; มีบริบทเกี่ยวกับเงิน/โอน/บัญชี; มีสัญญาณเสี่ยงแต่หลักฐานยังไม่ชัด
677,นัดรับหน้า หน้าโดม ได้ครับ สะดวกช่วงเย็น 📌⚠️,normal,tu_marketplace,0.08,short_message,Email,0,0,0,0,0,0,0,0,44,emoji,บริบททั่วไปหรือมีการนัดรับ/ตรวจสอบได้
678,ขายหนังสือ EL171 มือสอง นัดรับ หน้าโดม ได้ line: @fakeid,normal,tu_marketplace,0.25,short_message,Email,0,0,0,0,0,0,0,0,56,none,บริบททั่วไปหรือมีการนัดรับ/ตรวจสอบได้
679,ส่งเลขบชมา เด๋วโอนค่าหนังสือให้ครับ,normal,tu_marketplace,0.12,casual,Discord,0,0,0,0,1,0,0,0,35,typo,มีบริบทเกี่ยวกับเงิน/โอน/บัญชี; บริบททั่วไปหรือมีการนัดรับ/ตรวจสอบได้
680,ส่งรหัส OTP มาให้แอดมินเพื่อยืนยันตัวตนก่อนรับเงินคืน 🔥⚠️,scam,otp,0.96,casual,Web Form,0,0,0,1,1,0,1,0,57,emoji,พบคำเกี่ยวกับ OTP/ยืนยันตัวตน; มีบริบทเกี่ยวกับเงิน/โอน/บัญชี
681,งานออนไลน์ได้เงินวันละ 5000 ไม่ต้องสัมภาษณ์ สมัครด่วน 💸,scam,job_scam,0.86,casual,IG DM,0,0,0,0,1,1,0,1,55,emoji,มีคำเร่งเร้า; มีบริบทเกี่ยวกับเงิน/โอน/บัญชี; มีบริบทสมัครงาน/รายได้
682,Your account has been suspended verify now tu-form.example.invalid ‼️,scam,phishing,0.86,emoji,Discord,1,0,0,1,0,1,0,0,69,emoji,พบคำเกี่ยวกับ OTP/ยืนยันตัวตน; มีลิงก์หรือการชวนคลิกลิงก์; มีคำเร่งเร้า
683,นัดรับหน้า หอสมุดป๋วย ได้ครับ สะดวกช่วงเย็น DM me,normal,tu_marketplace,0.27,thai_english_mix,LINE,0,0,0,0,0,0,0,0,49,thai_english_mix,บริบททั่วไปหรือมีการนัดรับ/ตรวจสอบได้
684,ขอแนวข้อสอบ TU100 หน่อยครับ now,normal,tu_general,0.15,emoji,Email,0,0,0,0,0,1,0,0,31,thai_english_mix,มีคำเร่งเร้า; บริบททั่วไปหรือมีการนัดรับ/ตรวจสอบได้
685,ขายหนังสือ CS251 มือสอง นัดรับ หน้าโดม ได้ pls,normal,tu_marketplace,0.02,slang,SMS,0,0,0,0,0,0,0,0,46,thai_english_mix,บริบททั่วไปหรือมีการนัดรับ/ตรวจสอบได้
686,งานออนไลน์ได้เงินวันละ 8000 ไม่ต้องสัมภาษณ์ สมัครด่วน ทัก DM,scam,job_scam,0.99,emoji,LINE,0,0,0,0,1,1,0,1,60,none,มีคำเร่งเร้า; มีบริบทเกี่ยวกับเงิน/โอน/บัญชี; มีบริบทสมัครงาน/รายได้
687,กดลิงก์รับเงินคืนค่าธรรมเนียมการศึกษา example.invalid/verify 🥺,scam,refund_scam,0.9,short_message,Facebook Group,1,0,0,1,1,0,1,0,62,emoji,พบคำเกี่ยวกับ OTP/ยืนยันตัวตน; มีลิงก์หรือการชวนคลิกลิงก์; มีบริบทเกี่ยวกับเงิน/โอน/บัญชี
688,ขายหนังสือ CS254 มือสอง นัดรับ BRT ได้,normal,tu_marketplace,0.2,thai_english_mix,Discord,0,0,0,0,0,0,0,0,38,typo,บริบททั่วไปหรือมีการนัดรับ/ตรวจสอบได้
689,ใครเจอบัตรนักศึกษาที่ ประตูเชียงราก ทักมาหน่อยครับ 😅🙏,normal,tu_general,0.17,slang,Web Form,0,0,0,0,0,0,0,0,53,emoji,บริบททั่วไปหรือมีการนัดรับ/ตรวจสอบได้
690,หอพักแถวเชียงรากเดือนละไม่เกิน 4000 มีแนะนำไหม 🙏,normal,tu_general,0.22,slang,IG DM,0,0,0,0,0,0,0,0,48,emoji,บริบททั่วไปหรือมีการนัดรับ/ตรวจสอบได้
691,ของถูกมาก แต่ต้องจองภายในวันนี้ 🙏 inbox ได้,suspicious,marketplace_risk,0.64,thai_english_mix,LINE,0,0,0,0,0,1,0,0,43,emoji,มีคำเร่งเร้า; มีสัญญาณเสี่ยงแต่หลักฐานยังไม่ชัด
692,อาจารย์ส่ง link zoom ใน classroom แล้วนะ 💬👍 inbox ได้,normal,meeting,0.08,emoji,Web Form,1,0,0,0,0,0,0,0,53,emoji,มีลิงก์หรือการชวนคลิกลิงก์; บริบททั่วไปหรือมีการนัดรับ/ตรวจสอบได้
693,คลิกลิงก์นี้เพื่อยืนยันบัญชีนักศึกษา [URL] ‼️,scam,phishing,0.87,casual,X/Twitter,1,0,1,0,0,0,0,0,45,emoji,มีลิงก์หรือการชวนคลิกลิงก์
694,นัดรับหน้า คณะวิทย์ ได้ครับ สะดวกช่วงเย็น 🚨‼️,normal,tu_marketplace,0.13,short_message,LINE,0,0,0,0,0,0,0,0,45,emoji,บริบททั่วไปหรือมีการนัดรับ/ตรวจสอบได้
695,หอพักแถวเชียงรากเดือนละไม่เกิน 4500 มีแนะนำไหม 👍,normal,tu_general,0.09,casual,Web Form,0,0,0,0,0,0,0,0,48,emoji,บริบททั่วไปหรือมีการนัดรับ/ตรวจสอบได้
696,รับซื้อเครื่องคิดเลขมือสอง ขอราคาไม่แรง ✅‼️,normal,tu_marketplace,0.1,thai_english_mix,TU Marketplace,0,0,0,0,0,0,0,0,43,emoji,บริบททั่วไปหรือมีการนัดรับ/ตรวจสอบได้
697,สมัครงานง่ายๆ ได้เงินเร็ว แต่ต้องจ่ายค่าสมัครก่อน 🥺✨,suspicious,job_risk,0.7,formal,Facebook Group,0,0,0,0,1,0,0,1,52,emoji,มีบริบทเกี่ยวกับเงิน/โอน/บัญชี; มีบริบทสมัครงาน/รายได้; มีสัญญาณเสี่ยงแต่หลักฐานยังไม่ชัด
698,ของถูกมาก แต่ต้องจองภายในวันนี้ 💬✅,suspicious,marketplace_risk,0.51,casual,Email,0,0,0,0,0,1,0,0,34,emoji,มีคำเร่งเร้า; มีสัญญาณเสี่ยงแต่หลักฐานยังไม่ชัด
699,ขายหนังสือ MA211 มือสอง นัดรับ บร.2 ได้ pls,normal,tu_marketplace,0.1,emoji,Email,0,0,0,0,0,0,0,0,43,thai_english_mix,บริบททั่วไปหรือมีการนัดรับ/ตรวจสอบได้
700,ส่งเลขบัญชีมา เด๋วโอนนค่าหนังสือให้คับ,normal,tu_marketplace,0.14,emoji,X/Twitter,0,0,1,0,1,0,0,0,38,typo,มีบริบทเกี่ยวกับเงิน/โอน/บัญชี; บริบททั่วไปหรือมีการนัดรับ/ตรวจสอบได้
701,ขายหนังสือ SC135 มือสอง นัดรับ โรงอาหารกลาง ได้ ok?,normal,tu_marketplace,0.22,casual,IG DM,0,0,0,0,0,0,0,0,51,thai_english_mix,บริบททั่วไปหรือมีการนัดรับ/ตรวจสอบได้
702,งานออนไลน์ได้เงินวันละ 8000 ไม่ต้องสัมภาษณ์ สมัครด่วน pls,scam,job_scam,0.85,emoji,TU Marketplace,0,0,0,0,1,1,0,1,57,thai_english_mix,มีคำเร่งเร้า; มีบริบทเกี่ยวกับเงิน/โอน/บัญชี; มีบริบทสมัครงาน/รายได้
703,"งานออนไลน์ได้เงินวันละ 10,000 ไม่ต้องสัมภาษณ์ สมัครด่วน",scam,job_scam,0.97,thai_english_mix,Web Form,0,0,0,0,1,1,0,1,55,none,มีคำเร่งเร้า; มีบริบทเกี่ยวกับเงิน/โอน/บัญชี; มีบริบทสมัครงาน/รายได้
704,อาจารย์ส่ง link zoom ใน classroom แล้วนะ ⚠️,normal,meeting,0.08,formal,TU Marketplace,1,0,0,0,0,0,0,0,43,emoji,มีลิงก์หรือการชวนคลิกลิงก์; บริบททั่วไปหรือมีการนัดรับ/ตรวจสอบได้
705,มีใครขายชีท CS254 บ้างครับ 💬,normal,tu_general,0.16,emoji,TU Marketplace,0,0,0,0,0,0,0,0,28,emoji,บริบททั่วไปหรือมีการนัดรับ/ตรวจสอบได้
706,ขายหนังสือ SC135 มือสอง นัดรับ หน้าโดม ได้ 💬🙏,normal,tu_marketplace,0.23,short_message,IG DM,0,0,0,0,0,0,0,0,45,emoji,บริบททั่วไปหรือมีการนัดรับ/ตรวจสอบได้
707,หอพักแถวเชียงรากเดือนละไม่เกิน 5000 มีแนะนำไหม pls,normal,tu_general,0.21,formal,TU Marketplace,0,0,0,0,0,0,0,0,50,thai_english_mix,บริบททั่วไปหรือมีการนัดรับ/ตรวจสอบได้
708,บัญชีคุณถูกระงับ กรุณายืนยันตัวตนทันทีที่ [URL],scam,phishing,0.85,slang,IG DM,1,0,1,1,0,1,0,0,47,repeat_chars,พบคำเกี่ยวกับ OTP/ยืนยันตัวตน; มีลิงก์หรือการชวนคลิกลิงก์; มีคำเร่งเร้า
709,รีบโอนก่อนนะ เหลือคนเดียวแล้ว 📌⚠️,suspicious,marketplace_risk,0.75,short_message,Discord,0,0,0,0,1,1,0,0,33,emoji,มีคำเร่งเร้า; มีบริบทเกี่ยวกับเงิน/โอน/บัญชี; มีสัญญาณเสี่ยงแต่หลักฐานยังไม่ชัด
710,นัดรับหน้า หอสมุดป๋วย ได้ครับ สะดวกช่วงเย็น 🔥🚨 inbox ได้,normal,tu_marketplace,0.2,emoji,Web Form,0,0,0,0,0,0,0,0,56,emoji,บริบททั่วไปหรือมีการนัดรับ/ตรวจสอบได้
711,กดลิงก์รับเงินคืนค่าธรรมเนียมการศึกษา tu-form.example.invalid 🚨,scam,refund_scam,0.86,casual,Email,1,0,0,0,1,0,1,0,63,emoji,มีลิงก์หรือการชวนคลิกลิงก์; มีบริบทเกี่ยวกับเงิน/โอน/บัญชี
712,งานออนไลน์ได้เงินวันละ 3000 ไม่ต้องสัมภาษณ์ สมัครด่วน ‼️✨,scam,job_scam,0.89,formal,IG DM,0,0,0,0,1,1,0,1,57,emoji,มีคำเร่งเร้า; มีบริบทเกี่ยวกับเงิน/โอน/บัญชี; มีบริบทสมัครงาน/รายได้
713,รีบโอนก่อนนะ เหลือคนเดียวแล้ว 💸⚠️,suspicious,marketplace_risk,0.64,short_message,LINE,0,0,0,0,1,1,0,0,33,emoji,มีคำเร่งเร้า; มีบริบทเกี่ยวกับเงิน/โอน/บัญชี; มีสัญญาณเสี่ยงแต่หลักฐานยังไม่ชัด
714,บัญชีคุณถูกระงับ กรุณายืนยันตัวตนทันทีที่ forms.example.invalid/fake now,scam,phishing,0.92,formal,Facebook Group,1,0,1,1,0,1,0,0,72,thai_english_mix,พบคำเกี่ยวกับ OTP/ยืนยันตัวตน; มีลิงก์หรือการชวนคลิกลิงก์; มีคำเร่งเร้า
715,ขายหนังสือ EL171 มือสอง นัดรับ โรงอาหารกลาง ได้ inbox ได้,normal,tu_marketplace,0.16,formal,Facebook Group,0,0,0,0,0,0,0,0,57,none,บริบททั่วไปหรือมีการนัดรับ/ตรวจสอบได้
716,สมัครงาน part-time online จ่ายค่าสมัครก่อน 200 แล้วเริ่มงานได้เลย 💬,scam,job_scam,0.97,slang,Web Form,0,0,0,0,0,0,0,1,67,emoji,มีบริบทสมัครงาน/รายได้
717,ของถูกมาก แต่ต้องจองภายในวันนี้ ✨💬,suspicious,marketplace_risk,0.71,emoji,IG DM,0,0,0,0,0,1,0,0,34,emoji,มีคำเร่งเร้า; มีสัญญาณเสี่ยงแต่หลักฐานยังไม่ชัด
718,ระบบ TU แจ้งเตือน ให้ update password ผ่าน tu-form.example.invalid ด่วนนน line: @fakeid,scam,phishing,0.88,slang,Facebook Group,1,0,0,0,0,1,0,0,87,repeat_chars,มีลิงก์หรือการชวนคลิกลิงก์; มีคำเร่งเร้า
719,บชคุณถูกระงับ กรุณายืนยันตัวตนทันทีที่ tu-form.example.invalid ส่งในกลุ่มได้เลย,scam,phishing,0.91,short_message,TU Marketplace,1,0,0,1,0,1,0,0,79,typo,พบคำเกี่ยวกับ OTP/ยืนยันตัวตน; มีลิงก์หรือการชวนคลิกลิงก์; มีคำเร่งเร้า
720,บัญชีคุณถูกระงับ กรุณายืนยันตัวตนทันทีที่ bit.ly/example_fake 💸,scam,phishing,0.89,casual,Email,1,0,1,1,0,1,0,0,63,emoji,พบคำเกี่ยวกับ OTP/ยืนยันตัวตน; มีลิงก์หรือการชวนคลิกลิงก์; มีคำเร่งเร้า
721,สมัครงาน part-time online จ่ายค่าสมัครก่อน 500 แล้วเริ่มงานได้เลย 💸👍,scam,job_scam,0.89,formal,LINE,0,0,0,0,0,0,0,1,68,emoji,มีบริบทสมัครงาน/รายได้
722,กรุณายืนยัน OTP เพื่อปลดล็อกบัญชีทันที 👍😅,scam,otp,0.97,emoji,IG DM,0,0,1,1,0,1,0,0,41,emoji,พบคำเกี่ยวกับ OTP/ยืนยันตัวตน; มีคำเร่งเร้า
723,รหัสยืนยันถูกส่งไปแล้ว กรุณาแจ้งรหัสภายใน 5 นาที 🥺😅,scam,otp,0.95,emoji,Email,0,0,0,1,0,1,0,0,51,emoji,พบคำเกี่ยวกับ OTP/ยืนยันตัวตน; มีคำเร่งเร้า
724,นัดรับหน้า BRT ได้ครับ สะดวกช่วงเย็น verify pls,normal,tu_marketplace,0.21,emoji,X/Twitter,0,0,0,1,0,0,0,0,47,thai_english_mix,พบคำเกี่ยวกับ OTP/ยืนยันตัวตน; บริบททั่วไปหรือมีการนัดรับ/ตรวจสอบได้
725,โปรไฟล์ใหม่มาก แต่บอกว่าเป็นเจ้าหน้าที่มหาลัย ✅⚠️,suspicious,impersonation_risk,0.67,casual,Email,0,0,0,0,0,0,0,0,49,emoji,มีสัญญาณเสี่ยงแต่หลักฐานยังไม่ชัด
726,"งานออนไลน์ได้เงินวันละ 10,000 ไม่ต้องสัมภาษณ์ สมัครด่วน ASAP",scam,job_scam,0.97,casual,Discord,0,0,0,0,1,1,0,1,60,thai_english_mix,มีคำเร่งเร้า; มีบริบทเกี่ยวกับเงิน/โอน/บัญชี; มีบริบทสมัครงาน/รายได้
727,แอดมินคณะขอค่าจองสิทธิ์สอบ โอนมาที่ xxx-x-xxxxx-x ภายในวันนี้ 📌,scam,tu_scam,0.84,emoji,LINE,0,0,1,0,1,1,0,0,63,emoji,มีคำเร่งเร้า; มีบริบทเกี่ยวกับเงิน/โอน/บัญชี
728,ทักไลน์อย่างเดียวครับ ไม่ค่อยตอบในกลุ่ม 🥺,suspicious,marketplace_risk,0.69,thai_english_mix,Facebook Group,0,0,0,0,0,0,0,0,41,emoji,มีสัญญาณเสี่ยงแต่หลักฐานยังไม่ชัด
729,ระบบแจ้งให้ยืนยันข้อมูลบางอย่างภายในวันนี้ 💬✅ line: @fakeid,suspicious,phishing_risk,0.49,short_message,X/Twitter,0,0,0,0,0,1,0,0,59,emoji,มีคำเร่งเร้า; มีสัญญาณเสี่ยงแต่หลักฐานยังไม่ชัด
730,ส่งรหัส OTP มาให้แอดมินเพื่อยืนยันตัวตนก่อนรับเงินคืน 🥺🙏,scam,otp,0.83,slang,LINE,0,0,0,1,1,0,1,0,56,emoji,พบคำเกี่ยวกับ OTP/ยืนยันตัวตน; มีบริบทเกี่ยวกับเงิน/โอน/บัญชี
731,ส่งเลขบัญชีมา เดี๋ยวโอนค่าหนังสือให้ครับ 💬😅,normal,tu_marketplace,0.1,formal,Discord,0,0,1,0,1,0,0,0,43,emoji,มีบริบทเกี่ยวกับเงิน/โอน/บัญชี; บริบททั่วไปหรือมีการนัดรับ/ตรวจสอบได้
732,ใครเจอบัตรนักศึกษาที่ หน้าโดม ทักมาหน่อยครับ verify pls,normal,tu_general,0.11,emoji,TU Marketplace,0,0,0,1,0,0,0,0,55,thai_english_mix,พบคำเกี่ยวกับ OTP/ยืนยันตัวตน; บริบททั่วไปหรือมีการนัดรับ/ตรวจสอบได้
733,job online รายได้สูง ไม่ต้องมีประสบการณ์ โอนค่าประกันก่อนเริ่มงาน ✅ line: @fakeid,scam,job_scam,0.97,thai_english_mix,LINE,0,0,0,0,1,0,0,1,81,emoji,มีบริบทเกี่ยวกับเงิน/โอน/บัญชี; มีบริบทสมัครงาน/รายได้
734,อาจารย์ส่ง link zoom ใน classroom แล้วนะ 👍😅,normal,meeting,0.24,slang,X/Twitter,1,0,0,0,0,0,0,0,43,emoji,มีลิงก์หรือการชวนคลิกลิงก์; บริบททั่วไปหรือมีการนัดรับ/ตรวจสอบได้
735,สมัครงาน part-time online จ่ายค่าสมัครก่อน 1500 แล้วเริ่มงานได้เลย now ทัก DM,scam,job_scam,0.94,casual,Web Form,0,0,0,0,0,1,0,1,77,thai_english_mix,มีคำเร่งเร้า; มีบริบทสมัครงาน/รายได้
736,ขาย iPad ใช้เรียน นัดรับในมอได้ เช็คของก่อนจ่าย ok?,normal,tu_marketplace,0.19,slang,Facebook Group,0,0,0,0,0,0,0,0,51,thai_english_mix,บริบททั่วไปหรือมีการนัดรับ/ตรวจสอบได้
737,มีคนจองงหลายคน ถ้าเอาโอนมัดจำมาก่อนได้เลย ทัก DM,suspicious,marketplace_risk,0.75,emoji,IG DM,0,0,0,0,1,0,0,0,48,repeat_chars,มีบริบทเกี่ยวกับเงิน/โอน/บัญชี; มีสัญญาณเสี่ยงแต่หลักฐานยังไม่ชัด
738,พัสดุติดปัญหา  ชำระค่าธรรมเนียมที่  forms.example.invalid/fake  เพื่อรับของ,scam,delivery_scam,0.91,formal,Discord,1,0,0,0,0,0,0,0,75,spacing_noise,มีลิงก์หรือการชวนคลิกลิงก์
739,นัดรับหน้า SC3 ได้ครับ สะดวกช่วงเย็น 💬✅,normal,tu_marketplace,0.24,emoji,SMS,0,0,0,0,0,0,0,0,39,emoji,บริบททั่วไปหรือมีการนัดรับ/ตรวจสอบได้
740,งานออนไลน์รายได้สูงมาก ไม่ต้องสัมภาษณ์ แค่ทักแชท 👍,suspicious,job_risk,0.69,short_message,Email,0,0,0,0,1,0,0,1,50,emoji,มีบริบทเกี่ยวกับเงิน/โอน/บัญชี; มีบริบทสมัครงาน/รายได้; มีสัญญาณเสี่ยงแต่หลักฐานยังไม่ชัด
741,รับหิ้วของจากญี่ปุ่น สนใจทักได้ นัดรับได้ในมอ 👍⚠️,normal,tu_general,0.14,thai_english_mix,X/Twitter,0,0,0,0,0,0,0,0,49,emoji,บริบททั่วไปหรือมีการนัดรับ/ตรวจสอบได้
742,หาคนช่วยงานอีเวนต์ในมอ มีรายละเอียดงานและสถานที่ชัดเจน ‼️👍,normal,tu_job_real,0.22,short_message,IG DM,0,0,0,0,0,0,0,1,58,emoji,มีบริบทสมัครงาน/รายได้; บริบททั่วไปหรือมีการนัดรับ/ตรวจสอบได้
743,บัญชีคุณถูกระงับ กรุณายืนยันตัวตนทันทีที่ example.invalid/verify ASAP,scam,phishing,0.89,emoji,Discord,1,0,1,1,0,1,0,0,69,thai_english_mix,พบคำเกี่ยวกับ OTP/ยืนยันตัวตน; มีลิงก์หรือการชวนคลิกลิงก์; มีคำเร่งเร้า
744,ประกาศจากคณะให้กรอกแบบประเมินรายวิชาในระบบทางการ ✨🥺,normal,admin_real,0.17,thai_english_mix,SMS,0,0,0,0,0,0,0,0,51,emoji,บริบททั่วไปหรือมีการนัดรับ/ตรวจสอบได้
745,มีคนขอรหัสยืนยัน บอกว่าเป็นแอดมินกลุ่ม 🥺✨,suspicious,otp_risk,0.62,thai_english_mix,IG DM,0,0,0,1,0,0,0,0,41,emoji,พบคำเกี่ยวกับ OTP/ยืนยันตัวตน; มีสัญญาณเสี่ยงแต่หลักฐานยังไม่ชัด
746,ขอโอนเต็มก่อน เดี๋ยวส่งเลขพัสดุให้ ⚠️💬,suspicious,marketplace_risk,0.73,emoji,Facebook Group,0,0,0,0,1,0,0,0,38,emoji,มีบริบทเกี่ยวกับเงิน/โอน/บัญชี; มีสัญญาณเสี่ยงแต่หลักฐานยังไม่ชัด
747,พัสดุติดปัญหา ชำระค่าธรรมเนียมที่ bit.ly/example_fake เพื่อรับของ ทัก DM,scam,delivery_scam,0.85,formal,IG DM,1,0,0,0,0,0,0,0,72,none,มีลิงก์หรือการชวนคลิกลิงก์
748,หาคนช่วยงานอีเวนต์ในมอ มีรายละเอียดงานและสถานที่ชัดเจน ‼️💸,normal,tu_job_real,0.27,formal,TU Marketplace,0,0,0,0,0,0,0,1,58,emoji,มีบริบทสมัครงาน/รายได้; บริบททั่วไปหรือมีการนัดรับ/ตรวจสอบได้
749,บัญชีคุณถูกระงับ กรุณายืนยันตัวตนทันทีที่ [URL] 😅,scam,phishing,0.98,short_message,LINE,1,0,1,1,0,1,0,0,49,emoji,พบคำเกี่ยวกับ OTP/ยืนยันตัวตน; มีลิงก์หรือการชวนคลิกลิงก์; มีคำเร่งเร้า
750,เจ้าหน้าที่มหาลัยขอ username password เพื่อตรวจสอบสถานะ 👍🥺 line: @fakeid,scam,impersonation,0.84,short_message,TU Marketplace,0,0,0,0,0,0,0,0,72,emoji,
751,job online รายได้สูง ไม่ต้องมีประสบการณ์ โอนค่าประกันก่อนเริ่มงาน verify pls line: @fakeid,scam,job_scam,0.81,thai_english_mix,Email,0,0,0,1,1,0,0,1,90,thai_english_mix,พบคำเกี่ยวกับ OTP/ยืนยันตัวตน; มีบริบทเกี่ยวกับเงิน/โอน/บัญชี; มีบริบทสมัครงาน/รายได้
752,อ้างว่าเป็นรุ่นพี่คณะ ขอให้โอนเงินช่วยจองงสิทธิ์ ทัก DM,suspicious,tu_scam_risk,0.57,casual,Email,0,0,0,0,1,0,0,0,55,repeat_chars,มีบริบทเกี่ยวกับเงิน/โอน/บัญชี; มีสัญญาณเสี่ยงแต่หลักฐานยังไม่ชัด
753,มีคนจองหลายคน ถ้าเอาโอนมัดจำมาก่อนได้เลย 💬📌,suspicious,marketplace_risk,0.45,emoji,SMS,0,0,0,0,1,0,0,0,43,emoji,มีบริบทเกี่ยวกับเงิน/โอน/บัญชี; มีสัญญาณเสี่ยงแต่หลักฐานยังไม่ชัด
754,นัดรับหน้า หอสมุดป๋วย ได้ครับ สะดวกช่วงเย็น,normal,tu_marketplace,0.22,formal,SMS,0,0,0,0,0,0,0,0,43,none,บริบททั่วไปหรือมีการนัดรับ/ตรวจสอบได้
755,บัญชีคุณถูกระงับ กรุณายืนยันตัวตนทันทีที่ tu-form.example.invalid ok?,scam,phishing,0.87,formal,TU Marketplace,1,0,1,1,0,1,0,0,69,thai_english_mix,พบคำเกี่ยวกับ OTP/ยืนยันตัวตน; มีลิงก์หรือการชวนคลิกลิงก์; มีคำเร่งเร้า
756,Your account has been suspended verify now forms.example.invalid/fake ok? ทัก DM,scam,phishing,0.94,thai_english_mix,LINE,1,0,0,1,0,1,0,0,80,thai_english_mix,พบคำเกี่ยวกับ OTP/ยืนยันตัวตน; มีลิงก์หรือการชวนคลิกลิงก์; มีคำเร่งเร้า
757,หอพักแถวเชียงรากเดือนละไม่เกิน 3500 มีแนะนำไหม ✅🚨 ส่งในกลุ่มได้เลย,normal,tu_general,0.12,formal,Facebook Group,0,0,0,0,0,0,0,0,66,emoji,บริบททั่วไปหรือมีการนัดรับ/ตรวจสอบได้
758,รับทุนการศึกษาเร่งด่วนนน กรอกข้อมูลและเลขบัญชีที่ [URL],scam,fake_scholarship,0.83,emoji,TU Marketplace,1,0,1,0,1,1,1,0,55,repeat_chars,มีลิงก์หรือการชวนคลิกลิงก์; มีคำเร่งเร้า; มีบริบทเกี่ยวกับเงิน/โอน/บัญชี
759,มีคนขอรหัสยืนยัน บอกว่าเป็นแอดมินกลุ่ม line: @fakeid,suspicious,otp_risk,0.68,short_message,TU Marketplace,0,0,0,1,0,0,0,0,52,none,พบคำเกี่ยวกับ OTP/ยืนยันตัวตน; มีสัญญาณเสี่ยงแต่หลักฐานยังไม่ชัด
760,อ้างว่าเป็นรุ่นพี่คณะ ขอให้โอนเงินช่วยจองสิทธิ์ ✨⚠️,suspicious,tu_scam_risk,0.74,thai_english_mix,IG DM,0,0,0,0,1,0,0,0,51,emoji,มีบริบทเกี่ยวกับเงิน/โอน/บัญชี; มีสัญญาณเสี่ยงแต่หลักฐานยังไม่ชัด
761,โปรไฟล์ใหม่มาก แต่บอกว่าเป็นเจ้าหน้าที่มหาลัย ทัก DM,suspicious,impersonation_risk,0.54,thai_english_mix,Web Form,0,0,0,0,0,0,0,0,52,none,มีสัญญาณเสี่ยงแต่หลักฐานยังไม่ชัด
762,ขอแนวข้อสอบ CS332 น่อยครับ,normal,tu_general,0.09,short_message,Discord,0,0,0,0,0,0,0,0,26,typo,บริบททั่วไปหรือมีการนัดรับ/ตรวจสอบได้
763,โอนมัดจำค่าหอ 100 บาทได้ไหมครับ ✅⚠️,normal,tu_marketplace,0.04,thai_english_mix,LINE,0,0,0,0,1,0,0,0,35,emoji,มีบริบทเกี่ยวกับเงิน/โอน/บัญชี; บริบททั่วไปหรือมีการนัดรับ/ตรวจสอบได้
764,ขอแนวข้อสอบ CS254 หน่อยครับ 🥺,normal,tu_general,0.13,short_message,TU Marketplace,0,0,0,0,0,0,0,0,29,emoji,บริบททั่วไปหรือมีการนัดรับ/ตรวจสอบได้
765, ขอแนวข้อสอบ  EL171  หน่อยครับ ,normal,tu_general,0.23,thai_english_mix,Discord,0,0,0,0,0,0,0,0,31,spacing_noise,บริบททั่วไปหรือมีการนัดรับ/ตรวจสอบได้
766,มีคนจองหลายคน  ถ้าเอาโอนมัดจำมาก่อนได้เลย line: @fakeid,suspicious,marketplace_risk,0.6,short_message,LINE,0,0,0,0,1,0,0,0,55,spacing_noise,มีบริบทเกี่ยวกับเงิน/โอน/บัญชี; มีสัญญาณเสี่ยงแต่หลักฐานยังไม่ชัด
767,กรุณายืนยััน OTP เพื่อปลดล็อกบชทันที line: @fakeid,scam,otp,0.81,thai_english_mix,Email,0,0,0,1,0,1,0,0,50,typo,พบคำเกี่ยวกับ OTP/ยืนยันตัวตน; มีคำเร่งเร้า
768,Your account has been suspended verify now tu-form.example.invalid 🚨,scam,phishing,0.8,emoji,Discord,1,0,0,1,0,1,0,0,68,emoji,พบคำเกี่ยวกับ OTP/ยืนยันตัวตน; มีลิงก์หรือการชวนคลิกลิงก์; มีคำเร่งเร้า
769,ไม่สะดวกนัดรับ ขอส่งอย่างเดียว โอนก่อนส่งนะ 📌💬,suspicious,marketplace_risk,0.73,slang,Web Form,0,0,0,0,1,0,0,0,46,emoji,มีบริบทเกี่ยวกับเงิน/โอน/บัญชี; มีสัญญาณเสี่ยงแต่หลักฐานยังไม่ชัด
770,อ้างว่าเป็นรุ่นพี่คณะ ขอให้โอนเงินช่วยจองสิทธิ์ 🙏🚨 inbox ได้,suspicious,tu_scam_risk,0.75,emoji,SMS,0,0,0,0,1,0,0,0,60,emoji,มีบริบทเกี่ยวกับเงิน/โอน/บัญชี; มีสัญญาณเสี่ยงแต่หลักฐานยังไม่ชัด
771,หาคนช่วยงานอีเวนต์ในมอ มีรายละเอียดงานและสถานที่ชัดเจน ok?,normal,tu_job_real,0.04,slang,Facebook Group,0,0,0,0,0,0,0,1,58,thai_english_mix,มีบริบทสมัครงาน/รายได้; บริบททั่วไปหรือมีการนัดรับ/ตรวจสอบได้
772,ใครเจอบัตรนักศึกษาที่ ประตูเชียงราก ทักมาหน่อยครับ DM me ทัก DM,normal,tu_general,0.1,short_message,Facebook Group,0,0,0,0,0,0,0,0,63,thai_english_mix,บริบททั่วไปหรือมีการนัดรับ/ตรวจสอบได้
773,โอนมัดจำค่าหอ 300 บาทได้ไหมครับ ‼️✨ ทัก DM,normal,tu_marketplace,0.13,formal,Email,0,0,0,0,1,0,0,0,42,emoji,มีบริบทเกี่ยวกับเงิน/โอน/บัญชี; บริบททั่วไปหรือมีการนัดรับ/ตรวจสอบได้
774,ระบบ TU แจ้งเตือน ให้ update password ผ่าน bit.ly/example_fake ด่วน ‼️,scam,phishing,0.86,thai_english_mix,Email,1,0,0,0,0,1,0,0,70,emoji,มีลิงก์หรือการชวนคลิกลิงก์; มีคำเร่งเร้า
775,ขอโอนเต็มก่อน เดี๋ยวส่งเลขพัสดุให้ 💬✅ inbox ได้,suspicious,marketplace_risk,0.47,short_message,Web Form,0,0,0,0,1,0,0,0,47,emoji,มีบริบทเกี่ยวกับเงิน/โอน/บัญชี; มีสัญญาณเสี่ยงแต่หลักฐานยังไม่ชัด
776,พัสดุติดปัญหา ชำระค่าธรรมเนียมที่ bit.ly/example_fake เพื่อรับของ line: @fakeid,scam,delivery_scam,0.94,formal,Facebook Group,1,0,0,0,0,0,0,0,79,none,มีลิงก์หรือการชวนคลิกลิงก์
777,กดลิงก์รับเงินคืนค่าธรรมเนียมการศึกษา example.invalid/verify ส่งในกลุ่มได้เลย,scam,refund_scam,0.89,formal,Email,1,0,0,1,1,0,1,0,77,repeat_chars,พบคำเกี่ยวกับ OTP/ยืนยันตัวตน; มีลิงก์หรือการชวนคลิกลิงก์; มีบริบทเกี่ยวกับเงิน/โอน/บัญชี
778,หอพักแถวเชียงรากเดือนละไม่เกิน  5000  มีแนะนำไหม,normal,tu_general,0.04,short_message,TU Marketplace,0,0,0,0,0,0,0,0,48,spacing_noise,บริบททั่วไปหรือมีการนัดรับ/ตรวจสอบได้
779,มีลิงก์ให้กรอกข้อมูลเพื่อรับสิทธิ์ ลองเช็คก่อนนะ 🚨✨,suspicious,phishing_risk,0.5,short_message,X/Twitter,1,0,0,0,0,0,0,0,51,emoji,มีลิงก์หรือการชวนคลิกลิงก์; มีสัญญาณเสี่ยงแต่หลักฐานยังไม่ชัด
780,ของอยู่ต่างจังหวัด โอนนก่อนส่งเท่านั้น ราคาพิเศษถึงวันนี้,scam,marketplace_scam,0.89,formal,Email,0,0,0,0,1,0,0,0,57,typo,มีบริบทเกี่ยวกับเงิน/โอน/บัญชี
781,ส่งเลขบัญชีมา เดี๋ยวโอนค่าหนังสือให้ครับ ✨👍,normal,tu_marketplace,0.23,emoji,TU Marketplace,0,0,1,0,1,0,0,0,43,emoji,มีบริบทเกี่ยวกับเงิน/โอน/บัญชี; บริบททั่วไปหรือมีการนัดรับ/ตรวจสอบได้
782,บัญชีนี้ของแฟนเราเอง ปลอดภัยแน่นอน โอนมาเลย pls line: @fakeid,scam,marketplace_scam,0.95,formal,SMS,0,0,1,0,1,0,0,0,61,thai_english_mix,มีบริบทเกี่ยวกับเงิน/โอน/บัญชี
783,ขายหนังสือ CS332 มือสอง นัดรับ หอสมุดป๋วย ได้ 😅🚨,normal,tu_marketplace,0.14,slang,X/Twitter,0,0,0,0,0,0,0,0,48,emoji,บริบททั่วไปหรือมีการนัดรับ/ตรวจสอบได้
784,อาจารย์ส่ง link zoom ใน classroom แล้วนะ 🥺‼️,normal,meeting,0.07,emoji,TU Marketplace,1,0,0,0,0,0,0,0,44,emoji,มีลิงก์หรือการชวนคลิกลิงก์; บริบททั่วไปหรือมีการนัดรับ/ตรวจสอบได้
785,ระบบ TU แจ้งเตือน ให้ update password ผ่าน tu-form.example.invalid ด่วน ‼️,scam,phishing,0.98,slang,SMS,1,0,0,0,0,1,0,0,74,emoji,มีลิงก์หรือการชวนคลิกลิงก์; มีคำเร่งเร้า
786,ขอโอนเต็มก่อน เดี๋ยวส่งเลขพัสดุให้ 🙏👍,suspicious,marketplace_risk,0.57,slang,Facebook Group,0,0,0,0,1,0,0,0,37,emoji,มีบริบทเกี่ยวกับเงิน/โอน/บัญชี; มีสัญญาณเสี่ยงแต่หลักฐานยังไม่ชัด
787,แอดมินคณะขอค่าจองสิทธิ์สอบ โอนมาที่ xxx-x-xxxxx-x ภายในวันนี้ ✨😅,scam,tu_scam,0.88,casual,Facebook Group,0,0,1,0,1,1,0,0,64,emoji,มีคำเร่งเร้า; มีบริบทเกี่ยวกับเงิน/โอน/บัญชี
788,ทักไลน์อย่างเดียวครับ ไม่ค่อยตอบในกลุ่ม ⚠️,suspicious,marketplace_risk,0.67,formal,SMS,0,0,0,0,0,0,0,0,42,emoji,มีสัญญาณเสี่ยงแต่หลักฐานยังไม่ชัด
789,หอพักแถวเชียงรากเดือนละไม่เกิน 4000 มีแนะนำไหม now ทัก DM,normal,tu_general,0.09,thai_english_mix,SMS,0,0,0,0,0,1,0,0,57,thai_english_mix,มีคำเร่งเร้า; บริบททั่วไปหรือมีการนัดรับ/ตรวจสอบได้
790,ขอเลขบัญชีพร้อมเพย์หน่อยครับ จะโอนค่าชีท 💸 inbox ได้,normal,tu_marketplace,0.11,slang,SMS,0,0,1,0,1,0,0,0,52,emoji,มีบริบทเกี่ยวกับเงิน/โอน/บัญชี; บริบททั่วไปหรือมีการนัดรับ/ตรวจสอบได้
791,ของถูกมาก แต่ต้องจองภายในวันนี้ 💸🥺 ทัก DM,suspicious,marketplace_risk,0.51,slang,Email,0,0,0,0,0,1,0,0,41,emoji,มีคำเร่งเร้า; มีสัญญาณเสี่ยงแต่หลักฐานยังไม่ชัด
792,คลิกลิงก์นี้เพื่อยืนยันบัญชีนักศึกษา tu-form.example.invalid ✅✨,scam,phishing,0.84,emoji,Discord,1,0,1,0,0,0,0,0,63,emoji,มีลิงก์หรือการชวนคลิกลิงก์
793,ส่งเลขบัญชีมา เดี๋ยวโอนค่าหนังสือให้ครับ 💬👍,normal,tu_marketplace,0.23,thai_english_mix,Email,0,0,1,0,1,0,0,0,43,emoji,มีบริบทเกี่ยวกับเงิน/โอน/บัญชี; บริบททั่วไปหรือมีการนัดรับ/ตรวจสอบได้
794,ขายหนังสือ EL171 มือสอง นัดรับ คณะวิทย์ ได้ 💬👍,normal,tu_marketplace,0.27,casual,Email,0,0,0,0,0,0,0,0,46,emoji,บริบททั่วไปหรือมีการนัดรับ/ตรวจสอบได้
795,ระบบแจ้งให้ยืนยันข้อมูลบางอย่างภายในวันนี้ 📌 ส่งในกลุ่มได้เลย,suspicious,phishing_risk,0.55,short_message,X/Twitter,0,0,0,0,0,1,0,0,61,emoji,มีคำเร่งเร้า; มีสัญญาณเสี่ยงแต่หลักฐานยังไม่ชัด
796,ราคาถูกกว่าปกติมาก แต่ไม่ให้วิดีโอคอลดูของ 📌 ทัก DM,suspicious,marketplace_risk,0.54,casual,Facebook Group,0,0,0,0,0,0,0,0,51,emoji,มีสัญญาณเสี่ยงแต่หลักฐานยังไม่ชัด
797,วันนี้ห้องเรียน บร.2 เปิดไหมคับ,normal,tu_general,0.07,thai_english_mix,X/Twitter,0,0,0,0,0,0,0,0,31,typo,บริบททั่วไปหรือมีการนัดรับ/ตรวจสอบได้
798,รับทุนการศึกษาเร่งด่วน กรอกข้อมูลและเลขบัญชีที่ bit.ly/example_fake ทัก DM,scam,fake_scholarship,0.92,short_message,LINE,1,0,1,0,1,1,1,0,74,none,มีลิงก์หรือการชวนคลิกลิงก์; มีคำเร่งเร้า; มีบริบทเกี่ยวกับเงิน/โอน/บัญชี
799,โอนมัดจำค่าหอ 500 บาทได้ไหมครับ verify pls,normal,tu_marketplace,0.26,short_message,Web Form,0,0,0,1,1,0,0,0,42,thai_english_mix,พบคำเกี่ยวกับ OTP/ยืนยันตัวตน; มีบริบทเกี่ยวกับเงิน/โอน/บัญชี; บริบททั่วไปหรือมีการนัดรับ/ตรวจสอบได้
800,คลิกลิงก์นี้เพื่อยืนยันบัญชีนักศึกษา tu-form.example.invalid ok?,scam,phishing,0.97,thai_english_mix,LINE,1,0,1,0,0,0,0,0,64,thai_english_mix,มีลิงก์หรือการชวนคลิกลิงก์
801,พัสดุติดปัญหา ชำระค่าธรรมเนียมที่ example.invalid/verify เพื่อรับของ 🔥,scam,delivery_scam,0.97,thai_english_mix,X/Twitter,1,0,0,1,0,0,0,0,70,emoji,พบคำเกี่ยวกับ OTP/ยืนยันตัวตน; มีลิงก์หรือการชวนคลิกลิงก์
802,ขายหนังสือ EL171 มือสอง นัดรับ โรงอาหารกลาง ได้,normal,tu_marketplace,0.25,formal,X/Twitter,0,0,0,0,0,0,0,0,47,repeat_chars,บริบททั่วไปหรือมีการนัดรับ/ตรวจสอบได้
803,มีใครขายชีท CS254 บ้างครับบบ,normal,tu_general,0.03,formal,Facebook Group,0,0,0,0,0,0,0,0,28,repeat_chars,บริบททั่วไปหรือมีการนัดรับ/ตรวจสอบได้
804,ขอแนวข้อสอบ EL171 หน่อยครับ ASAP,normal,tu_general,0.24,short_message,SMS,0,0,0,0,0,0,0,0,32,thai_english_mix,บริบททั่วไปหรือมีการนัดรับ/ตรวจสอบได้
805,ร้านกาแฟแถวรังสิตรับพาร์ทไทม์ ชั่วโมงละ 70 บาท มีสัมภาษณ์หน้าร้าน ok?,normal,tu_job_real,0.13,slang,X/Twitter,0,0,0,0,1,0,0,1,69,thai_english_mix,มีบริบทเกี่ยวกับเงิน/โอน/บัญชี; มีบริบทสมัครงาน/รายได้; บริบททั่วไปหรือมีการนัดรับ/ตรวจสอบได้
806,รับซื้อเครื่องคิดเลขมือสอง ขอราคาไม่แรง 😅✅,normal,tu_marketplace,0.17,casual,TU Marketplace,0,0,0,0,0,0,0,0,42,emoji,บริบททั่วไปหรือมีการนัดรับ/ตรวจสอบได้
807,ขอแนวข้อสอบ CS222 น่อยคับ,normal,tu_general,0.25,short_message,Facebook Group,0,0,0,0,0,0,0,0,25,typo,บริบททั่วไปหรือมีการนัดรับ/ตรวจสอบได้
808,บัญชีนี้ของแฟนเราเอง ปลอดภัยแน่นอน โอนมาเลย 👍,scam,marketplace_scam,0.87,formal,Discord,0,0,1,0,1,0,0,0,45,emoji,มีบริบทเกี่ยวกับเงิน/โอน/บัญชี
809,เจ้าหน้าที่มหาลัยขอ username password เพื่อตรวจสอบสถานะ 👍🚨,scam,impersonation,0.8,short_message,Discord,0,0,0,0,0,0,0,0,58,emoji,
810,ขอโอนเต็มก่อน เดี๋ยวส่งเลขพัสดุให้ 🥺🚨,suspicious,marketplace_risk,0.6,thai_english_mix,TU Marketplace,0,0,0,0,1,0,0,0,37,emoji,มีบริบทเกี่ยวกับเงิน/โอน/บัญชี; มีสัญญาณเสี่ยงแต่หลักฐานยังไม่ชัด
811,รุ่นพี่ฝากบอกให้โอนค่าชีทด่วน ไม่งั้นหมดสิทธิ์ 🙏💬,scam,tu_scam,0.87,thai_english_mix,IG DM,0,0,0,0,1,1,0,0,49,emoji,มีคำเร่งเร้า; มีบริบทเกี่ยวกับเงิน/โอน/บัญชี
812,วันนี้ห้องเรียน SC3 เปิดไหมครับ ✅,normal,tu_general,0.05,slang,Facebook Group,0,0,0,0,0,0,0,0,33,emoji,บริบททั่วไปหรือมีการนัดรับ/ตรวจสอบได้
813,ขายหนังสือ SC135 มือสอง นัดรับ คณะวิทย์ ได้,normal,tu_marketplace,0.26,casual,LINE,0,0,0,0,0,0,0,0,43,repeat_chars,บริบททั่วไปหรือมีการนัดรับ/ตรวจสอบได้
814,ใครเจอบัตรนักศึกษาที่ หอสมุดป๋วย ทักมาหน่อยครับ ✅,normal,tu_general,0.15,thai_english_mix,Web Form,0,0,0,0,0,0,0,0,49,emoji,บริบททั่วไปหรือมีการนัดรับ/ตรวจสอบได้
815,ส่งเลขบัญชีมา เดี๋ยวโอนค่าหนังสือให้ครับ,normal,tu_marketplace,0.23,casual,Facebook Group,0,0,1,0,1,0,0,0,40,none,มีบริบทเกี่ยวกับเงิน/โอน/บัญชี; บริบททั่วไปหรือมีการนัดรับ/ตรวจสอบได้
816,โอนมัดจำค่าหอ 100 บาทได้ไหมครับ ⚠️,normal,tu_marketplace,0.28,casual,LINE,0,0,0,0,1,0,0,0,34,emoji,มีบริบทเกี่ยวกับเงิน/โอน/บัญชี; บริบททั่วไปหรือมีการนัดรับ/ตรวจสอบได้
817,ขายหนังสือ SC135 มือสอง นัดรับ โรงอาหารกลาง ได้ 📌😅,normal,tu_marketplace,0.28,casual,Facebook Group,0,0,0,0,0,0,0,0,50,emoji,บริบททั่วไปหรือมีการนัดรับ/ตรวจสอบได้
818,ร้านกาแฟแถวรังสิตรับพาร์ทไทม์ ชั่วโมงละ 70 บาท มีสัมภาษณ์หน้าร้าน pls,normal,tu_job_real,0.17,short_message,TU Marketplace,0,0,0,0,1,0,0,1,69,thai_english_mix,มีบริบทเกี่ยวกับเงิน/โอน/บัญชี; มีบริบทสมัครงาน/รายได้; บริบททั่วไปหรือมีการนัดรับ/ตรวจสอบได้
819,สมัครงานง่ายๆ ได้เงินเร็ว แต่ต้องจ่ายค่าสมัครก่อน 🙏💬,suspicious,job_risk,0.57,emoji,Facebook Group,0,0,0,0,1,0,0,1,52,emoji,มีบริบทเกี่ยวกับเงิน/โอน/บัญชี; มีบริบทสมัครงาน/รายได้; มีสัญญาณเสี่ยงแต่หลักฐานยังไม่ชัด
820,ขอแนวข้อสอบ TU100 หน่อยครับ DM me,normal,tu_general,0.08,short_message,Discord,0,0,0,0,0,0,0,0,33,thai_english_mix,บริบททั่วไปหรือมีการนัดรับ/ตรวจสอบได้
821,ขาย iPad ใช้เรียน นัดรับในมอได้ เช็คของก่อนจ่าย 👍🚨,normal,tu_marketplace,0.12,formal,Email,0,0,0,0,0,0,0,0,50,emoji,บริบททั่วไปหรือมีการนัดรับ/ตรวจสอบได้
822,ส่งเลขบัญชีมา เดี๋ยวโอนค่าหนังสือให้ครับ ✨😅,normal,tu_marketplace,0.22,thai_english_mix,LINE,0,0,1,0,1,0,0,0,43,emoji,มีบริบทเกี่ยวกับเงิน/โอน/บัญชี; บริบททั่วไปหรือมีการนัดรับ/ตรวจสอบได้
823,พัสดุติดปัญหา ชำระค่าธรรมเนียมที่ forms.example.invalid/fake เพื่อรับของ 👍🥺,scam,delivery_scam,0.85,slang,Email,1,0,0,0,0,0,0,0,75,emoji,มีลิงก์หรือการชวนคลิกลิงก์
824,ขายหนังสือ CS254 มือสอง นัดรับ บร.2 ได้ ok?,normal,tu_marketplace,0.25,slang,Email,0,0,0,0,0,0,0,0,43,thai_english_mix,บริบททั่วไปหรือมีการนัดรับ/ตรวจสอบได้
825,กดลิงก์รับเงินคืนค่าธรรมเนียมการศึกษา [URL] 📌✨,scam,refund_scam,0.88,thai_english_mix,LINE,1,0,0,0,1,0,1,0,46,emoji,มีลิงก์หรือการชวนคลิกลิงก์; มีบริบทเกี่ยวกับเงิน/โอน/บัญชี
826,Your account has been suspended verify now forms.example.invalid/fake 🚨,scam,phishing,0.88,emoji,TU Marketplace,1,0,0,1,0,1,0,0,71,emoji,พบคำเกี่ยวกับ OTP/ยืนยันตัวตน; มีลิงก์หรือการชวนคลิกลิงก์; มีคำเร่งเร้า
827,ขาย iPad ใช้เรียน นัดรับในมอได้ เช็คของก่อนจ่าย ✅💬 ทัก DM,normal,tu_marketplace,0.03,thai_english_mix,Facebook Group,0,0,0,0,0,0,0,0,57,emoji,บริบททั่วไปหรือมีการนัดรับ/ตรวจสอบได้
828,แอดมินคณะขอค่าจองสิทธิ์สอบ โอนมาที่ xxx-x-xxxxx-x ภายในวันนี้,scam,tu_scam,0.98,emoji,TU Marketplace,0,0,1,0,1,1,0,0,61,none,มีคำเร่งเร้า; มีบริบทเกี่ยวกับเงิน/โอน/บัญชี
829,รีบโอนก่อนนะ เหลือคนเดียวแล้ว ✨⚠️,suspicious,marketplace_risk,0.74,short_message,IG DM,0,0,0,0,1,1,0,0,33,emoji,มีคำเร่งเร้า; มีบริบทเกี่ยวกับเงิน/โอน/บัญชี; มีสัญญาณเสี่ยงแต่หลักฐานยังไม่ชัด
830,แอดมินคณะขอค่าจองสิทธิ์สอบ โอนมาที่ บัญชี xxx123 ภายในวันนี้ 🔥🚨,scam,tu_scam,0.88,thai_english_mix,X/Twitter,0,0,1,0,1,1,0,0,63,emoji,มีคำเร่งเร้า; มีบริบทเกี่ยวกับเงิน/โอน/บัญชี
831,ทักไลน์อย่างเดียวครับ ไม่ค่อยตอบในกลุ่ม 📌🔥,suspicious,marketplace_risk,0.5,formal,Web Form,0,0,0,0,0,0,0,0,42,emoji,มีสัญญาณเสี่ยงแต่หลักฐานยังไม่ชัด
832,กรุณายืนยัน  OTP  เพื่อปลดล็อกบัญชีทันที inbox ได้,scam,otp,0.88,formal,LINE,0,0,1,1,0,1,0,0,50,spacing_noise,พบคำเกี่ยวกับ OTP/ยืนยันตัวตน; มีคำเร่งเร้า
833, Your  account  has  been  suspended  verify  now  forms.example.invalid/fake ,scam,phishing,0.96,slang,Discord,1,0,0,1,0,1,0,0,78,spacing_noise,พบคำเกี่ยวกับ OTP/ยืนยันตัวตน; มีลิงก์หรือการชวนคลิกลิงก์; มีคำเร่งเร้า
834,แอดมินคณะขอค่าจองสิทธิ์สอบ โอนมาที่ xxx-x-xxxxx-x ภายในวันนี้ 💬🚨,scam,tu_scam,0.98,thai_english_mix,X/Twitter,0,0,1,0,1,1,0,0,64,emoji,มีคำเร่งเร้า; มีบริบทเกี่ยวกับเงิน/โอน/บัญชี
835,นัดรับหน้า SC3 ได้ครับ สะดวกช่วงเย็น,normal,tu_marketplace,0.07,casual,Web Form,0,0,0,0,0,0,0,0,36,none,บริบททั่วไปหรือมีการนัดรับ/ตรวจสอบได้
836,ขายหนังสือ CS254 มือสอง นัดรับ SC3 ได้ 👍✅,normal,tu_marketplace,0.2,short_message,IG DM,0,0,0,0,0,0,0,0,41,emoji,บริบททั่วไปหรือมีการนัดรับ/ตรวจสอบได้
837,ระบบแจ้งให้ยืนยันข้อมูลบางอย่างภายในวันนี้ 🔥💸,suspicious,phishing_risk,0.69,short_message,X/Twitter,0,0,0,0,0,1,0,0,45,emoji,มีคำเร่งเร้า; มีสัญญาณเสี่ยงแต่หลักฐานยังไม่ชัด
838,บัญชีคุณถูกระงับ กรุณายืนยันตัวตนทันทีที่ [URL] verify pls,scam,phishing,0.91,formal,Discord,1,0,1,1,0,1,0,0,58,thai_english_mix,พบคำเกี่ยวกับ OTP/ยืนยันตัวตน; มีลิงก์หรือการชวนคลิกลิงก์; มีคำเร่งเร้า
839,งานออนไลน์ได้เงินวันละ 3000 ไม่ต้องสัมภาษณ์ สมัครด่วน 💬✨,scam,job_scam,0.95,formal,Discord,0,0,0,0,1,1,0,1,56,emoji,มีคำเร่งเร้า; มีบริบทเกี่ยวกับเงิน/โอน/บัญชี; มีบริบทสมัครงาน/รายได้
840,แอดมินคณะขอค่าจองสิทธิ์สอบ โอนมาที่ xxx-x-xxxxx-x ภายในวันนี้ 👍📌,scam,tu_scam,0.86,short_message,Facebook Group,0,0,1,0,1,1,0,0,64,emoji,มีคำเร่งเร้า; มีบริบทเกี่ยวกับเงิน/โอน/บัญชี
841,ร้านกาแฟแถวรังสิตรับพาร์ทไทม์ ชั่วโมงละ 50 บาท มีสัมภาษณ์หน้าร้าน 💬👍 ส่งในกลุ่มได้เลย,normal,tu_job_real,0.21,thai_english_mix,Email,0,0,0,0,1,0,0,1,85,emoji,มีบริบทเกี่ยวกับเงิน/โอน/บัญชี; มีบริบทสมัครงาน/รายได้; บริบททั่วไปหรือมีการนัดรับ/ตรวจสอบได้
842,กดลิงก์รับเงินคืนค่าธรรมเนียมการศึกษา tu-form.example.invalid 🙏✨,scam,refund_scam,0.97,thai_english_mix,SMS,1,0,0,0,1,0,1,0,64,emoji,มีลิงก์หรือการชวนคลิกลิงก์; มีบริบทเกี่ยวกับเงิน/โอน/บัญชี
843,หาคนช่วยงานอีเวนต์ในมอ มีรายละเอียดงานและสถานที่ชัดเจน now,normal,tu_job_real,0.24,casual,SMS,0,0,0,0,0,1,0,1,58,thai_english_mix,มีคำเร่งเร้า; มีบริบทสมัครงาน/รายได้; บริบททั่วไปหรือมีการนัดรับ/ตรวจสอบได้
844,โปรไฟล์ใหม่มาก แต่บอกว่าเป็นเจ้าหน้าที่มหาลัย 😅💬,suspicious,impersonation_risk,0.54,emoji,LINE,0,0,0,0,0,0,0,0,48,emoji,มีสัญญาณเสี่ยงแต่หลักฐานยังไม่ชัด
845,ใครเจอบัตรนักศึกษาที่ BRT ทักมาหน่อยครับ verify pls ส่งในกลุ่มได้เลย,normal,tu_general,0.27,thai_english_mix,Facebook Group,0,0,0,1,0,0,0,0,68,thai_english_mix,พบคำเกี่ยวกับ OTP/ยืนยันตัวตน; บริบททั่วไปหรือมีการนัดรับ/ตรวจสอบได้
846,มีคนจองหลายคน ถ้าเอาโอนมัดจำมาก่อนได้เลย verify pls ทัก DM,suspicious,marketplace_risk,0.49,formal,Discord,0,0,0,1,1,0,0,0,58,thai_english_mix,พบคำเกี่ยวกับ OTP/ยืนยันตัวตน; มีบริบทเกี่ยวกับเงิน/โอน/บัญชี; มีสัญญาณเสี่ยงแต่หลักฐานยังไม่ชัด
847,ทักไลน์อย่างเดียวครับ ไม่ค่อยตอบในกลุ่ม 💬✨,suspicious,marketplace_risk,0.52,casual,Email,0,0,0,0,0,0,0,0,42,emoji,มีสัญญาณเสี่ยงแต่หลักฐานยังไม่ชัด
848,ส่งเลขบัญชีมา เดี๋ยวโอนค่าหนังสือให้ครับ ทัก DM,normal,tu_marketplace,0.03,slang,TU Marketplace,0,0,1,0,1,0,0,0,47,none,มีบริบทเกี่ยวกับเงิน/โอน/บัญชี; บริบททั่วไปหรือมีการนัดรับ/ตรวจสอบได้
849,ขายหนังสือ EL171 มือสอง นัดรับ โรงอาหารกลาง ได้ ASAP ส่งในกลุ่มได้เลย,normal,tu_marketplace,0.07,emoji,Discord,0,0,0,0,0,0,0,0,69,thai_english_mix,บริบททั่วไปหรือมีการนัดรับ/ตรวจสอบได้
850,อาจารย์ส่ง link zoom ใน classroom แล้วนะ now ทัก DM,normal,meeting,0.14,thai_english_mix,Discord,1,0,0,0,0,1,0,0,51,thai_english_mix,มีลิงก์หรือการชวนคลิกลิงก์; มีคำเร่งเร้า; บริบททั่วไปหรือมีการนัดรับ/ตรวจสอบได้
851,ระบบแจ้งให้ยืนยัันข้อมูลบางอย่างภายในวันนี้ inbox ได้,suspicious,phishing_risk,0.46,casual,Web Form,0,0,0,0,0,1,0,0,53,typo,มีคำเร่งเร้า; มีสัญญาณเสี่ยงแต่หลักฐานยังไม่ชัด
852,ใครเจอบัตรนักศึกษาที่ คณะวิทย์ ทักมาหน่อยครับ 🥺,normal,tu_general,0.21,thai_english_mix,Discord,0,0,0,0,0,0,0,0,47,emoji,บริบททั่วไปหรือมีการนัดรับ/ตรวจสอบได้
853,หอพักแถวเชียงรากเดือนละไม่เกิน 3500 มีแนะนำไหม 🔥🥺,normal,tu_general,0.1,casual,Email,0,0,0,0,0,0,0,0,49,emoji,บริบททั่วไปหรือมีการนัดรับ/ตรวจสอบได้
854,กดลิ้งรับเงินคืนค่าธรรมเนียมการศึกษา example.invalid/verify,scam,refund_scam,0.8,emoji,Web Form,1,0,0,1,1,0,1,0,59,typo,พบคำเกี่ยวกับ OTP/ยืนยันตัวตน; มีลิงก์หรือการชวนคลิกลิงก์; มีบริบทเกี่ยวกับเงิน/โอน/บัญชี
855,แอดมินคณะขอค่าจองสิทธิ์สอบ โอนมาที่ พร้อมเพย์ 08x-xxx-xxxx ภายในวันนี้ ASAP,scam,tu_scam,0.9,thai_english_mix,Web Form,0,1,1,0,1,1,0,0,75,thai_english_mix,มีคำเร่งเร้า; มีบริบทเกี่ยวกับเงิน/โอน/บัญชี
856,ใครเจอบัตรนักศึกษาที่ โรงอาหารกลาง ทักมาหน่อยคับ,normal,tu_general,0.28,thai_english_mix,SMS,0,0,0,0,0,0,0,0,48,typo,บริบททั่วไปหรือมีการนัดรับ/ตรวจสอบได้
857,ใครเจอบัตรนักศึกษาที่ หน้าโดม ทักมาหน่อยครับ ✨🥺,normal,tu_general,0.29,emoji,LINE,0,0,0,0,0,0,0,0,47,emoji,บริบททั่วไปหรือมีการนัดรับ/ตรวจสอบได้
858,ไม่สะดวกนัดรับ ขอส่งอย่างเดียว โอนก่อนส่งนะ 😅🥺,suspicious,marketplace_risk,0.5,slang,SMS,0,0,0,0,1,0,0,0,46,emoji,มีบริบทเกี่ยวกับเงิน/โอน/บัญชี; มีสัญญาณเสี่ยงแต่หลักฐานยังไม่ชัด
859,ส่งรหัส OTP มาให้แอดมินเพื่อยืนยันตัวตนก่อนรับเงินคืน ASAP inbox ได้,scam,otp,0.85,emoji,X/Twitter,0,0,0,1,1,0,1,0,68,thai_english_mix,พบคำเกี่ยวกับ OTP/ยืนยันตัวตน; มีบริบทเกี่ยวกับเงิน/โอน/บัญชี
860,ขอแนวข้อสอบ SC135 หน่อยครับ 🔥🚨,normal,tu_general,0.09,emoji,SMS,0,0,0,0,0,0,0,0,30,emoji,บริบททั่วไปหรือมีการนัดรับ/ตรวจสอบได้
861,ขอเลขบัญชีพร้อมเพย์หน่อยครับ จะโอนค่าชีท 🔥‼️,normal,tu_marketplace,0.23,slang,Web Form,0,0,1,0,1,0,0,0,44,emoji,มีบริบทเกี่ยวกับเงิน/โอน/บัญชี; บริบททั่วไปหรือมีการนัดรับ/ตรวจสอบได้
862,มีลิงก์ Google Meet สำหรับประชุมไหมครับบบ,normal,meeting,0.25,emoji,Email,1,0,0,0,0,0,0,0,41,repeat_chars,มีลิงก์หรือการชวนคลิกลิงก์; บริบททั่วไปหรือมีการนัดรับ/ตรวจสอบได้
863,ระบบ TU แจ้งเตือน ให้ update password ผ่าน forms.example.invalid/fake ด่วน now,scam,phishing,0.95,casual,IG DM,1,0,0,0,0,1,0,0,78,thai_english_mix,มีลิงก์หรือการชวนคลิกลิงก์; มีคำเร่งเร้า
864,ใครเจอบัตรนักศึกษาที่ SC3 ทักมาหน่อยครับ 📌,normal,tu_general,0.22,thai_english_mix,Email,0,0,0,0,0,0,0,0,42,emoji,บริบททั่วไปหรือมีการนัดรับ/ตรวจสอบได้
865,ขอโอนเต็มก่อน เดี๋ยวส่งเลขพัสดุให้ 🚨⚠️,suspicious,marketplace_risk,0.63,short_message,TU Marketplace,0,0,0,0,1,0,0,0,38,emoji,มีบริบทเกี่ยวกับเงิน/โอน/บัญชี; มีสัญญาณเสี่ยงแต่หลักฐานยังไม่ชัด
866,คลิกลิงก์นี้เพื่อยืนยันบัญชีนักศึกษา tu-form.example.invalid ✅,scam,phishing,0.95,formal,IG DM,1,0,1,0,0,0,0,0,62,emoji,มีลิงก์หรือการชวนคลิกลิงก์
867,ขายหนังสือ CS332 มือสอง นัดรับ โรงอาหารกลาง ได้ 💸,normal,tu_marketplace,0.17,short_message,Web Form,0,0,0,0,0,0,0,0,49,emoji,บริบททั่วไปหรือมีการนัดรับ/ตรวจสอบได้
868,ส่งรหัส OTP มาให้แอดมินเพื่อยืนยันตัวตนก่อนรับเงินคืน ✅🙏,scam,otp,0.84,thai_english_mix,X/Twitter,0,0,0,1,1,0,1,0,56,emoji,พบคำเกี่ยวกับ OTP/ยืนยันตัวตน; มีบริบทเกี่ยวกับเงิน/โอน/บัญชี
869,ขอโอนเต็มก่อน เดี๋ยวส่งเลขพัสดุให้ 🥺😅,suspicious,marketplace_risk,0.49,casual,Email,0,0,0,0,1,0,0,0,37,emoji,มีบริบทเกี่ยวกับเงิน/โอน/บัญชี; มีสัญญาณเสี่ยงแต่หลักฐานยังไม่ชัด
870,ราคาถูกกว่าปกติมาก แต่ไม่ให้วิดีโอคอลดูของ 📌⚠️,suspicious,marketplace_risk,0.62,emoji,LINE,0,0,0,0,0,0,0,0,46,emoji,มีสัญญาณเสี่ยงแต่หลักฐานยังไม่ชัด
871,กรุณายืนยัน OTP เพื่อปลดล็อกบัญชีทันที 👍 inbox ได้,scam,otp,0.85,thai_english_mix,Facebook Group,0,0,1,1,0,1,0,0,50,emoji,พบคำเกี่ยวกับ OTP/ยืนยันตัวตน; มีคำเร่งเร้า
872,ส่งเลขบัญชีมา เดี๋ยวโอนค่าหนังสือให้ครับ ✅🔥 inbox ได้,normal,tu_marketplace,0.09,slang,TU Marketplace,0,0,1,0,1,0,0,0,53,emoji,มีบริบทเกี่ยวกับเงิน/โอน/บัญชี; บริบททั่วไปหรือมีการนัดรับ/ตรวจสอบได้
873,รับทุนการศึกษาเร่งด่วน กรอกข้อมูลและเลขบัญชีที่ example.invalid/verify pls,scam,fake_scholarship,0.81,short_message,SMS,1,0,1,1,1,1,1,0,74,thai_english_mix,พบคำเกี่ยวกับ OTP/ยืนยันตัวตน; มีลิงก์หรือการชวนคลิกลิงก์; มีคำเร่งเร้า; มีบริบทเกี่ยวกับเงิน/โอน/บัญชี
874,มีลิงก์ Google Meet สำหรับประชุมไหมครับ 🔥 ทัก DM,normal,meeting,0.06,slang,Discord,1,0,0,0,0,0,0,0,48,emoji,มีลิงก์หรือการชวนคลิกลิงก์; บริบททั่วไปหรือมีการนัดรับ/ตรวจสอบได้
875,วันนี้ห้องเรียน SC3 เปิดไหมครับ ok?,normal,tu_general,0.12,casual,Email,0,0,0,0,0,0,0,0,35,thai_english_mix,บริบททั่วไปหรือมีการนัดรับ/ตรวจสอบได้
876,รับทุนการศึกษาเร่งด่วน กรอกข้อมูลและเลขบัญชีที่ tu-form.example.invalid 🚨😅,scam,fake_scholarship,0.96,short_message,Discord,1,0,1,0,1,1,1,0,74,emoji,มีลิงก์หรือการชวนคลิกลิงก์; มีคำเร่งเร้า; มีบริบทเกี่ยวกับเงิน/โอน/บัญชี
877,คุณได้รับสิทธิ์ทุนพิเศษ โอนค่าดำเนินการ 200 บาทก่อนรับทุน 💸🥺,scam,fake_scholarship,0.94,casual,IG DM,0,0,0,0,1,0,1,0,60,emoji,มีบริบทเกี่ยวกับเงิน/โอน/บัญชี
878,มีลิงก์ให้กรอกข้อมูลเพื่อรับสิทธิ์ ลองเช็คก่อนนะะะ line: @fakeid,suspicious,phishing_risk,0.57,emoji,Facebook Group,1,0,0,0,0,0,0,0,64,repeat_chars,มีลิงก์หรือการชวนคลิกลิงก์; มีสัญญาณเสี่ยงแต่หลักฐานยังไม่ชัด
879,นัดรับหน้า โรงอาหารกลาง ได้ครับ สะดวกช่วงเย็น 😅💬,normal,tu_marketplace,0.25,slang,X/Twitter,0,0,0,0,0,0,0,0,48,emoji,บริบททั่วไปหรือมีการนัดรับ/ตรวจสอบได้
880,ขายหนังสือ CS332 มือสอง นัดรับ หน้าโดม ได้ ASAP,normal,tu_marketplace,0.1,short_message,X/Twitter,0,0,0,0,0,0,0,0,47,thai_english_mix,บริบททั่วไปหรือมีการนัดรับ/ตรวจสอบได้
881, ร้านกาแฟแถวรังสิตรับพาร์ทไทม์  ชั่วโมงละ  70  บาท  มีสัมภาษณ์หน้าร้าน ,normal,tu_job_real,0.07,thai_english_mix,Discord,0,0,0,0,1,0,0,1,71,spacing_noise,มีบริบทเกี่ยวกับเงิน/โอน/บัญชี; มีบริบทสมัครงาน/รายได้; บริบททั่วไปหรือมีการนัดรับ/ตรวจสอบได้
882,มีคนขอรหัสยืนยัน บอกว่าเป็นแอดมินกลุ่ม ✅🚨,suspicious,otp_risk,0.58,thai_english_mix,Discord,0,0,0,1,0,0,0,0,41,emoji,พบคำเกี่ยวกับ OTP/ยืนยันตัวตน; มีสัญญาณเสี่ยงแต่หลักฐานยังไม่ชัด
883,โปรไฟล์ใหม่มาก แต่บอกว่าเป็นเจ้าหน้าที่มหาลัย ok? line: @fakeid,suspicious,impersonation_risk,0.47,short_message,Web Form,0,0,0,0,0,0,0,0,63,thai_english_mix,มีสัญญาณเสี่ยงแต่หลักฐานยังไม่ชัด
884,มีใครขายชีท CS251 บ้างครับ DM me,normal,tu_general,0.28,thai_english_mix,TU Marketplace,0,0,0,0,0,0,0,0,32,thai_english_mix,บริบททั่วไปหรือมีการนัดรับ/ตรวจสอบได้
885,ไม่สะดวกนัดรับ ขอส่งอย่างเดียว โอนก่อนส่งนะ 🥺👍,suspicious,marketplace_risk,0.58,thai_english_mix,Email,0,0,0,0,1,0,0,0,46,emoji,มีบริบทเกี่ยวกับเงิน/โอน/บัญชี; มีสัญญาณเสี่ยงแต่หลักฐานยังไม่ชัด
886,นัดรับหน้า ประตูเชียงราก ได้ครับ สะดวกช่วงเย็น 📌,normal,tu_marketplace,0.29,slang,Email,0,0,0,0,0,0,0,0,48,emoji,บริบททั่วไปหรือมีการนัดรับ/ตรวจสอบได้
887, ขายหนังสือ  EL171  มือสอง  นัดรับ  โรงอาหารกลาง  ได้ ,normal,tu_marketplace,0.04,emoji,IG DM,0,0,0,0,0,0,0,0,54,spacing_noise,บริบททั่วไปหรือมีการนัดรับ/ตรวจสอบได้
888,คุณได้รับสิทธิ์ทุนพิเศษ โอนค่าดำเนินการ 1000 บาทก่อนรับทุน 🔥,scam,fake_scholarship,0.82,slang,X/Twitter,0,0,0,0,1,0,1,0,60,emoji,มีบริบทเกี่ยวกับเงิน/โอน/บัญชี
889,ใครเจอบัตรนักศึกษาที่ SC3 ทักมาหน่อยครับ now,normal,tu_general,0.02,short_message,SMS,0,0,0,0,0,1,0,0,44,thai_english_mix,มีคำเร่งเร้า; บริบททั่วไปหรือมีการนัดรับ/ตรวจสอบได้
890,ขาย iPad ใช้เรียน นัดรับในมอได้ เช็คของก่อนจ่าย ASAP line: @fakeid,normal,tu_marketplace,0.15,thai_english_mix,Email,0,0,0,0,0,0,0,0,66,thai_english_mix,บริบททั่วไปหรือมีการนัดรับ/ตรวจสอบได้
891,งานออนไลน์รายได้สูงมาก ไม่ต้องสัมภาษณ์ แค่ทักแชท DM me line: @fakeid,suspicious,job_risk,0.51,thai_english_mix,LINE,0,0,0,0,1,0,0,1,68,thai_english_mix,มีบริบทเกี่ยวกับเงิน/โอน/บัญชี; มีบริบทสมัครงาน/รายได้; มีสัญญาณเสี่ยงแต่หลักฐานยังไม่ชัด
892,มีลิงก์ Google Meet สำหรับประชุมไหมครับ ⚠️🔥 inbox ได้,normal,meeting,0.04,slang,Web Form,1,0,0,0,0,0,0,0,53,emoji,มีลิงก์หรือการชวนคลิกลิงก์; บริบททั่วไปหรือมีการนัดรับ/ตรวจสอบได้
893,คุณได้รับสิทธิ์ทุนพิเศษ โอนค่าดำเนินการ 1000 บาทก่อนรับทุน 🥺,scam,fake_scholarship,0.98,short_message,LINE,0,0,0,0,1,0,1,0,60,emoji,มีบริบทเกี่ยวกับเงิน/โอน/บัญชี
894,มีใครขายชีท CS251 บ้างครับ 💬 ทัก DM,normal,tu_general,0.03,emoji,Discord,0,0,0,0,0,0,0,0,35,emoji,บริบททั่วไปหรือมีการนัดรับ/ตรวจสอบได้
895,บัญชีคุณถูกระงับ กรุณายืนยันตัวตนทันทีที่ example.invalid/verify pls,scam,phishing,0.85,slang,Discord,1,0,1,1,0,1,0,0,68,thai_english_mix,พบคำเกี่ยวกับ OTP/ยืนยันตัวตน; มีลิงก์หรือการชวนคลิกลิงก์; มีคำเร่งเร้า
896,วันนี้ห้องเรียน หอสมุดป๋วย เปิดไหมครับ,normal,tu_general,0.16,short_message,TU Marketplace,0,0,0,0,0,0,0,0,38,none,บริบททั่วไปหรือมีการนัดรับ/ตรวจสอบได้
897,รับซื้อเครื่องคิดเลขมือสอง ขอราคาไม่แรง ‼️🔥,normal,tu_marketplace,0.23,thai_english_mix,IG DM,0,0,0,0,0,0,0,0,43,emoji,บริบททั่วไปหรือมีการนัดรับ/ตรวจสอบได้
898,ไม่สะดวกนัดรับ ขอส่งอย่างเดียว โอนนก่อนส่งนะ ทัก DM,suspicious,marketplace_risk,0.61,formal,Web Form,0,0,0,0,1,0,0,0,51,typo,มีบริบทเกี่ยวกับเงิน/โอน/บัญชี; มีสัญญาณเสี่ยงแต่หลักฐานยังไม่ชัด
899,บัญชีนี้ของแฟนเราเอง ปลอดภัยแน่นอน โอนมาเลย 😅⚠️,scam,marketplace_scam,0.92,casual,LINE,0,0,1,0,1,0,0,0,47,emoji,มีบริบทเกี่ยวกับเงิน/โอน/บัญชี
900,แอดมินคณะขอค่าจองสิทธิ์สอบ โอนมาที่ พร้อมเพย์ 08x-xxx-xxxx ภายในวันนี้ now,scam,tu_scam,0.91,casual,TU Marketplace,0,1,1,0,1,1,0,0,74,thai_english_mix,มีคำเร่งเร้า; มีบริบทเกี่ยวกับเงิน/โอน/บัญชี
901,มีใครขายชีท CS254 บ้างครับ ASAP,normal,tu_general,0.16,casual,SMS,0,0,0,0,0,0,0,0,31,thai_english_mix,บริบททั่วไปหรือมีการนัดรับ/ตรวจสอบได้
902,สมัครงาน part-time online จ่ายค่าสมัครก่อน 1000 แล้วเริ่มงานได้เลย now,scam,job_scam,0.92,slang,SMS,0,0,0,0,0,1,0,1,70,thai_english_mix,มีคำเร่งเร้า; มีบริบทสมัครงาน/รายได้
903,ขายหนังสือ CS332 มือสอง นัดรับ คณะวิทย์ ได้,normal,tu_marketplace,0.16,thai_english_mix,SMS,0,0,0,0,0,0,0,0,43,typo,บริบททั่วไปหรือมีการนัดรับ/ตรวจสอบได้
904,มีลิงก์ให้กรอกข้อมูลเพื่อรับสิทธิ์ ลองเช็คก่อนนะ line: @fakeid,suspicious,phishing_risk,0.68,thai_english_mix,LINE,1,0,0,0,0,0,0,0,62,none,มีลิงก์หรือการชวนคลิกลิงก์; มีสัญญาณเสี่ยงแต่หลักฐานยังไม่ชัด
905,รับซื้อเครื่องคิดเลขมือสอง ขอราคาไม่แรง DM me inbox ได้,normal,tu_marketplace,0.09,slang,SMS,0,0,0,0,0,0,0,0,55,thai_english_mix,บริบททั่วไปหรือมีการนัดรับ/ตรวจสอบได้
906,รับซื้อเครื่องคิดเลขมือสอง ขอราคาไม่แรง 👍💬,normal,tu_marketplace,0.17,slang,LINE,0,0,0,0,0,0,0,0,42,emoji,บริบททั่วไปหรือมีการนัดรับ/ตรวจสอบได้
907,สมัครงาน part-time online จ่ายค่าสมัครก่อน 100 แล้วเริ่มงานได้เลย pls,scam,job_scam,0.86,thai_english_mix,Discord,0,0,0,0,0,0,0,1,69,thai_english_mix,มีบริบทสมัครงาน/รายได้
908,หอพักแถวเชียงรากเดือนละไม่เกิน 4000 มีแนะนำไหม ✨✅,normal,tu_general,0.12,emoji,IG DM,0,0,0,0,0,0,0,0,49,emoji,บริบททั่วไปหรือมีการนัดรับ/ตรวจสอบได้
909,ของถูกมาก แต่ต้องจองภายในวันนี้ 🚨✨,suspicious,marketplace_risk,0.59,thai_english_mix,TU Marketplace,0,0,0,0,0,1,0,0,34,emoji,มีคำเร่งเร้า; มีสัญญาณเสี่ยงแต่หลักฐานยังไม่ชัด
910, บัญชีนี้ของแฟนเราเอง  ปลอดภัยแน่นอน  โอนมาเลย  ทัก DM,scam,marketplace_scam,0.92,thai_english_mix,LINE,0,0,1,0,1,0,0,0,54,spacing_noise,มีบริบทเกี่ยวกับเงิน/โอน/บัญชี
911,สมัครงานง่ายๆ ได้เงินเร็ว แต่ต้องจ่ายค่าสมัครก่อน ‼️🚨,suspicious,job_risk,0.65,thai_english_mix,Email,0,0,0,0,1,0,0,1,53,emoji,มีบริบทเกี่ยวกับเงิน/โอน/บัญชี; มีบริบทสมัครงาน/รายได้; มีสัญญาณเสี่ยงแต่หลักฐานยังไม่ชัด
912,รับหิ้วของจากญี่ปุ่น สนใจทักได้ นัดรับได้ในมอ 🙏👍,normal,tu_general,0.13,casual,Facebook Group,0,0,0,0,0,0,0,0,48,emoji,บริบททั่วไปหรือมีการนัดรับ/ตรวจสอบได้
913,บอกว่ามีทุนพิเศษแต่ต้องรีบกรอกข้อมูล 🚨🔥,suspicious,tu_scam_risk,0.5,emoji,Email,0,0,0,0,1,1,1,0,39,emoji,มีคำเร่งเร้า; มีบริบทเกี่ยวกับเงิน/โอน/บัญชี; มีสัญญาณเสี่ยงแต่หลักฐานยังไม่ชัด
914,หาคนช่วยงานอีเวนต์ในมอ มีรายละเอียดงานและสถานที่ชัดเจน 😅🥺,normal,tu_job_real,0.16,emoji,LINE,0,0,0,0,0,0,0,1,57,emoji,มีบริบทสมัครงาน/รายได้; บริบททั่วไปหรือมีการนัดรับ/ตรวจสอบได้
915,หอพักแถวเชียงรากเดือนละไม่เกิน 3500 มีแนะนำไหม now,normal,tu_general,0.2,slang,LINE,0,0,0,0,0,1,0,0,50,thai_english_mix,มีคำเร่งเร้า; บริบททั่วไปหรือมีการนัดรับ/ตรวจสอบได้
916,โอนมัดจำค่าหอ 300 บาทได้ไหมครับ,normal,tu_marketplace,0.2,casual,SMS,0,0,0,0,1,0,0,0,31,repeat_chars,มีบริบทเกี่ยวกับเงิน/โอน/บัญชี; บริบททั่วไปหรือมีการนัดรับ/ตรวจสอบได้
917,โอนมัดจำค่าหอ 200 บาทได้ไหมครับ 😅🚨 inbox ได้,normal,tu_marketplace,0.13,casual,Facebook Group,0,0,0,0,1,0,0,0,44,emoji,มีบริบทเกี่ยวกับเงิน/โอน/บัญชี; บริบททั่วไปหรือมีการนัดรับ/ตรวจสอบได้
918,ประกาศจากคณะให้กรอกแบบประเมินรายวิชาในระบบทางการ 😅 ทัก DM,normal,admin_real,0.11,slang,SMS,0,0,0,0,0,0,0,0,57,emoji,บริบททั่วไปหรือมีการนัดรับ/ตรวจสอบได้
919,ส่งรหัส OTP มาให้แอดมินเพื่อยืนยันตัวตนก่อนรับเงินคืน ASAP line: @fakeid,scam,otp,0.97,slang,Email,0,0,0,1,1,0,1,0,72,thai_english_mix,พบคำเกี่ยวกับ OTP/ยืนยันตัวตน; มีบริบทเกี่ยวกับเงิน/โอน/บัญชี
920,ส่งเลขบัญชีมา เดี๋ยวโอนค่าหนังสือให้ครับ 🚨🔥,normal,tu_marketplace,0.06,casual,X/Twitter,0,0,1,0,1,0,0,0,43,emoji,มีบริบทเกี่ยวกับเงิน/โอน/บัญชี; บริบททั่วไปหรือมีการนัดรับ/ตรวจสอบได้
921,ส่งรหัส OTP มาให้แอดมินเพื่อยืนยันตัวตนก่อนรับเงินคืน 🚨📌,scam,otp,0.94,formal,Discord,0,0,0,1,1,0,1,0,56,emoji,พบคำเกี่ยวกับ OTP/ยืนยันตัวตน; มีบริบทเกี่ยวกับเงิน/โอน/บัญชี
922,อาจารย์ส่ง link zoom ใน classroom แล้วนะ ✅💬,normal,meeting,0.03,short_message,IG DM,1,0,0,0,0,0,0,0,43,emoji,มีลิงก์หรือการชวนคลิกลิงก์; บริบททั่วไปหรือมีการนัดรับ/ตรวจสอบได้
923,ร้านกาแฟแถวรังสิตรับพาร์ทไทม์ ชั่วโมงละ 60 บาท มีสัมภาษณ์หน้าร้าน 📌⚠️,normal,tu_job_real,0.11,emoji,Facebook Group,0,0,0,0,1,0,0,1,69,emoji,มีบริบทเกี่ยวกับเงิน/โอน/บัญชี; มีบริบทสมัครงาน/รายได้; บริบททั่วไปหรือมีการนัดรับ/ตรวจสอบได้
924,กดลิงก์รับเงินคืนค่าธรรมเนียมการศึกษา example.invalid/verify 📌,scam,refund_scam,0.97,casual,IG DM,1,0,0,1,1,0,1,0,62,emoji,พบคำเกี่ยวกับ OTP/ยืนยันตัวตน; มีลิงก์หรือการชวนคลิกลิงก์; มีบริบทเกี่ยวกับเงิน/โอน/บัญชี
925,หาคนช่วยงานอีเวนต์ในมอ มีรายละเอียดงานและสถานที่ชัดเจน 💬🚨,normal,tu_job_real,0.11,formal,TU Marketplace,0,0,0,0,0,0,0,1,57,emoji,มีบริบทสมัครงาน/รายได้; บริบททั่วไปหรือมีการนัดรับ/ตรวจสอบได้
926,มีคนขอรหัสยืนยัน  บอกว่าเป็นแอดมินกลุ่ม ทัก DM,suspicious,otp_risk,0.72,formal,Email,0,0,0,1,0,0,0,0,46,spacing_noise,พบคำเกี่ยวกับ OTP/ยืนยันตัวตน; มีสัญญาณเสี่ยงแต่หลักฐานยังไม่ชัด
927, ขอโอนเต็มก่อน  เดี๋ยวส่งเลขพัสดุให้  ส่งในกลุ่มได้เลย,suspicious,marketplace_risk,0.64,short_message,Email,0,0,0,0,1,0,0,0,54,spacing_noise,มีบริบทเกี่ยวกับเงิน/โอน/บัญชี; มีสัญญาณเสี่ยงแต่หลักฐานยังไม่ชัด
928,ระบบแจ้งให้ยืนยันข้อมูลบางอย่างภายในวันนี้ ‼️⚠️,suspicious,phishing_risk,0.45,casual,IG DM,0,0,0,0,0,1,0,0,47,emoji,มีคำเร่งเร้า; มีสัญญาณเสี่ยงแต่หลักฐานยังไม่ชัด
929,หอพักแถวเชียงรากเดือนละไม่เกิน 4500 มีแนะนำไหม ASAP,normal,tu_general,0.2,formal,TU Marketplace,0,0,0,0,0,0,0,0,51,thai_english_mix,บริบททั่วไปหรือมีการนัดรับ/ตรวจสอบได้
930,Your account has been suspended verify now example.invalid/verify now,scam,phishing,0.83,thai_english_mix,SMS,1,0,0,1,0,1,0,0,69,thai_english_mix,พบคำเกี่ยวกับ OTP/ยืนยันตัวตน; มีลิงก์หรือการชวนคลิกลิงก์; มีคำเร่งเร้า
931,เจ้าหน้าที่มหาลัยขอ username password เพื่อตรวจสอบสถานะ 💸🔥,scam,impersonation,0.89,slang,Facebook Group,0,0,0,0,0,0,0,0,58,emoji,
932,สมัครงานง่ายๆ ได้เงินเร็ว แต่ต้องจ่ายค่าสมัครก่อน 🙏🚨 ส่งในกลุ่มได้เลย,suspicious,job_risk,0.48,casual,SMS,0,0,0,0,1,0,0,1,69,emoji,มีบริบทเกี่ยวกับเงิน/โอน/บัญชี; มีบริบทสมัครงาน/รายได้; มีสัญญาณเสี่ยงแต่หลักฐานยังไม่ชัด
933,ร้านกาแฟแถวรังสิตรับพาร์ทไทม์ ชั่วโมงละ 60 บาท มีสัมภาษณ์หน้าร้าน verify pls,normal,tu_job_real,0.24,short_message,LINE,0,0,0,1,1,0,0,1,76,thai_english_mix,พบคำเกี่ยวกับ OTP/ยืนยันตัวตน; มีบริบทเกี่ยวกับเงิน/โอน/บัญชี; มีบริบทสมัครงาน/รายได้; บริบททั่วไปหรือมีการนัดรับ/ตรวจสอบได้
934,ขายหนังสือ CS332 มือสอง นัดรับ BRT ได้ 🙏📌,normal,tu_marketplace,0.04,emoji,TU Marketplace,0,0,0,0,0,0,0,0,41,emoji,บริบททั่วไปหรือมีการนัดรับ/ตรวจสอบได้
935, อ้างว่าเป็นรุ่นพี่คณะ  ขอให้โอนเงินช่วยจองสิทธิ์  ทัก DM,suspicious,tu_scam_risk,0.7,emoji,Email,0,0,0,0,1,0,0,0,57,spacing_noise,มีบริบทเกี่ยวกับเงิน/โอน/บัญชี; มีสัญญาณเสี่ยงแต่หลักฐานยังไม่ชัด
936,หอพักแถวเชียงรากเดือนละไม่เกิน 4000 มีแนะนำไหม ทัก DM,normal,tu_general,0.05,emoji,Facebook Group,0,0,0,0,0,0,0,0,53,none,บริบททั่วไปหรือมีการนัดรับ/ตรวจสอบได้
937,บัญชีคุณถูกระงับ กรุณายืนยันตัวตนทันทีที่ bit.ly/example_fake ‼️,scam,phishing,0.88,slang,Web Form,1,0,1,1,0,1,0,0,64,emoji,พบคำเกี่ยวกับ OTP/ยืนยันตัวตน; มีลิงก์หรือการชวนคลิกลิงก์; มีคำเร่งเร้า
938,มีคนจองหลายคน ถ้าเอาโอนมัดจำมาก่อนได้เลย ‼️✨,suspicious,marketplace_risk,0.54,thai_english_mix,X/Twitter,0,0,0,0,1,0,0,0,44,emoji,มีบริบทเกี่ยวกับเงิน/โอน/บัญชี; มีสัญญาณเสี่ยงแต่หลักฐานยังไม่ชัด
939,ระบบแจ้งให้ยืนยันข้อมูลบางอย่างภายในวันนี้ verify pls inbox ได้,suspicious,phishing_risk,0.61,emoji,X/Twitter,0,0,0,1,0,1,0,0,63,thai_english_mix,พบคำเกี่ยวกับ OTP/ยืนยันตัวตน; มีคำเร่งเร้า; มีสัญญาณเสี่ยงแต่หลักฐานยังไม่ชัด
940,หอพักแถวเชียงรากเดือนละไม่เกิน 4000 มีแนะนำไหม 🚨,normal,tu_general,0.29,slang,TU Marketplace,0,0,0,0,0,0,0,0,48,emoji,บริบททั่วไปหรือมีการนัดรับ/ตรวจสอบได้
941,ทักไลน์อย่างเดียวครับ ไม่ค่อยตอบในกลุ่ม ✨🔥,suspicious,marketplace_risk,0.56,casual,SMS,0,0,0,0,0,0,0,0,42,emoji,มีสัญญาณเสี่ยงแต่หลักฐานยังไม่ชัด
942,อ้างว่าเป็นรุ่นพี่คณะ ขอให้โอนเงินช่วยจองงสิทธิ์ line: @fakeid,suspicious,tu_scam_risk,0.56,slang,Web Form,0,0,0,0,1,0,0,0,62,repeat_chars,มีบริบทเกี่ยวกับเงิน/โอน/บัญชี; มีสัญญาณเสี่ยงแต่หลักฐานยังไม่ชัด
943,มีลิงก์ให้กรอกข้อมูลเพื่อรับสิทธิ์ ลองเช็คก่อนนะ ‼️🔥,suspicious,phishing_risk,0.46,emoji,IG DM,1,0,0,0,0,0,0,0,52,emoji,มีลิงก์หรือการชวนคลิกลิงก์; มีสัญญาณเสี่ยงแต่หลักฐานยังไม่ชัด
944,แอดมินคณะขอค่าจองสิทธิ์สอบ โอนมาที่ xxx-x-xxxxx-x ภายในวันนี้ line: @fakeid,scam,tu_scam,0.94,thai_english_mix,X/Twitter,0,0,1,0,1,1,0,0,75,none,มีคำเร่งเร้า; มีบริบทเกี่ยวกับเงิน/โอน/บัญชี
945,รีบโอนก่อนนะ เหลือคนเดียวแล้ว ⚠️🥺,suspicious,marketplace_risk,0.7,formal,IG DM,0,0,0,0,1,1,0,0,33,emoji,มีคำเร่งเร้า; มีบริบทเกี่ยวกับเงิน/โอน/บัญชี; มีสัญญาณเสี่ยงแต่หลักฐานยังไม่ชัด
946,เจ้าหน้าที่มหาลัยขอ username password เพื่อตรวจสอบสถานะ 🙏,scam,impersonation,0.94,casual,Discord,0,0,0,0,0,0,0,0,57,emoji,
947,รุ่นพี่ฝากบอกให้โอนค่าชีทด่วน ไม่งั้นหมดสิทธิ์ 😅✅,scam,tu_scam,0.81,formal,SMS,0,0,0,0,1,1,0,0,49,emoji,มีคำเร่งเร้า; มีบริบทเกี่ยวกับเงิน/โอน/บัญชี
948,คุณได้รับสิทธิ์ทุนพิเศษ โอนค่าดำเนินการ 300 บาทก่อนรับทุน 🔥✨,scam,fake_scholarship,0.81,short_message,Discord,0,0,0,0,1,0,1,0,60,emoji,มีบริบทเกี่ยวกับเงิน/โอน/บัญชี
949,กรุณายืนยัน OTP เพื่อปลดล็อกบัญชีทันที verify pls,scam,otp,0.94,thai_english_mix,Facebook Group,0,0,1,1,0,1,0,0,49,thai_english_mix,พบคำเกี่ยวกับ OTP/ยืนยันตัวตน; มีคำเร่งเร้า
950,มีใครขายชีท EL171 บ้างครับ ส่งในกลุ่มได้เลย,normal,tu_general,0.19,short_message,Web Form,0,0,0,0,0,0,0,0,43,none,บริบททั่วไปหรือมีการนัดรับ/ตรวจสอบได้
951,ของถูกมาก แต่ต้องจองภายในวันนี้ ทัก DM,suspicious,marketplace_risk,0.75,thai_english_mix,Email,0,0,0,0,0,1,0,0,38,repeat_chars,มีคำเร่งเร้า; มีสัญญาณเสี่ยงแต่หลักฐานยังไม่ชัด
952,มีใครขายชีท  MA211  บ้างครับ,normal,tu_general,0.28,formal,TU Marketplace,0,0,0,0,0,0,0,0,28,spacing_noise,บริบททั่วไปหรือมีการนัดรับ/ตรวจสอบได้
953,โอนมัดจำค่าหอ 100 บาทได้ไหมครับ ‼️✨,normal,tu_marketplace,0.07,casual,Discord,0,0,0,0,1,0,0,0,35,emoji,มีบริบทเกี่ยวกับเงิน/โอน/บัญชี; บริบททั่วไปหรือมีการนัดรับ/ตรวจสอบได้
954,สมัครงาน part-time online จ่ายค่าสมัครก่อน 500 แล้วเริ่มงานได้เลย ok?,scam,job_scam,0.87,emoji,Web Form,0,0,0,0,0,0,0,1,69,thai_english_mix,มีบริบทสมัครงาน/รายได้
955,อ้างว่าเป็นรุ่นพี่คณะ ขอให้โอนเงินช่วยจองสิทธิ์ 🥺🚨,suspicious,tu_scam_risk,0.72,formal,Email,0,0,0,0,1,0,0,0,50,emoji,มีบริบทเกี่ยวกับเงิน/โอน/บัญชี; มีสัญญาณเสี่ยงแต่หลักฐานยังไม่ชัด
956,มีลิงก์ Google Meet สำหรับประชุมไหมครับ 🔥⚠️,normal,meeting,0.28,thai_english_mix,IG DM,1,0,0,0,0,0,0,0,43,emoji,มีลิงก์หรือการชวนคลิกลิงก์; บริบททั่วไปหรือมีการนัดรับ/ตรวจสอบได้
957,โอนเต็มก่อนเท่านั้น ไม่รับนัด ไม่รับวิดีโอคอล 🙏📌,scam,marketplace_scam,0.98,thai_english_mix,Email,0,0,0,0,1,0,0,0,48,emoji,มีบริบทเกี่ยวกับเงิน/โอน/บัญชี
958,โปรไฟล์ใหม่มาก แต่บอกว่าเป็นเจ้าหน้าที่มหาลัย 💸✨,suspicious,impersonation_risk,0.7,emoji,Discord,0,0,0,0,0,0,0,0,48,emoji,มีสัญญาณเสี่ยงแต่หลักฐานยังไม่ชัด
959,มีใครขายชีท EL171 บ้างครับ ‼️💸,normal,tu_general,0.1,slang,Web Form,0,0,0,0,0,0,0,0,30,emoji,บริบททั่วไปหรือมีการนัดรับ/ตรวจสอบได้
960,แอดมินคณะขอค่าจองสิทธิ์สอบ โอนมาที่ พร้อมเพย์ 08x-xxx-xxxx ภายในวันนี้ 👍‼️,scam,tu_scam,0.84,thai_english_mix,Discord,0,1,1,0,1,1,0,0,74,emoji,มีคำเร่งเร้า; มีบริบทเกี่ยวกับเงิน/โอน/บัญชี
961,ส่งรหัส OTP มาให้แอดมินเพื่อยืนยันตัวตนก่อนรับเงินคืน 📌👍,scam,otp,0.96,casual,Email,0,0,0,1,1,0,1,0,56,emoji,พบคำเกี่ยวกับ OTP/ยืนยันตัวตน; มีบริบทเกี่ยวกับเงิน/โอน/บัญชี
962,มีใครขายชีท CS251 บ้างครับ 🙏🔥 inbox ได้,normal,tu_general,0.25,short_message,LINE,0,0,0,0,0,0,0,0,39,emoji,บริบททั่วไปหรือมีการนัดรับ/ตรวจสอบได้
963,โอนมัดจำค่าหอ 300 บาทได้ไหมครับ ✨ line: @fakeid,normal,tu_marketplace,0.15,emoji,Web Form,0,0,0,0,1,0,0,0,47,emoji,มีบริบทเกี่ยวกับเงิน/โอน/บัญชี; บริบททั่วไปหรือมีการนัดรับ/ตรวจสอบได้
964,แอดมินคณะขอค่าจองสิทธิ์สอบ โอนมาที่ พร้อมเพย์ 08x-xxx-xxxx ภายในวันนี้ ✅ inbox ได้,scam,tu_scam,0.84,casual,Web Form,0,1,1,0,1,1,0,0,82,emoji,มีคำเร่งเร้า; มีบริบทเกี่ยวกับเงิน/โอน/บัญชี
965,รุ่นพี่ฝากบอกให้โอนนค่าชีทด่วน ไม่งั้นหมดสิทธิ์,scam,tu_scam,0.86,slang,LINE,0,0,0,0,1,1,0,0,47,typo,มีคำเร่งเร้า; มีบริบทเกี่ยวกับเงิน/โอน/บัญชี
966," งานออนไลน์ได้เงินวันละ  10,000  ไม่ต้องสัมภาษณ์  สมัครด่วน  line: @fakeid",scam,job_scam,0.8,casual,Facebook Group,0,0,0,0,1,1,0,1,74,spacing_noise,มีคำเร่งเร้า; มีบริบทเกี่ยวกับเงิน/โอน/บัญชี; มีบริบทสมัครงาน/รายได้
967,มีคนจองหลายคน ถ้าเอาโอนมัดจำมาก่อนได้เลย ⚠️👍,suspicious,marketplace_risk,0.53,emoji,Facebook Group,0,0,0,0,1,0,0,0,44,emoji,มีบริบทเกี่ยวกับเงิน/โอน/บัญชี; มีสัญญาณเสี่ยงแต่หลักฐานยังไม่ชัด
968,บัญชีคุณถูกระงับ กรุณายืนยันตัวตนทันทีที่ forms.example.invalid/fake DM me,scam,phishing,0.91,thai_english_mix,Discord,1,0,1,1,0,1,0,0,74,thai_english_mix,พบคำเกี่ยวกับ OTP/ยืนยันตัวตน; มีลิงก์หรือการชวนคลิกลิงก์; มีคำเร่งเร้า
969,ราคาถูกกว่าปกติมาก แต่ไม่ให้วิดีโอคอลดูของ ASAP,suspicious,marketplace_risk,0.58,emoji,Email,0,0,0,0,0,0,0,0,47,thai_english_mix,มีสัญญาณเสี่ยงแต่หลักฐานยังไม่ชัด
970,คลิกลิงก์นี้เพื่อยืนยันบัญชีนักศึกษา forms.example.invalid/fake ‼️👍 inbox ได้,scam,phishing,0.95,casual,LINE,1,0,1,0,0,0,0,0,77,emoji,มีลิงก์หรือการชวนคลิกลิงก์
971,หอพักแถวเชียงรากเดือนละไม่เกิน 5000 มีแนะะะนำไหม,normal,tu_general,0.04,thai_english_mix,Discord,0,0,0,0,0,0,0,0,48,repeat_chars,บริบททั่วไปหรือมีการนัดรับ/ตรวจสอบได้
972,รหัสยืนยันถูกส่งไปแล้ว กรุณาแจ้งรหัสภายใน 5 นาที 💸,scam,otp,0.87,emoji,Email,0,0,0,1,0,1,0,0,50,emoji,พบคำเกี่ยวกับ OTP/ยืนยันตัวตน; มีคำเร่งเร้า
973,สมัครงานง่ายๆ ได้เงินเร็ว แต่ต้องจ่ายค่าสมัครก่อน 🥺🔥,suspicious,job_risk,0.53,emoji,Discord,0,0,0,0,1,0,0,1,52,emoji,มีบริบทเกี่ยวกับเงิน/โอน/บัญชี; มีบริบทสมัครงาน/รายได้; มีสัญญาณเสี่ยงแต่หลักฐานยังไม่ชัด
974,พัสดุติดปัญหา ชำระค่าธรรมเนียมที่ example.invalid/verify เพื่อรับของ verify pls,scam,delivery_scam,0.91,formal,IG DM,1,0,0,1,0,0,0,0,79,thai_english_mix,พบคำเกี่ยวกับ OTP/ยืนยันตัวตน; มีลิงก์หรือการชวนคลิกลิงก์
975,สมัครงาน part-time online จ่ายค่าสมัครก่อน 300 แล้วเริ่มงานได้เลย 👍✅,scam,job_scam,0.84,slang,TU Marketplace,0,0,0,0,0,0,0,1,68,emoji,มีบริบทสมัครงาน/รายได้
976,ระบบ TU แจ้งเตือน ให้ update password ผ่าน example.invalid/verify ด่วน ASAP,scam,phishing,0.89,thai_english_mix,SMS,1,0,0,1,0,1,0,0,75,thai_english_mix,พบคำเกี่ยวกับ OTP/ยืนยันตัวตน; มีลิงก์หรือการชวนคลิกลิงก์; มีคำเร่งเร้า
977,หอพักแถวเชียงรากเดือนละไม่เกิน 5000 มีแนะนำไหม inbox ได้,normal,tu_general,0.18,casual,SMS,0,0,0,0,0,0,0,0,56,typo,บริบททั่วไปหรือมีการนัดรับ/ตรวจสอบได้
978,นัดรับหน้า คณะวิทย์ ได้ครับบบ สะดวกช่วงเย็น,normal,tu_marketplace,0.25,formal,Discord,0,0,0,0,0,0,0,0,43,repeat_chars,บริบททั่วไปหรือมีการนัดรับ/ตรวจสอบได้
979,มีใครขายชีท EL171 บ้างครับ 🔥🙏,normal,tu_general,0.02,casual,X/Twitter,0,0,0,0,0,0,0,0,29,emoji,บริบททั่วไปหรือมีการนัดรับ/ตรวจสอบได้
980,บอกว่ามีทุนพิเศษแต่ต้องรีบกรอกข้อมูล 🔥✅,suspicious,tu_scam_risk,0.47,emoji,Discord,0,0,0,0,1,1,1,0,39,emoji,มีคำเร่งเร้า; มีบริบทเกี่ยวกับเงิน/โอน/บัญชี; มีสัญญาณเสี่ยงแต่หลักฐานยังไม่ชัด
981,สมัครงานง่ายๆ ได้เงินเร็ว แต่ต้องจ่ายค่าสมัครก่อน 😅‼️,suspicious,job_risk,0.52,emoji,Discord,0,0,0,0,1,0,0,1,53,emoji,มีบริบทเกี่ยวกับเงิน/โอน/บัญชี; มีบริบทสมัครงาน/รายได้; มีสัญญาณเสี่ยงแต่หลักฐานยังไม่ชัด
982,บอกว่ามีทุนพิเศษแต่ต้องรีบกรอกข้อมูล 🔥🥺,suspicious,tu_scam_risk,0.56,casual,TU Marketplace,0,0,0,0,1,1,1,0,39,emoji,มีคำเร่งเร้า; มีบริบทเกี่ยวกับเงิน/โอน/บัญชี; มีสัญญาณเสี่ยงแต่หลักฐานยังไม่ชัด
983,มีคนขอรหัสยืนยัน บอกว่าเป็นแอดมินกลุ่ม ทัก DM,suspicious,otp_risk,0.73,short_message,IG DM,0,0,0,1,0,0,0,0,45,none,พบคำเกี่ยวกับ OTP/ยืนยันตัวตน; มีสัญญาณเสี่ยงแต่หลักฐานยังไม่ชัด
984,มีลิงก์ให้กรอกข้อมูลเพื่อรับสิทธิ์ ลองเช็คก่อนนะ 🥺🚨,suspicious,phishing_risk,0.49,formal,Discord,1,0,0,0,0,0,0,0,51,emoji,มีลิงก์หรือการชวนคลิกลิงก์; มีสัญญาณเสี่ยงแต่หลักฐานยังไม่ชัด
985,คุณได้รับสิทธิ์ทุนพิเศษ โอนค่าดำเนินการ 500 บาทก่อนรับทุน 🚨 ส่งในกลุ่มได้เลย,scam,fake_scholarship,0.84,formal,LINE,0,0,0,0,1,0,1,0,76,emoji,มีบริบทเกี่ยวกับเงิน/โอน/บัญชี
986,คลิกลิงก์นี้เพื่อยืนยันบัญชีนักศึกษา [URL] 🙏,scam,phishing,0.99,slang,SMS,1,0,1,0,0,0,0,0,44,emoji,มีลิงก์หรือการชวนคลิกลิงก์
987,ส่งเลขบัญชีมา เดี๋ยวโอนค่าหนังสือให้ครับ DM me ทัก DM,normal,tu_marketplace,0.28,formal,Discord,0,0,1,0,1,0,0,0,53,thai_english_mix,มีบริบทเกี่ยวกับเงิน/โอน/บัญชี; บริบททั่วไปหรือมีการนัดรับ/ตรวจสอบได้
988,ของถูกมาก แต่ต้องจองภายในวันนี้,suspicious,marketplace_risk,0.73,short_message,X/Twitter,0,0,0,0,0,1,0,0,31,none,มีคำเร่งเร้า; มีสัญญาณเสี่ยงแต่หลักฐานยังไม่ชัด
989,วันนี้ห้องเรียน  อาคารเรียนรวม  เปิดไหมครับ ทัก DM,normal,tu_general,0.22,short_message,Discord,0,0,0,0,0,0,0,0,50,spacing_noise,บริบททั่วไปหรือมีการนัดรับ/ตรวจสอบได้
990,อ้างว่าเป็นรุ่นพี่คณะ ขอให้โอนเงินช่วยจองสิทธิ์ 🚨🔥,suspicious,tu_scam_risk,0.48,casual,IG DM,0,0,0,0,1,0,0,0,50,emoji,มีบริบทเกี่ยวกับเงิน/โอน/บัญชี; มีสัญญาณเสี่ยงแต่หลักฐานยังไม่ชัด
991,หอพักแถวเชียงรากเดือนละไม่เกิน 3500 มีแนะนำไหม line: @fakeid,normal,tu_general,0.19,casual,LINE,0,0,0,0,0,0,0,0,60,none,บริบททั่วไปหรือมีการนัดรับ/ตรวจสอบได้
992,มีลิงก์ Google Meet สำหรับประชุมไหมครับ 🚨😅,normal,meeting,0.26,emoji,SMS,1,0,0,0,0,0,0,0,42,emoji,มีลิงก์หรือการชวนคลิกลิงก์; บริบททั่วไปหรือมีการนัดรับ/ตรวจสอบได้
993,มีใครขายชีท CS222 บ้างครับ 👍🔥,normal,tu_general,0.1,slang,IG DM,0,0,0,0,0,0,0,0,29,emoji,บริบททั่วไปหรือมีการนัดรับ/ตรวจสอบได้
994,ขอโอนเต็มก่อน เดี๋ยวส่งเลขพัสดุให้ ทัก DM,suspicious,marketplace_risk,0.6,formal,LINE,0,0,0,0,1,0,0,0,41,none,มีบริบทเกี่ยวกับเงิน/โอน/บัญชี; มีสัญญาณเสี่ยงแต่หลักฐานยังไม่ชัด
995,แอดมินคณะขอค่าจองสิทธิ์สอบ  โอนมาที่  พร้อมเพย์  08x-xxx-xxxx  ภายในวันนี้,scam,tu_scam,0.88,casual,Facebook Group,0,1,1,0,1,1,0,0,74,spacing_noise,มีคำเร่งเร้า; มีบริบทเกี่ยวกับเงิน/โอน/บัญชี
996,ร้านกาแฟแถวรังสิตรับพาร์ทไทม์ ชั่วโมงละ 80 บาท มีสัมภาษณ์หน้าร้าน DM me,normal,tu_job_real,0.09,slang,Email,0,0,0,0,1,0,0,1,71,thai_english_mix,มีบริบทเกี่ยวกับเงิน/โอน/บัญชี; มีบริบทสมัครงาน/รายได้; บริบททั่วไปหรือมีการนัดรับ/ตรวจสอบได้
997,สมัครงานง่ายๆ ได้เงินเร็ว แต่ต้องจ่ายค่าสมัครก่อน ⚠️🔥,suspicious,job_risk,0.7,slang,Facebook Group,0,0,0,0,1,0,0,1,53,emoji,มีบริบทเกี่ยวกับเงิน/โอน/บัญชี; มีบริบทสมัครงาน/รายได้; มีสัญญาณเสี่ยงแต่หลักฐานยังไม่ชัด
998,วันนี้ห้องเรียน คณะวิทย์ เปิดไหมครับ DM me,normal,tu_general,0.15,casual,TU Marketplace,0,0,0,0,0,0,0,0,42,thai_english_mix,บริบททั่วไปหรือมีการนัดรับ/ตรวจสอบได้
999,นัดรับหน้า ประตูเชียงราก ได้ครับ สะดวกช่วงเย็น now,normal,tu_marketplace,0.15,formal,SMS,0,0,0,0,0,1,0,0,50,thai_english_mix,มีคำเร่งเร้า; บริบททั่วไปหรือมีการนัดรับ/ตรวจสอบได้
1000,คุณได้รับสิทธิ์ทุนพิเศษ โอนค่าดำเนินการ 300 บาทก่อนรับทุน ทัก DM,scam,fake_scholarship,0.87,short_message,Discord,0,0,0,0,1,0,1,0,64,repeat_chars,มีบริบทเกี่ยวกับเงิน/โอน/บัญชี
1001,ขอแนวข้อสอบ CS222 หน่อยครับ 💬🔥,normal,tu_general,0.17,short_message,Facebook Group,0,0,0,0,0,0,0,0,30,emoji,บริบททั่วไปหรือมีการนัดรับ/ตรวจสอบได้
1002,โอนมัดจำค่าหอ 1500 บาทได้ไหมครับ 🙏😅 ส่งในกลุ่มได้เลย,normal,tu_marketplace,0.12,short_message,IG DM,0,0,0,0,1,0,0,0,52,emoji,มีบริบทเกี่ยวกับเงิน/โอน/บัญชี; บริบททั่วไปหรือมีการนัดรับ/ตรวจสอบได้
1003,คลิกลิงก์นี้เพื่อยืนยันบัญชีนักศึกษา tu-form.example.invalid DM me line: @fakeid,scam,phishing,0.96,casual,X/Twitter,1,0,1,0,0,0,0,0,80,thai_english_mix,มีลิงก์หรือการชวนคลิกลิงก์
1004,ส่งรหัส OTP มาให้แอดมินเพื่อยืนยันตัวตนก่อนรับเงินคืน ทัก DM,scam,otp,0.89,short_message,Email,0,0,0,1,1,0,1,0,60,none,พบคำเกี่ยวกับ OTP/ยืนยันตัวตน; มีบริบทเกี่ยวกับเงิน/โอน/บัญชี
1005,ไม่สะดวกนัดรับ ขอส่งอย่างเดียว โอนก่อนส่งนะะะ ทัก DM,suspicious,marketplace_risk,0.7,thai_english_mix,Web Form,0,0,0,0,1,0,0,0,52,repeat_chars,มีบริบทเกี่ยวกับเงิน/โอน/บัญชี; มีสัญญาณเสี่ยงแต่หลักฐานยังไม่ชัด
1006,รับซื้อเครื่องคิดเลขมือสอง ขอราคาไม่แรง 😅💸,normal,tu_marketplace,0.27,slang,Facebook Group,0,0,0,0,0,0,0,0,42,emoji,บริบททั่วไปหรือมีการนัดรับ/ตรวจสอบได้
1007,มีลิงก์ให้กรอกข้อมูลเพื่อรับสิทธิ์ ลองเช็คก่อนนะ 🔥🚨,suspicious,phishing_risk,0.59,thai_english_mix,LINE,1,0,0,0,0,0,0,0,51,emoji,มีลิงก์หรือการชวนคลิกลิงก์; มีสัญญาณเสี่ยงแต่หลักฐานยังไม่ชัด
1008,บัญชีคุณถูกระงับ กรุณายืนยันตัวตนทันทีที่ bit.ly/example_fake ASAP,scam,phishing,0.8,slang,X/Twitter,1,0,1,1,0,1,0,0,66,thai_english_mix,พบคำเกี่ยวกับ OTP/ยืนยันตัวตน; มีลิงก์หรือการชวนคลิกลิงก์; มีคำเร่งเร้า
1009,มีใครขายชีท  MA211  บ้างครับ ส่งในกลุ่มได้เลย,normal,tu_general,0.21,casual,IG DM,0,0,0,0,0,0,0,0,45,spacing_noise,บริบททั่วไปหรือมีการนัดรับ/ตรวจสอบได้
1010,ส่งรหัส OTP มาให้แอดมินเพื่อยืนยันตัวตนก่อนรับเงินคืน ✅📌 ส่งในกลุ่มได้เลย,scam,otp,0.96,slang,Web Form,0,0,0,1,1,0,1,0,73,emoji,พบคำเกี่ยวกับ OTP/ยืนยันตัวตน; มีบริบทเกี่ยวกับเงิน/โอน/บัญชี
1011,โอนเต็มก่อนเท่านั้น ไม่รับนัด ไม่รับวิดีโอคอล 😅💸,scam,marketplace_scam,0.81,thai_english_mix,TU Marketplace,0,0,0,0,1,0,0,0,48,emoji,มีบริบทเกี่ยวกับเงิน/โอน/บัญชี
1012,คลิกลิ้งนี้เพื่อยืนยันบชนักศึกษา forms.example.invalid/fake,scam,phishing,0.97,casual,SMS,1,0,0,0,0,0,0,0,59,typo,มีลิงก์หรือการชวนคลิกลิงก์
1013,อาจารย์ส่ง link zoom ใน classroom แล้วนะ 🥺⚠️,normal,meeting,0.09,emoji,Email,1,0,0,0,0,0,0,0,44,emoji,มีลิงก์หรือการชวนคลิกลิงก์; บริบททั่วไปหรือมีการนัดรับ/ตรวจสอบได้
1014,กดลิงก์รับเงินคืนค่าธรรมเนียมการศึกษา forms.example.invalid/fake 👍💬,scam,refund_scam,0.93,slang,TU Marketplace,1,0,0,0,1,0,1,0,67,emoji,มีลิงก์หรือการชวนคลิกลิงก์; มีบริบทเกี่ยวกับเงิน/โอน/บัญชี
1015,รับทุนการศึกษาเร่งด่วน กรอกข้อมูลและเลขบัญชีที่ [URL] 🔥🙏 ทัก DM,scam,fake_scholarship,0.85,short_message,IG DM,1,0,1,0,1,1,1,0,63,emoji,มีลิงก์หรือการชวนคลิกลิงก์; มีคำเร่งเร้า; มีบริบทเกี่ยวกับเงิน/โอน/บัญชี
1016,บอกว่ามีทุนพิเศษแต่ต้องรีบกรอกข้อมูล 💸✨,suspicious,tu_scam_risk,0.55,slang,TU Marketplace,0,0,0,0,1,1,1,0,39,emoji,มีคำเร่งเร้า; มีบริบทเกี่ยวกับเงิน/โอน/บัญชี; มีสัญญาณเสี่ยงแต่หลักฐานยังไม่ชัด
1017,ใครเจอบัตรนักศึกษาที่ SC3 ทักมาหน่อยครับ 🔥🚨,normal,tu_general,0.24,formal,Web Form,0,0,0,0,0,0,0,0,43,emoji,บริบททั่วไปหรือมีการนัดรับ/ตรวจสอบได้
1018,Your account has been suspended verify now [URL] ✅✨ ส่งในกลุ่มได้เลย,scam,phishing,0.95,emoji,SMS,1,0,0,1,0,1,0,0,68,emoji,พบคำเกี่ยวกับ OTP/ยืนยันตัวตน; มีลิงก์หรือการชวนคลิกลิงก์; มีคำเร่งเร้า
1019,งานออนไลน์ได้เงินวันละ 5000 ไม่ต้องสัมภาษณ์ สมัครด่วน line: @fakeid,scam,job_scam,0.97,short_message,TU Marketplace,0,0,0,0,1,1,0,1,67,none,มีคำเร่งเร้า; มีบริบทเกี่ยวกับเงิน/โอน/บัญชี; มีบริบทสมัครงาน/รายได้
1020,ระบบแจ้งให้ยืนยันข้อมูลบางอย่างภายในวันนี้ ✅💬,suspicious,phishing_risk,0.69,emoji,Facebook Group,0,0,0,0,0,1,0,0,45,emoji,มีคำเร่งเร้า; มีสัญญาณเสี่ยงแต่หลักฐานยังไม่ชัด
1021, มีใครขายชีท  CS251  บ้างครับ ,normal,tu_general,0.19,slang,Web Form,0,0,0,0,0,0,0,0,30,spacing_noise,บริบททั่วไปหรือมีการนัดรับ/ตรวจสอบได้
1022,นัดรับหน้า คณะวิทย์ ได้ครับ สะดวกช่วงเย็น ส่งในกลุ่มได้เลย,normal,tu_marketplace,0.17,thai_english_mix,Email,0,0,0,0,0,0,0,0,58,none,บริบททั่วไปหรือมีการนัดรับ/ตรวจสอบได้
1023,รีบโอนก่อนนะ เหลือคนเดียวแล้ว ⚠️‼️,suspicious,marketplace_risk,0.58,short_message,Facebook Group,0,0,0,0,1,1,0,0,34,emoji,มีคำเร่งเร้า; มีบริบทเกี่ยวกับเงิน/โอน/บัญชี; มีสัญญาณเสี่ยงแต่หลักฐานยังไม่ชัด
1024,ขายหนังสือ TU100 มือสอง นัดรับ หน้าโดม ได้ 🔥,normal,tu_marketplace,0.03,emoji,Discord,0,0,0,0,0,0,0,0,44,emoji,บริบททั่วไปหรือมีการนัดรับ/ตรวจสอบได้
1025,มีลิงก์ให้กรอกข้อมูลเพื่อรับสิทธิ์ ลองเช็คก่อนนะ 🔥📌,suspicious,phishing_risk,0.57,formal,SMS,1,0,0,0,0,0,0,0,51,emoji,มีลิงก์หรือการชวนคลิกลิงก์; มีสัญญาณเสี่ยงแต่หลักฐานยังไม่ชัด
1026,บัญชีคุณถูกระงับ กรุณายืนยันตัวตนทันทีที่ [URL] ส่งในกลุ่มได้เลย,scam,phishing,0.91,emoji,X/Twitter,1,0,1,1,0,1,0,0,64,none,พบคำเกี่ยวกับ OTP/ยืนยันตัวตน; มีลิงก์หรือการชวนคลิกลิงก์; มีคำเร่งเร้า
1027,ขอแนวข้อสอบ SC135 หน่อยครับบบ,normal,tu_general,0.15,formal,Email,0,0,0,0,0,0,0,0,29,repeat_chars,บริบททั่วไปหรือมีการนัดรับ/ตรวจสอบได้
1028,รหัสยืนยันถูกส่งไปแล้ว กรุณาแจ้งรหัสภายใน 5 นาที ✨,scam,otp,0.92,slang,LINE,0,0,0,1,0,1,0,0,50,emoji,พบคำเกี่ยวกับ OTP/ยืนยันตัวตน; มีคำเร่งเร้า
1029,ขายหนังสือ MA211 มือสอง นัดรับ หน้าโดม ได้,normal,tu_marketplace,0.25,formal,Discord,0,0,0,0,0,0,0,0,42,none,บริบททั่วไปหรือมีการนัดรับ/ตรวจสอบได้
1030,เจ้าหน้าที่มหาลัยขอ username password เพื่อตรวจสอบสถานะ ASAP,scam,impersonation,0.99,short_message,SMS,0,0,0,0,0,0,0,0,60,thai_english_mix,
1031,ขอเลขบัญชีพร้อมเพย์หน่อยครับ จะโอนค่าชีท pls line: @fakeid,normal,tu_marketplace,0.11,short_message,Discord,0,0,1,0,1,0,0,0,58,thai_english_mix,มีบริบทเกี่ยวกับเงิน/โอน/บัญชี; บริบททั่วไปหรือมีการนัดรับ/ตรวจสอบได้
1032,แอดมินคณะขอค่าจองสิทธิ์สอบ โอนมาที่ บัญชี xxx123 ภายในวันนี้ 💸⚠️,scam,tu_scam,0.98,slang,Discord,0,0,1,0,1,1,0,0,64,emoji,มีคำเร่งเร้า; มีบริบทเกี่ยวกับเงิน/โอน/บัญชี
1033,ใครเจอบัตรนักศึกษาที่ คณะวิทย์ ทักมาหน่อยครับ ‼️,normal,tu_general,0.25,thai_english_mix,LINE,0,0,0,0,0,0,0,0,48,emoji,บริบททั่วไปหรือมีการนัดรับ/ตรวจสอบได้
1034,สมัครงาน part-time online จ่ายค่าสมัครก่อน 1500 แล้วเริ่มงานได้เลย pls,scam,job_scam,0.85,emoji,Discord,0,0,0,0,0,0,0,1,70,thai_english_mix,มีบริบทสมัครงาน/รายได้
1035,กดลิงก์รับเงินคืนค่าธรรมเนียมการศึกษา forms.example.invalid/fake ⚠️💬,scam,refund_scam,0.87,short_message,Web Form,1,0,0,0,1,0,1,0,68,emoji,มีลิงก์หรือการชวนคลิกลิงก์; มีบริบทเกี่ยวกับเงิน/โอน/บัญชี
1036, วันนี้ห้องเรียน  หอสมุดป๋วย  เปิดไหมครับ ,normal,tu_general,0.04,thai_english_mix,LINE,0,0,0,0,0,0,0,0,42,spacing_noise,บริบททั่วไปหรือมีการนัดรับ/ตรวจสอบได้
1037,ร้านกาแฟแถวรังสิตรับพาร์ทไทม์ ชั่วโมงละ 70 บาท มีสัมภาษณ์หน้าร้าน 🚨,normal,tu_job_real,0.29,thai_english_mix,Discord,0,0,0,0,1,0,0,1,67,emoji,มีบริบทเกี่ยวกับเงิน/โอน/บัญชี; มีบริบทสมัครงาน/รายได้; บริบททั่วไปหรือมีการนัดรับ/ตรวจสอบได้
1038, ขาย  iPad  ใช้เรียน  นัดรับในมอได้  เช็คของก่อนจ่าย  line: @fakeid,normal,tu_marketplace,0.21,emoji,Web Form,0,0,0,0,0,0,0,0,67,spacing_noise,บริบททั่วไปหรือมีการนัดรับ/ตรวจสอบได้
1039,ราคาถูกกว่าปกติมาก แต่ไม่ให้วิดีโอคอลดูของ 🚨👍,suspicious,marketplace_risk,0.73,emoji,X/Twitter,0,0,0,0,0,0,0,0,45,emoji,มีสัญญาณเสี่ยงแต่หลักฐานยังไม่ชัด
1040,ส่งเลขบัญชีมา เดี๋ยวโอนค่าหนังสือให้ครับ 📌💬,normal,tu_marketplace,0.11,thai_english_mix,Facebook Group,0,0,1,0,1,0,0,0,43,emoji,มีบริบทเกี่ยวกับเงิน/โอน/บัญชี; บริบททั่วไปหรือมีการนัดรับ/ตรวจสอบได้
1041,ของถูกมาก แต่ต้องจองภายในวันนี้ 🔥👍 ทัก DM,suspicious,marketplace_risk,0.47,slang,LINE,0,0,0,0,0,1,0,0,41,emoji,มีคำเร่งเร้า; มีสัญญาณเสี่ยงแต่หลักฐานยังไม่ชัด
1042,บอกว่ามีทุนพิเศษแต่ต้องรีบกรอกข้อมูล 💬📌,suspicious,tu_scam_risk,0.68,emoji,Facebook Group,0,0,0,0,1,1,1,0,39,emoji,มีคำเร่งเร้า; มีบริบทเกี่ยวกับเงิน/โอน/บัญชี; มีสัญญาณเสี่ยงแต่หลักฐานยังไม่ชัด
1043,โปรไฟล์ใหม่มาก แต่บอกว่าเป็นเจ้าหน้าที่มหาลัย 🥺💬,suspicious,impersonation_risk,0.65,emoji,Facebook Group,0,0,0,0,0,0,0,0,48,emoji,มีสัญญาณเสี่ยงแต่หลักฐานยังไม่ชัด
1044,ระบบแจ้งให้ยืนยัันข้อมูลบางอย่างภายในวันนี้,suspicious,phishing_risk,0.65,thai_english_mix,IG DM,0,0,0,0,0,1,0,0,43,typo,มีคำเร่งเร้า; มีสัญญาณเสี่ยงแต่หลักฐานยังไม่ชัด
1045,แอดมินคณะขอค่าจองสิทธิ์สอบ โอนมาที่ พร้อมเพย์ 08x-xxx-xxxx ภายในวันนี้ 👍,scam,tu_scam,0.87,emoji,TU Marketplace,0,1,1,0,1,1,0,0,72,emoji,มีคำเร่งเร้า; มีบริบทเกี่ยวกับเงิน/โอน/บัญชี
1046,ขาย iPad ใช้เรียน นัดรับในมอได้ เช็คของก่อนจ่าย 🚨,normal,tu_marketplace,0.28,slang,Facebook Group,0,0,0,0,0,0,0,0,49,emoji,บริบททั่วไปหรือมีการนัดรับ/ตรวจสอบได้
1047,มีคนขอรหัสยืนยัน บอกว่าเป็นแอดมินกลุ่ม 👍 ส่งในกลุ่มได้เลย,suspicious,otp_risk,0.51,formal,LINE,0,0,0,1,0,0,0,0,57,emoji,พบคำเกี่ยวกับ OTP/ยืนยันตัวตน; มีสัญญาณเสี่ยงแต่หลักฐานยังไม่ชัด
1048,ของอยู่ต่างจังหวัด โอนก่อนส่งเท่านั้น ราคาพิเศษถึงวันนี้ ✅ line: @fakeid,scam,marketplace_scam,0.98,short_message,Email,0,0,0,0,1,0,0,0,72,emoji,มีบริบทเกี่ยวกับเงิน/โอน/บัญชี
1049,มีลิงก์ให้กรอกข้อมูลเพื่อรับสิทธิ์ ลองเช็คก่อนนะ 😅📌,suspicious,phishing_risk,0.66,emoji,X/Twitter,1,0,0,0,0,0,0,0,51,emoji,มีลิงก์หรือการชวนคลิกลิงก์; มีสัญญาณเสี่ยงแต่หลักฐานยังไม่ชัด
1050,ขอเลขบัญชีพร้อมเพย์หน่อยครับ จะโอนค่าชีท 🔥👍 line: @fakeid,normal,tu_marketplace,0.2,formal,SMS,0,0,1,0,1,0,0,0,57,emoji,มีบริบทเกี่ยวกับเงิน/โอน/บัญชี; บริบททั่วไปหรือมีการนัดรับ/ตรวจสอบได้
1051,มีคนจองหลายคน ถ้าเอาโอนมัดจำมาก่อนได้เลย 💸🥺 ทัก DM,suspicious,marketplace_risk,0.69,thai_english_mix,LINE,0,0,0,0,1,0,0,0,50,emoji,มีบริบทเกี่ยวกับเงิน/โอน/บัญชี; มีสัญญาณเสี่ยงแต่หลักฐานยังไม่ชัด
1052,ระบบ TU แจ้งเตือน ให้ update password ผ่าน forms.example.invalid/fake ด่วน DM me,scam,phishing,0.86,short_message,Facebook Group,1,0,0,0,0,1,0,0,80,thai_english_mix,มีลิงก์หรือการชวนคลิกลิงก์; มีคำเร่งเร้า
1053, นัดรับหน้า  บร.2  ได้ครับ  สะดวกช่วงเย็น ,normal,tu_marketplace,0.08,thai_english_mix,X/Twitter,0,0,0,0,0,0,0,0,42,spacing_noise,บริบททั่วไปหรือมีการนัดรับ/ตรวจสอบได้
1054,ทักไลน์อย่างเดียวครับ ไม่ค่อยตอบในกลุ่ม 🚨,suspicious,marketplace_risk,0.56,slang,Discord,0,0,0,0,0,0,0,0,41,emoji,มีสัญญาณเสี่ยงแต่หลักฐานยังไม่ชัด
1055,ขอแนวข้อสอบ CS254 หน่อยครับ DM me,normal,tu_general,0.27,thai_english_mix,IG DM,0,0,0,0,0,0,0,0,33,thai_english_mix,บริบททั่วไปหรือมีการนัดรับ/ตรวจสอบได้
1056,แอดมินคณะขอค่าจองสิทธิ์สอบ โอนมาที่ บัญชี xxx123 ภายในวันนี้ ✅💸,scam,tu_scam,0.83,emoji,Web Form,0,0,1,0,1,1,0,0,63,emoji,มีคำเร่งเร้า; มีบริบทเกี่ยวกับเงิน/โอน/บัญชี
1057,งานออนไลน์รายได้สูงมาก ไม่ต้องสัมภาษณ์ แค่ทักแชท 👍📌,suspicious,job_risk,0.56,slang,IG DM,0,0,0,0,1,0,0,1,51,emoji,มีบริบทเกี่ยวกับเงิน/โอน/บัญชี; มีบริบทสมัครงาน/รายได้; มีสัญญาณเสี่ยงแต่หลักฐานยังไม่ชัด
1058,ขายหนังสือ CS254 มือสอง นัดรับ บร.2 ได้ 💬,normal,tu_marketplace,0.2,casual,SMS,0,0,0,0,0,0,0,0,41,emoji,บริบททั่วไปหรือมีการนัดรับ/ตรวจสอบได้
1059,"งานออนไลน์ได้เงินวันละ 10,000 ไม่ต้องสัมภาษณ์ สมัครด่วน 😅🙏",scam,job_scam,0.96,slang,LINE,0,0,0,0,1,1,0,1,58,emoji,มีคำเร่งเร้า; มีบริบทเกี่ยวกับเงิน/โอน/บัญชี; มีบริบทสมัครงาน/รายได้
1060,ขอเลขบัญชีพร้อมเพย์หน่อยครับ จะโอนค่าชีท 📌⚠️,normal,tu_marketplace,0.08,emoji,Facebook Group,0,0,1,0,1,0,0,0,44,emoji,มีบริบทเกี่ยวกับเงิน/โอน/บัญชี; บริบททั่วไปหรือมีการนัดรับ/ตรวจสอบได้
1061,รับหิ้วของจากญี่ปุ่น สนใจทักได้ นัดรับได้ในมอ 🚨💬,normal,tu_general,0.09,thai_english_mix,Email,0,0,0,0,0,0,0,0,48,emoji,บริบททั่วไปหรือมีการนัดรับ/ตรวจสอบได้
1062,ขอโอนเต็มก่อน เดี๋ยวส่งเลขพัสดุให้ 😅📌,suspicious,marketplace_risk,0.54,thai_english_mix,X/Twitter,0,0,0,0,1,0,0,0,37,emoji,มีบริบทเกี่ยวกับเงิน/โอน/บัญชี; มีสัญญาณเสี่ยงแต่หลักฐานยังไม่ชัด
1063,นัดรับหน้า หอสมุดป๋วย ได้ครับ สะดวกช่วงเย็น line: @fakeid,normal,tu_marketplace,0.07,emoji,Web Form,0,0,0,0,0,0,0,0,57,typo,บริบททั่วไปหรือมีการนัดรับ/ตรวจสอบได้
1064,กรุณายืนยัน OTP เพื่อปลดล็อกบัญชีทันที ✨💸,scam,otp,0.82,thai_english_mix,SMS,0,0,1,1,0,1,0,0,41,emoji,พบคำเกี่ยวกับ OTP/ยืนยันตัวตน; มีคำเร่งเร้า
1065,นัดรับหน้า  บร.2  ได้ครับ  สะดวกช่วงเย็น,normal,tu_marketplace,0.23,short_message,Web Form,0,0,0,0,0,0,0,0,40,spacing_noise,บริบททั่วไปหรือมีการนัดรับ/ตรวจสอบได้
1066,กดลิงก์รับเงินคืนค่าธรรมเนียมการศึกษา forms.example.invalid/fake 💬📌 ทัก DM,scam,refund_scam,0.81,casual,TU Marketplace,1,0,0,0,1,0,1,0,74,emoji,มีลิงก์หรือการชวนคลิกลิงก์; มีบริบทเกี่ยวกับเงิน/โอน/บัญชี
1067,job online รายได้สูง ไม่ต้องมีประสบการณ์ โอนค่าประกันก่อนเริ่มงาน ASAP,scam,job_scam,0.94,formal,TU Marketplace,0,0,0,0,1,0,0,1,70,thai_english_mix,มีบริบทเกี่ยวกับเงิน/โอน/บัญชี; มีบริบทสมัครงาน/รายได้
1068,รีบโอนก่อนนะ เหลือคนเดียวแล้ว ‼️,suspicious,marketplace_risk,0.65,formal,Web Form,0,0,0,0,1,1,0,0,32,emoji,มีคำเร่งเร้า; มีบริบทเกี่ยวกับเงิน/โอน/บัญชี; มีสัญญาณเสี่ยงแต่หลักฐานยังไม่ชัด
1069,ร้านกาแฟแถวรังสิตรับพาร์ทไทม์ ชั่วโมงละ 60 บาท มีสัมภาษณ์หน้าร้าน ทัก DM,normal,tu_job_real,0.24,emoji,Email,0,0,0,0,1,0,0,1,72,none,มีบริบทเกี่ยวกับเงิน/โอน/บัญชี; มีบริบทสมัครงาน/รายได้; บริบททั่วไปหรือมีการนัดรับ/ตรวจสอบได้
1070,ของถูกมาก แต่ต้องจองภายในวันนี้ verify pls line: @fakeid,suspicious,marketplace_risk,0.61,formal,Web Form,0,0,0,1,0,1,0,0,56,thai_english_mix,พบคำเกี่ยวกับ OTP/ยืนยันตัวตน; มีคำเร่งเร้า; มีสัญญาณเสี่ยงแต่หลักฐานยังไม่ชัด
1071,เจ้าหน้าที่มหาลัยขอ username password เพื่อตรวจสอบสถานะ verify pls ส่งในกลุ่มได้เลย,scam,impersonation,0.83,emoji,X/Twitter,0,0,0,1,0,0,0,0,83,thai_english_mix,พบคำเกี่ยวกับ OTP/ยืนยันตัวตน
1072,ใครเจอบัตรนักศึกษาที่ BRT ทักมาหน่อยครับ 👍😅,normal,tu_general,0.04,slang,Email,0,0,0,0,0,0,0,0,43,emoji,บริบททั่วไปหรือมีการนัดรับ/ตรวจสอบได้
1073,กดลิงก์รับเงินคืนค่าธรรมเนียมการศึกษา example.invalid/verify ✨,scam,refund_scam,0.96,emoji,IG DM,1,0,0,1,1,0,1,0,62,emoji,พบคำเกี่ยวกับ OTP/ยืนยันตัวตน; มีลิงก์หรือการชวนคลิกลิงก์; มีบริบทเกี่ยวกับเงิน/โอน/บัญชี
1074,ระบบแจ้งให้ยืนยันข้อมูลบางอย่างภายในวันนี้ 😅🙏 line: @fakeid,suspicious,phishing_risk,0.66,thai_english_mix,SMS,0,0,0,0,0,1,0,0,59,emoji,มีคำเร่งเร้า; มีสัญญาณเสี่ยงแต่หลักฐานยังไม่ชัด
1075,รีบโอนก่อนนะ เหลือคนเดียวแล้ว 🥺🚨,suspicious,marketplace_risk,0.7,thai_english_mix,TU Marketplace,0,0,0,0,1,1,0,0,32,emoji,มีคำเร่งเร้า; มีบริบทเกี่ยวกับเงิน/โอน/บัญชี; มีสัญญาณเสี่ยงแต่หลักฐานยังไม่ชัด
1076,รับหิ้วของจากญี่ปุ่น สนใจทักได้ นัดรับได้ในมอ 👍 line: @fakeid,normal,tu_general,0.03,slang,Facebook Group,0,0,0,0,0,0,0,0,61,emoji,บริบททั่วไปหรือมีการนัดรับ/ตรวจสอบได้
1077,ไม่สะดวกนัดรับ ขอส่งอย่างเดียว โอนก่อนส่งนะ 🚨😅,suspicious,marketplace_risk,0.47,short_message,Discord,0,0,0,0,1,0,0,0,46,emoji,มีบริบทเกี่ยวกับเงิน/โอน/บัญชี; มีสัญญาณเสี่ยงแต่หลักฐานยังไม่ชัด
1078,เจ้าหน้าที่มหาลัยขอ username password เพื่อตรวจสอบสถานะ ✅,scam,impersonation,0.95,slang,Facebook Group,0,0,0,0,0,0,0,0,57,emoji,
1079,พัสดุติดปัญหา ชำระค่าธรรมเนียมที่ example.invalid/verify เพื่อรับของ ok? ส่งในกลุ่มได้เลย,scam,delivery_scam,0.95,formal,TU Marketplace,1,0,0,1,0,0,0,0,89,thai_english_mix,พบคำเกี่ยวกับ OTP/ยืนยันตัวตน; มีลิงก์หรือการชวนคลิกลิงก์
1080,ใครเจอบัตรนักศึกษาที่ หน้าโดม ทักมาหน่อยครับ 💸📌,normal,tu_general,0.26,slang,Discord,0,0,0,0,0,0,0,0,47,emoji,บริบททั่วไปหรือมีการนัดรับ/ตรวจสอบได้
1081,บัญชีคุณถูกระงับ กรุณายืนยันตัวตนทันทีที่ [URL] 💬😅,scam,phishing,0.87,emoji,Discord,1,0,1,1,0,1,0,0,50,emoji,พบคำเกี่ยวกับ OTP/ยืนยันตัวตน; มีลิงก์หรือการชวนคลิกลิงก์; มีคำเร่งเร้า
1082,ระบบ TU แจ้งเตือน ให้ update password ผ่าน example.invalid/verify ด่วน 👍📌,scam,phishing,0.9,formal,TU Marketplace,1,0,0,1,0,1,0,0,73,emoji,พบคำเกี่ยวกับ OTP/ยืนยันตัวตน; มีลิงก์หรือการชวนคลิกลิงก์; มีคำเร่งเร้า
1083,ของอยู่ต่างจังหวัด โอนก่อนส่งเท่านั้น ราคาพิเศษถึงวันนี้ 💬🚨,scam,marketplace_scam,0.81,casual,Facebook Group,0,0,0,0,1,0,0,0,59,emoji,มีบริบทเกี่ยวกับเงิน/โอน/บัญชี
1084,บอกว่ามีทุนพิเศษแต่ต้องรีบกรอกข้อมูล 😅✨,suspicious,tu_scam_risk,0.58,formal,Web Form,0,0,0,0,1,1,1,0,39,emoji,มีคำเร่งเร้า; มีบริบทเกี่ยวกับเงิน/โอน/บัญชี; มีสัญญาณเสี่ยงแต่หลักฐานยังไม่ชัด
1085,ขายหนังสือ  TU100  มือสอง  นัดรับ  ประตูเชียงราก  ได้,normal,tu_marketplace,0.05,short_message,Discord,0,0,0,0,0,0,0,0,53,spacing_noise,บริบททั่วไปหรือมีการนัดรับ/ตรวจสอบได้
1086,ราคาถูกกว่าปกติมาก แต่ไม่ให้วิดีโอคอลดูของ 🚨😅,suspicious,marketplace_risk,0.61,thai_english_mix,SMS,0,0,0,0,0,0,0,0,45,emoji,มีสัญญาณเสี่ยงแต่หลักฐานยังไม่ชัด
1087,พัสดุติดปัญหา ชำระค่าธรรมเนียมที่ tu-form.example.invalid เพื่อรับของ 🚨✅,scam,delivery_scam,0.81,thai_english_mix,Web Form,1,0,0,0,0,0,0,0,72,emoji,มีลิงก์หรือการชวนคลิกลิงก์
1088,ระบบแจ้งให้ยืนยันข้อมูลบางอย่างภายในวันนี้ 💬🔥 inbox ได้,suspicious,phishing_risk,0.68,formal,LINE,0,0,0,0,0,1,0,0,55,emoji,มีคำเร่งเร้า; มีสัญญาณเสี่ยงแต่หลักฐานยังไม่ชัด
1089,บัญชีนี้ของแฟนเราเอง ปลอดภัยแน่นอน โอนมาเลย now,scam,marketplace_scam,0.85,casual,Facebook Group,0,0,1,0,1,1,0,0,47,thai_english_mix,มีคำเร่งเร้า; มีบริบทเกี่ยวกับเงิน/โอน/บัญชี
1090,รับหิ้วของจากญี่ปุ่น สนใจทักได้ นัดรับได้ในมอ ✅🔥,normal,tu_general,0.17,slang,X/Twitter,0,0,0,0,0,0,0,0,48,emoji,บริบททั่วไปหรือมีการนัดรับ/ตรวจสอบได้
1091,ขายหนังสือ SC135 มือสอง นัดรับ BRT ได้ DM me,normal,tu_marketplace,0.28,emoji,X/Twitter,0,0,0,0,0,0,0,0,44,thai_english_mix,บริบททั่วไปหรือมีการนัดรับ/ตรวจสอบได้
1092,หาคนช่วยงานอีเวนต์ในมอ มีรายละเอียดงานและสถานที่ชัดเจน 🚨,normal,tu_job_real,0.09,formal,Email,0,0,0,0,0,0,0,1,56,emoji,มีบริบทสมัครงาน/รายได้; บริบททั่วไปหรือมีการนัดรับ/ตรวจสอบได้
1093,รับหิ้วของจากญี่ปุ่น สนใจทักได้ นัดรับได้ในมอ ✨,normal,tu_general,0.12,formal,Facebook Group,0,0,0,0,0,0,0,0,47,emoji,บริบททั่วไปหรือมีการนัดรับ/ตรวจสอบได้
1094,ส่งเลขบัญชีมา เดี๋ยวโอนค่าหนังสือให้ครับ ✨ ทัก DM,normal,tu_marketplace,0.1,short_message,Email,0,0,1,0,1,0,0,0,49,emoji,มีบริบทเกี่ยวกับเงิน/โอน/บัญชี; บริบททั่วไปหรือมีการนัดรับ/ตรวจสอบได้
1095,วันนี้ห้องเรียน หอสมุดป๋วย เปิดไหมครับ 🚨👍,normal,tu_general,0.2,casual,Email,0,0,0,0,0,0,0,0,41,emoji,บริบททั่วไปหรือมีการนัดรับ/ตรวจสอบได้
1096,คลิกลิงก์นี้เพื่อยืนยันบัญชีนักศึกษา [URL] 📌 inbox ได้,scam,phishing,0.97,slang,X/Twitter,1,0,1,0,0,0,0,0,54,emoji,มีลิงก์หรือการชวนคลิกลิงก์
1097,ใครเจอบัตรนักศึกษาที่ หอสมุดป๋วย ทักมาน่อยครับ,normal,tu_general,0.21,slang,Email,0,0,0,0,0,0,0,0,46,typo,บริบททั่วไปหรือมีการนัดรับ/ตรวจสอบได้
1098,มีใครขายชีท SC135 บ้างครับ ‼️,normal,tu_general,0.21,emoji,IG DM,0,0,0,0,0,0,0,0,29,emoji,บริบททั่วไปหรือมีการนัดรับ/ตรวจสอบได้
1099,Your account has been suspended verify now forms.example.invalid/fake ⚠️,scam,phishing,0.82,thai_english_mix,Discord,1,0,0,1,0,1,0,0,72,emoji,พบคำเกี่ยวกับ OTP/ยืนยันตัวตน; มีลิงก์หรือการชวนคลิกลิงก์; มีคำเร่งเร้า
1100,ร้านกาแฟแถวรังสิตรับพาร์ทไทม์ ชั่วโมงละ 60 บาท มีสัมภาษณ์หน้าร้าน 💸🚨,normal,tu_job_real,0.13,casual,SMS,0,0,0,0,1,0,0,1,68,emoji,มีบริบทเกี่ยวกับเงิน/โอน/บัญชี; มีบริบทสมัครงาน/รายได้; บริบททั่วไปหรือมีการนัดรับ/ตรวจสอบได้
1101,ราคาถูกกว่าปกติมาก แต่ไม่ให้วิดีโอคอลดูของ 🥺✅,suspicious,marketplace_risk,0.7,emoji,IG DM,0,0,0,0,0,0,0,0,45,emoji,มีสัญญาณเสี่ยงแต่หลักฐานยังไม่ชัด
1102,ไม่สะดวกนัดรับ ขอส่งอย่างเดียว โอนก่อนส่งนะ 💸🥺,suspicious,marketplace_risk,0.63,thai_english_mix,LINE,0,0,0,0,1,0,0,0,46,emoji,มีบริบทเกี่ยวกับเงิน/โอน/บัญชี; มีสัญญาณเสี่ยงแต่หลักฐานยังไม่ชัด
1103,กดลิงก์รับเงินคืนค่าธรรมเนียมการศึกษา bit.ly/example_fake ทัก DM,scam,refund_scam,0.82,slang,TU Marketplace,1,0,0,0,1,0,1,0,64,none,มีลิงก์หรือการชวนคลิกลิงก์; มีบริบทเกี่ยวกับเงิน/โอน/บัญชี
1104,ระบบแจ้งให้ยืนยันข้อมูลบางอย่างภายในวันนี้ DM me ทัก DM,suspicious,phishing_risk,0.7,short_message,SMS,0,0,0,0,0,1,0,0,55,thai_english_mix,มีคำเร่งเร้า; มีสัญญาณเสี่ยงแต่หลักฐานยังไม่ชัด
1105,พัสดุติดปัญหา ชำระค่าธรรมเนียมที่ bit.ly/example_fake เพื่อรับของ now line: @fakeid,scam,delivery_scam,0.86,emoji,Email,1,0,0,0,0,1,0,0,83,thai_english_mix,มีลิงก์หรือการชวนคลิกลิงก์; มีคำเร่งเร้า
1106,สมักงาน part-time online จ่ายค่าสมัครก่อน 100 แล้วเริ่มงานได้เลย,scam,job_scam,0.83,short_message,Discord,0,0,0,0,0,0,0,1,64,typo,มีบริบทสมัครงาน/รายได้
1107,รับทุนการศึกษาเร่งด่วน กรอกข้อมูลและเลขบัญชีที่ example.invalid/verify inbox ได้,scam,fake_scholarship,0.92,emoji,Web Form,1,0,1,1,1,1,1,0,80,none,พบคำเกี่ยวกับ OTP/ยืนยันตัวตน; มีลิงก์หรือการชวนคลิกลิงก์; มีคำเร่งเร้า; มีบริบทเกี่ยวกับเงิน/โอน/บัญชี
1108,"งานออนไลน์ได้เงินวันละ 10,000 ไม่ต้องสัมภาษณ์ สมัครด่วนนน ทัก DM",scam,job_scam,0.81,casual,LINE,0,0,0,0,1,1,0,1,64,repeat_chars,มีคำเร่งเร้า; มีบริบทเกี่ยวกับเงิน/โอน/บัญชี; มีบริบทสมัครงาน/รายได้
1109,โอนเต็มก่อนเท่านั้น ไม่รับนัด ไม่รับวิดีโอคอล ✨,scam,marketplace_scam,0.95,short_message,Discord,0,0,0,0,1,0,0,0,47,emoji,มีบริบทเกี่ยวกับเงิน/โอน/บัญชี
1110,Your account has been suspended verify now bit.ly/example_fake ⚠️💸,scam,phishing,0.93,casual,X/Twitter,1,0,0,1,0,1,0,0,66,emoji,พบคำเกี่ยวกับ OTP/ยืนยันตัวตน; มีลิงก์หรือการชวนคลิกลิงก์; มีคำเร่งเร้า
1111,ขอแนวข้อสอบ  CS332  หน่อยครับ ส่งในกลุ่มได้เลย,normal,tu_general,0.12,slang,IG DM,0,0,0,0,0,0,0,0,46,spacing_noise,บริบททั่วไปหรือมีการนัดรับ/ตรวจสอบได้
1112,นัดรับหน้า บร.2 ได้ครับ สะดวกช่วงเย็น line: @fakeid,normal,tu_marketplace,0.21,slang,TU Marketplace,0,0,0,0,0,0,0,0,51,none,บริบททั่วไปหรือมีการนัดรับ/ตรวจสอบได้
1113,มีลิงก์ให้กรอกข้อมูลเพื่อรับสิทธิ์ ลองเช็คก่อนนะ pls ทัก DM,suspicious,phishing_risk,0.58,formal,LINE,1,0,0,0,0,0,0,0,59,thai_english_mix,มีลิงก์หรือการชวนคลิกลิงก์; มีสัญญาณเสี่ยงแต่หลักฐานยังไม่ชัด
1114,มีใครขายชีท EL171 บ้างครับ ทัก DM,normal,tu_general,0.09,emoji,Email,0,0,0,0,0,0,0,0,33,none,บริบททั่วไปหรือมีการนัดรับ/ตรวจสอบได้
1115,มีคนขอรหัสยืนยัน บอกว่าเป็นแอดมินกลุ่ม ‼️💸,suspicious,otp_risk,0.49,emoji,TU Marketplace,0,0,0,1,0,0,0,0,42,emoji,พบคำเกี่ยวกับ OTP/ยืนยันตัวตน; มีสัญญาณเสี่ยงแต่หลักฐานยังไม่ชัด
1116,มีลิงก์ให้กรอกข้อมูลเพื่อรับสิทธิ์ ลองเช็คก่อนนะ pls inbox ได้,suspicious,phishing_risk,0.61,formal,Discord,1,0,0,0,0,0,0,0,62,thai_english_mix,มีลิงก์หรือการชวนคลิกลิงก์; มีสัญญาณเสี่ยงแต่หลักฐานยังไม่ชัด
1117,ขายหนังสือ CS251 มือสอง นัดรับ คณะวิทย์ ได้ ‼️ ส่งในกลุ่มได้เลย,normal,tu_marketplace,0.29,thai_english_mix,Email,0,0,0,0,0,0,0,0,63,emoji,บริบททั่วไปหรือมีการนัดรับ/ตรวจสอบได้
1118,ขอโอนเต็มก่อน เดี๋ยวส่งเลขพัสดุให้ 💸👍,suspicious,marketplace_risk,0.73,slang,X/Twitter,0,0,0,0,1,0,0,0,37,emoji,มีบริบทเกี่ยวกับเงิน/โอน/บัญชี; มีสัญญาณเสี่ยงแต่หลักฐานยังไม่ชัด
1119,กดลิงก์รับเงินคืนค่าธรรมเนียมการศึกษา forms.example.invalid/fake pls inbox ได้,scam,refund_scam,0.85,formal,SMS,1,0,0,0,1,0,1,0,78,thai_english_mix,มีลิงก์หรือการชวนคลิกลิงก์; มีบริบทเกี่ยวกับเงิน/โอน/บัญชี
1120,ขายหนังสือ CS251 มือสอง นัดรับ โรงอาหารกลาง ได้,normal,tu_marketplace,0.06,emoji,Discord,0,0,0,0,0,0,0,0,47,typo,บริบททั่วไปหรือมีการนัดรับ/ตรวจสอบได้
1121,ทักไลน์อย่างเดียวครับ ไม่ค่อยตอบในกลุ่ม 👍‼️,suspicious,marketplace_risk,0.68,casual,Web Form,0,0,0,0,0,0,0,0,43,emoji,มีสัญญาณเสี่ยงแต่หลักฐานยังไม่ชัด
1122,ส่งเลขบัญชีมา เดี๋ยวโอนค่าหนังสือให้ครับ ✨‼️,normal,tu_marketplace,0.21,slang,Facebook Group,0,0,1,0,1,0,0,0,44,emoji,มีบริบทเกี่ยวกับเงิน/โอน/บัญชี; บริบททั่วไปหรือมีการนัดรับ/ตรวจสอบได้
1123,กดลิงก์รับเงินคืนค่าธรรมเนียมการศึกษา tu-form.example.invalid 🔥‼️,scam,refund_scam,0.94,formal,LINE,1,0,0,0,1,0,1,0,65,emoji,มีลิงก์หรือการชวนคลิกลิงก์; มีบริบทเกี่ยวกับเงิน/โอน/บัญชี
1124,มีคนขอรหัสยืนยัน บอกว่าเป็นแอดมินกลุ่ม ✨🙏,suspicious,otp_risk,0.69,formal,Web Form,0,0,0,1,0,0,0,0,41,emoji,พบคำเกี่ยวกับ OTP/ยืนยันตัวตน; มีสัญญาณเสี่ยงแต่หลักฐานยังไม่ชัด
1125,แอดมินคณะขอค่าจองสิทธิ์สอบ โอนมาที่ xxx-x-xxxxx-x ภายในวันนี้ 🔥✨ line: @fakeid,scam,tu_scam,0.81,slang,Email,0,0,1,0,1,1,0,0,78,emoji,มีคำเร่งเร้า; มีบริบทเกี่ยวกับเงิน/โอน/บัญชี
1126,กดลิงก์รับเงินคืนค่าธรรมเนียมการศึกษา [URL] 📌🔥,scam,refund_scam,0.98,slang,LINE,1,0,0,0,1,0,1,0,46,emoji,มีลิงก์หรือการชวนคลิกลิงก์; มีบริบทเกี่ยวกับเงิน/โอน/บัญชี
1127, ขอแนวข้อสอบ  CS222  หน่อยครับ ,normal,tu_general,0.08,casual,Email,0,0,0,0,0,0,0,0,31,spacing_noise,บริบททั่วไปหรือมีการนัดรับ/ตรวจสอบได้
1128,โอนมัดจำค่าหอ  1500  บาทได้ไหมครับ ส่งในกลุ่มได้เลย,normal,tu_marketplace,0.29,slang,TU Marketplace,0,0,0,0,1,0,0,0,51,spacing_noise,มีบริบทเกี่ยวกับเงิน/โอน/บัญชี; บริบททั่วไปหรือมีการนัดรับ/ตรวจสอบได้
1129,ขายหนังสือ EL171 มือสอง นัดรับ ประตูเชียงราก ได้,normal,tu_marketplace,0.07,thai_english_mix,X/Twitter,0,0,0,0,0,0,0,0,48,typo,บริบททั่วไปหรือมีการนัดรับ/ตรวจสอบได้
1130,คุณได้รับสิทธิ์ทุนพิเศษ โอนค่าดำเนินการ 100 บาทก่อนรับทุน ok?,scam,fake_scholarship,0.93,emoji,X/Twitter,0,0,0,0,1,0,1,0,61,thai_english_mix,มีบริบทเกี่ยวกับเงิน/โอน/บัญชี
1131,คลิกลิงก์นี้เพื่อยืนยันบัญชีนักศึกษา example.invalid/verify 🥺✅,scam,phishing,0.89,formal,IG DM,1,0,1,1,0,0,0,0,62,emoji,พบคำเกี่ยวกับ OTP/ยืนยันตัวตน; มีลิงก์หรือการชวนคลิกลิงก์
1132,พัสดุติดปัญหา ชำระค่าธรรมเนียมที่ example.invalid/verify เพื่อรับของ 👍🙏,scam,delivery_scam,0.83,short_message,TU Marketplace,1,0,0,1,0,0,0,0,71,emoji,พบคำเกี่ยวกับ OTP/ยืนยันตัวตน; มีลิงก์หรือการชวนคลิกลิงก์
1133,บัญชีคุณถูกระงับ กรุณายืนยันตัวตนทันทีที่ tu-form.example.invalid ⚠️🔥,scam,phishing,0.87,thai_english_mix,TU Marketplace,1,0,1,1,0,1,0,0,69,emoji,พบคำเกี่ยวกับ OTP/ยืนยันตัวตน; มีลิงก์หรือการชวนคลิกลิงก์; มีคำเร่งเร้า
1134,ประกาศจากคณะให้กรอกแบบประเมินรายวิชาในระบบทางการ 💬💸,normal,admin_real,0.19,emoji,SMS,0,0,0,0,0,0,0,0,51,emoji,บริบททั่วไปหรือมีการนัดรับ/ตรวจสอบได้
1135,ขายหนังสือ TU100 มือสอง นัดรับ ประตูเชียงราก ได้ 👍😅,normal,tu_marketplace,0.25,formal,IG DM,0,0,0,0,0,0,0,0,51,emoji,บริบททั่วไปหรือมีการนัดรับ/ตรวจสอบได้
1136,คลิกลิงก์นี้เพื่อยืนยันบัญชีนักศึกษา example.invalid/verify 💬,scam,phishing,0.92,slang,Email,1,0,1,1,0,0,0,0,61,emoji,พบคำเกี่ยวกับ OTP/ยืนยันตัวตน; มีลิงก์หรือการชวนคลิกลิงก์
1137, Your  account  has  been  suspended  verify  now  example.invalid/verify  ทัก DM,scam,phishing,0.9,slang,Discord,1,0,0,1,0,1,0,0,81,spacing_noise,พบคำเกี่ยวกับ OTP/ยืนยันตัวตน; มีลิงก์หรือการชวนคลิกลิงก์; มีคำเร่งเร้า
1138,สมัครงาน part-time online จ่ายค่าสมัครก่อน 200 แล้วเริ่มงานได้เลย 🚨,scam,job_scam,0.98,casual,LINE,0,0,0,0,0,0,0,1,67,emoji,มีบริบทสมัครงาน/รายได้
1139,รุ่นพี่ฝากบอกให้โอนค่าชีทด่วน ไม่งั้นหมดสิทธิ์ 💸,scam,tu_scam,0.95,casual,Email,0,0,0,0,1,1,0,0,48,emoji,มีคำเร่งเร้า; มีบริบทเกี่ยวกับเงิน/โอน/บัญชี
1140,ส่งเลขบัญชีมา เดี๋ยวโอนค่าหนังสือให้ครับ inbox ได้,normal,tu_marketplace,0.25,short_message,Discord,0,0,1,0,1,0,0,0,50,none,มีบริบทเกี่ยวกับเงิน/โอน/บัญชี; บริบททั่วไปหรือมีการนัดรับ/ตรวจสอบได้
1141,สมักงานง่ายๆ ได้เงินเร็ว แต่ต้องจ่ายค่าสมัครก่อน line: @fakeid,suspicious,job_risk,0.61,emoji,Discord,0,0,0,0,1,0,0,1,62,typo,มีบริบทเกี่ยวกับเงิน/โอน/บัญชี; มีบริบทสมัครงาน/รายได้; มีสัญญาณเสี่ยงแต่หลักฐานยังไม่ชัด
1142,มีลิงก์ให้กรอกข้อมูลเพื่อรับสิทธิ์ ลองเช็คก่อนนะ 🙏👍,suspicious,phishing_risk,0.62,emoji,IG DM,1,0,0,0,0,0,0,0,51,emoji,มีลิงก์หรือการชวนคลิกลิงก์; มีสัญญาณเสี่ยงแต่หลักฐานยังไม่ชัด
1143,ขายหนังสือ CS332 มือสอง นัดรับ คณะวิทย์ ได้ ✨😅,normal,tu_marketplace,0.23,thai_english_mix,Web Form,0,0,0,0,0,0,0,0,46,emoji,บริบททั่วไปหรือมีการนัดรับ/ตรวจสอบได้
1144,ส่งเลขบัญชีมา เดี๋ยวโอนค่าหนังสือให้ครับ DM me,normal,tu_marketplace,0.15,emoji,TU Marketplace,0,0,1,0,1,0,0,0,46,thai_english_mix,มีบริบทเกี่ยวกับเงิน/โอน/บัญชี; บริบททั่วไปหรือมีการนัดรับ/ตรวจสอบได้
1145,โอนเต็มก่อนเท่านั้น ไม่รับนัด ไม่รับวิดีโอคอล,scam,marketplace_scam,0.98,casual,X/Twitter,0,0,0,0,1,0,0,0,45,repeat_chars,มีบริบทเกี่ยวกับเงิน/โอน/บัญชี
1146,ระบบ TU แจ้งเตือน ให้ update password ผ่าน bit.ly/example_fake ด่วน 🔥🙏 line: @fakeid,scam,phishing,0.95,slang,Discord,1,0,0,0,0,1,0,0,84,emoji,มีลิงก์หรือการชวนคลิกลิงก์; มีคำเร่งเร้า
1147, รับซื้อเครื่องคิดเลขมือสอง  ขอราคาไม่แรง  inbox ได้,normal,tu_marketplace,0.28,short_message,Email,0,0,0,0,0,0,0,0,52,spacing_noise,บริบททั่วไปหรือมีการนัดรับ/ตรวจสอบได้
1148,ใครเจอบัตรนักศึกษาที่ คณะวิทย์ ทักมาน่อยคับ,normal,tu_general,0.08,slang,IG DM,0,0,0,0,0,0,0,0,43,typo,บริบททั่วไปหรือมีการนัดรับ/ตรวจสอบได้
1149,แอดมินคณะขอค่าจองสิทธิ์สอบ โอนมาที่ xxx-x-xxxxx-x ภายในวันนี้ DM me,scam,tu_scam,0.84,formal,Web Form,0,0,1,0,1,1,0,0,67,thai_english_mix,มีคำเร่งเร้า; มีบริบทเกี่ยวกับเงิน/โอน/บัญชี
1150,ใครเจอบัตรนักศึกษาที่ หอสมุดป๋วย ทักมาหน่อยครับ ASAP,normal,tu_general,0.18,short_message,SMS,0,0,0,0,0,0,0,0,52,thai_english_mix,บริบททั่วไปหรือมีการนัดรับ/ตรวจสอบได้
1151,กดลิงก์รับเงินคืนค่าธรรมเนียมการศึกษา bit.ly/example_fake 💬🚨,scam,refund_scam,0.83,slang,Email,1,0,0,0,1,0,1,0,60,emoji,มีลิงก์หรือการชวนคลิกลิงก์; มีบริบทเกี่ยวกับเงิน/โอน/บัญชี
1152,นัดรับหน้า BRT ได้ครับ สะดวกช่วงเย็น 💸✨,normal,tu_marketplace,0.16,slang,IG DM,0,0,0,0,0,0,0,0,39,emoji,บริบททั่วไปหรือมีการนัดรับ/ตรวจสอบได้
1153,รับทุนการศึกษาเร่งด่วน กรอกข้อมูลและเลขบัญชีที่ forms.example.invalid/fake ok?,scam,fake_scholarship,0.91,emoji,Web Form,1,0,1,0,1,1,1,0,78,thai_english_mix,มีลิงก์หรือการชวนคลิกลิงก์; มีคำเร่งเร้า; มีบริบทเกี่ยวกับเงิน/โอน/บัญชี
1154,กดลิงก์รับเงินคืนค่าธรรมเนียมการศึกษา tu-form.example.invalid DM me,scam,refund_scam,0.86,slang,LINE,1,0,0,0,1,0,1,0,67,thai_english_mix,มีลิงก์หรือการชวนคลิกลิงก์; มีบริบทเกี่ยวกับเงิน/โอน/บัญชี
1155,นัดรับหน้า โรงอาหารกลาง ได้ครับ สะดวกช่วงเย็น 📌⚠️,normal,tu_marketplace,0.04,formal,Web Form,0,0,0,0,0,0,0,0,49,emoji,บริบททั่วไปหรือมีการนัดรับ/ตรวจสอบได้
1156,Your account has been suspended verify now tu-form.example.invalid ส่งในกลุ่มได้เลย,scam,phishing,0.85,thai_english_mix,Discord,1,0,0,1,0,1,0,0,83,none,พบคำเกี่ยวกับ OTP/ยืนยันตัวตน; มีลิงก์หรือการชวนคลิกลิงก์; มีคำเร่งเร้า
1157,นัดรับหน้า คณะวิทย์ ได้ครับ สะดวกช่วงเย็น ✨⚠️,normal,tu_marketplace,0.05,thai_english_mix,LINE,0,0,0,0,0,0,0,0,45,emoji,บริบททั่วไปหรือมีการนัดรับ/ตรวจสอบได้
1158,ของถูกมาก แต่ต้องจองภายในวันนี้ 🥺🚨 line: @fakeid,suspicious,marketplace_risk,0.54,thai_english_mix,TU Marketplace,0,0,0,0,0,1,0,0,48,emoji,มีคำเร่งเร้า; มีสัญญาณเสี่ยงแต่หลักฐานยังไม่ชัด
1159,เจ้าหน้าที่มหาลัยขอ username password เพื่อตรวจสอบสถานะ 🥺✅ ทัก DM,scam,impersonation,0.83,emoji,IG DM,0,0,0,0,0,0,0,0,65,emoji,
1160,โปรไฟล์ใหม่มาก แต่บอกว่าเป็นเจ้าหน้าที่มหาลัย ✨💸,suspicious,impersonation_risk,0.7,casual,TU Marketplace,0,0,0,0,0,0,0,0,48,emoji,มีสัญญาณเสี่ยงแต่หลักฐานยังไม่ชัด
1161,ราคาถูกกว่าปกติมาก แต่ไม่ให้วิดีโอคอลดูของ 😅,suspicious,marketplace_risk,0.74,casual,Facebook Group,0,0,0,0,0,0,0,0,44,emoji,มีสัญญาณเสี่ยงแต่หลักฐานยังไม่ชัด
1162,ขอแนวข้อสอบ CS251 หน่อยครับ 🥺🙏,normal,tu_general,0.12,casual,IG DM,0,0,0,0,0,0,0,0,30,emoji,บริบททั่วไปหรือมีการนัดรับ/ตรวจสอบได้
1163,สมัครงานง่ายๆ ได้เงินเร็ว แต่ต้องจ่ายค่าสมัครก่อน ✨🚨,suspicious,job_risk,0.66,short_message,IG DM,0,0,0,0,1,0,0,1,52,emoji,มีบริบทเกี่ยวกับเงิน/โอน/บัญชี; มีบริบทสมัครงาน/รายได้; มีสัญญาณเสี่ยงแต่หลักฐานยังไม่ชัด
1164,บัญชีคุณถูกระงับ  กรุณายืนยันตัวตนทันทีที่  tu-form.example.invalid,scam,phishing,0.95,formal,IG DM,1,0,1,1,0,1,0,0,67,spacing_noise,พบคำเกี่ยวกับ OTP/ยืนยันตัวตน; มีลิงก์หรือการชวนคลิกลิงก์; มีคำเร่งเร้า
1165,งานออนไลน์ได้เงินวันละ 3000 ไม่ต้องสัมภาษณ์ สมัครด่วน ASAP,scam,job_scam,0.94,short_message,Email,0,0,0,0,1,1,0,1,58,thai_english_mix,มีคำเร่งเร้า; มีบริบทเกี่ยวกับเงิน/โอน/บัญชี; มีบริบทสมัครงาน/รายได้
1166,โปรไฟล์ใหม่มาก แต่บอกว่าเป็นเจ้าหน้าที่มหาลัย 🙏🥺 ทัก DM,suspicious,impersonation_risk,0.63,casual,TU Marketplace,0,0,0,0,0,0,0,0,55,emoji,มีสัญญาณเสี่ยงแต่หลักฐานยังไม่ชัด
1167,มีลิงก์ให้กรอกข้อมูลเพื่อรับสิทธิ์ ลองเช็คก่อนนะ ✅👍,suspicious,phishing_risk,0.73,casual,SMS,1,0,0,0,0,0,0,0,51,emoji,มีลิงก์หรือการชวนคลิกลิงก์; มีสัญญาณเสี่ยงแต่หลักฐานยังไม่ชัด
1168, คลิกลิงก์นี้เพื่อยืนยันบัญชีนักศึกษา  forms.example.invalid/fake ,scam,phishing,0.91,short_message,Web Form,1,0,1,0,0,0,0,0,66,spacing_noise,มีลิงก์หรือการชวนคลิกลิงก์
1169,บอกว่ามีทุนพิเศษแต่ต้องรีบกรอกข้อมูล ok? ทัก DM,suspicious,tu_scam_risk,0.67,short_message,Web Form,0,0,0,0,1,1,1,0,47,thai_english_mix,มีคำเร่งเร้า; มีบริบทเกี่ยวกับเงิน/โอน/บัญชี; มีสัญญาณเสี่ยงแต่หลักฐานยังไม่ชัด
1170,ขอแนวข้อสอบ CS222 หน่อยครับ 📌💸,normal,tu_general,0.06,short_message,SMS,0,0,0,0,0,0,0,0,30,emoji,บริบททั่วไปหรือมีการนัดรับ/ตรวจสอบได้
1171,ขายหนังสือ CS222 มือสอง นัดรับ โรงอาหารกลาง ได้ line: @fakeid,normal,tu_marketplace,0.07,short_message,TU Marketplace,0,0,0,0,0,0,0,0,61,typo,บริบททั่วไปหรือมีการนัดรับ/ตรวจสอบได้
1172, ขายหนังสือ  SC135  มือสอง  นัดรับ  บร.2  ได้ ,normal,tu_marketplace,0.07,casual,TU Marketplace,0,0,0,0,0,0,0,0,46,spacing_noise,บริบททั่วไปหรือมีการนัดรับ/ตรวจสอบได้
1173,สมัครงาน part-time online จ่ายค่าสมัครก่อน 300 แล้วเริ่มงานได้เลย 💸,scam,job_scam,0.81,slang,Discord,0,0,0,0,0,0,0,1,67,emoji,มีบริบทสมัครงาน/รายได้
1174,ร้านกาแฟแถวรังสิตรับพาร์ทไทม์ ชั่วโมงละ 70 บาท มีสัมภาษณ์หน้าร้าน ✅💸,normal,tu_job_real,0.1,short_message,Facebook Group,0,0,0,0,1,0,0,1,68,emoji,มีบริบทเกี่ยวกับเงิน/โอน/บัญชี; มีบริบทสมัครงาน/รายได้; บริบททั่วไปหรือมีการนัดรับ/ตรวจสอบได้
1175,ราคาถูกกว่าปกติมาก แต่ไม่ให้วิดีโอคอลดูของ 💸⚠️,suspicious,marketplace_risk,0.56,slang,Discord,0,0,0,0,0,0,0,0,46,emoji,มีสัญญาณเสี่ยงแต่หลักฐานยังไม่ชัด
1176,รับหิ้วของจากญี่ปุ่น สนใจทักได้ นัดรับได้ในมอ 🚨‼️ ทัก DM,normal,tu_general,0.13,short_message,X/Twitter,0,0,0,0,0,0,0,0,56,emoji,บริบททั่วไปหรือมีการนัดรับ/ตรวจสอบได้
1177,Your account has been suspended verify now bit.ly/example_fake 💬💸,scam,phishing,0.92,formal,Facebook Group,1,0,0,1,0,1,0,0,65,emoji,พบคำเกี่ยวกับ OTP/ยืนยันตัวตน; มีลิงก์หรือการชวนคลิกลิงก์; มีคำเร่งเร้า
1178,ของอยู่ต่างจังหวัด โอนก่อนส่งเท่านั้น ราคาพิเศษถึงวันนี้ ‼️👍,scam,marketplace_scam,0.96,slang,IG DM,0,0,0,0,1,0,0,0,60,emoji,มีบริบทเกี่ยวกับเงิน/โอน/บัญชี
1179,หอพักแถวเชียงรากเดือนละไม่เกิน 5000 มีแนะนำไหม ASAP inbox ได้,normal,tu_general,0.15,thai_english_mix,IG DM,0,0,0,0,0,0,0,0,61,thai_english_mix,บริบททั่วไปหรือมีการนัดรับ/ตรวจสอบได้
1180,รหัสยืนยันถูกส่งไปแล้ว กรุณาแจ้งรหัสภายใน 5 นาที ✨🔥 line: @fakeid,scam,otp,0.95,casual,Discord,0,0,0,1,0,1,0,0,65,emoji,พบคำเกี่ยวกับ OTP/ยืนยันตัวตน; มีคำเร่งเร้า
1181, ร้านกาแฟแถวรังสิตรับพาร์ทไทม์  ชั่วโมงละ  60  บาท  มีสัมภาษณ์หน้าร้าน  ทัก DM,normal,tu_job_real,0.17,formal,Discord,0,0,0,0,1,0,0,1,78,spacing_noise,มีบริบทเกี่ยวกับเงิน/โอน/บัญชี; มีบริบทสมัครงาน/รายได้; บริบททั่วไปหรือมีการนัดรับ/ตรวจสอบได้
1182,สมัครงาน  part-time  online  จ่ายค่าสมัครก่อน  1000  แล้วเริ่มงานได้เลย ส่งในกลุ่มได้เลย,scam,job_scam,0.82,short_message,TU Marketplace,0,0,0,0,0,0,0,1,88,spacing_noise,มีบริบทสมัครงาน/รายได้
1183,ทักไลน์อย่างเดียวครับ ไม่ค่อยตอบในกลุ่ม 📌,suspicious,marketplace_risk,0.58,thai_english_mix,SMS,0,0,0,0,0,0,0,0,41,emoji,มีสัญญาณเสี่ยงแต่หลักฐานยังไม่ชัด
1184,บัญชีคุณถูกระงับ กรุณายืนยันตัวตนทันทีที่ bit.ly/example_fake 📌🙏,scam,phishing,0.94,casual,X/Twitter,1,0,1,1,0,1,0,0,64,emoji,พบคำเกี่ยวกับ OTP/ยืนยันตัวตน; มีลิงก์หรือการชวนคลิกลิงก์; มีคำเร่งเร้า
1185,โอนเต็มก่อนเท่านั้น ไม่รับนัด ไม่รับวิดีโอคอล 💸,scam,marketplace_scam,0.94,slang,TU Marketplace,0,0,0,0,1,0,0,0,47,emoji,มีบริบทเกี่ยวกับเงิน/โอน/บัญชี
1186,ของถูกมาก แต่ต้องจองภายในวันนี้ ASAP ทัก DM,suspicious,marketplace_risk,0.57,casual,Web Form,0,0,0,0,0,1,0,0,43,thai_english_mix,มีคำเร่งเร้า; มีสัญญาณเสี่ยงแต่หลักฐานยังไม่ชัด
1187,รับทุนการศึกษาเร่งด่วน กรอกข้อมูลและเลขบัญชีที่ [URL] 🙏,scam,fake_scholarship,0.84,formal,LINE,1,0,1,0,1,1,1,0,55,emoji,มีลิงก์หรือการชวนคลิกลิงก์; มีคำเร่งเร้า; มีบริบทเกี่ยวกับเงิน/โอน/บัญชี
1188,บัญชีคุณถูกระงับ กรุณายืนยันตัวตนทันทีที่ example.invalid/verify ok?,scam,phishing,0.95,thai_english_mix,Email,1,0,1,1,0,1,0,0,68,thai_english_mix,พบคำเกี่ยวกับ OTP/ยืนยันตัวตน; มีลิงก์หรือการชวนคลิกลิงก์; มีคำเร่งเร้า
1189,ระบบแจ้งให้ยืนยันข้อมูลบางอย่างภายในวันนี้ 😅🙏,suspicious,phishing_risk,0.6,slang,SMS,0,0,0,0,0,1,0,0,45,emoji,มีคำเร่งเร้า; มีสัญญาณเสี่ยงแต่หลักฐานยังไม่ชัด
1190,นัดรับหน้า ประตูเชียงราก ได้ครับบบ สะดวกช่วงเย็น,normal,tu_marketplace,0.2,thai_english_mix,IG DM,0,0,0,0,0,0,0,0,48,repeat_chars,บริบททั่วไปหรือมีการนัดรับ/ตรวจสอบได้
1191,มีคนจองหลายคน ถ้าเอาโอนมัดจำมาก่อนได้เลย ✅‼️,suspicious,marketplace_risk,0.55,emoji,X/Twitter,0,0,0,0,1,0,0,0,44,emoji,มีบริบทเกี่ยวกับเงิน/โอน/บัญชี; มีสัญญาณเสี่ยงแต่หลักฐานยังไม่ชัด
1192,กรุณายืนยัน OTP เพื่อปลดล็อกบัญชีทันที 💸⚠️,scam,otp,0.85,short_message,Email,0,0,1,1,0,1,0,0,42,emoji,พบคำเกี่ยวกับ OTP/ยืนยันตัวตน; มีคำเร่งเร้า
1193,บัญชีคุณถูกระงับ กรุณายืนยันตัวตนทันทีที่ [URL] pls,scam,phishing,0.95,formal,SMS,1,0,1,1,0,1,0,0,51,thai_english_mix,พบคำเกี่ยวกับ OTP/ยืนยันตัวตน; มีลิงก์หรือการชวนคลิกลิงก์; มีคำเร่งเร้า
1194,กรุณายืนยัน OTP เพื่อปลดล็อกบัญชีทันที now,scam,otp,0.95,slang,LINE,0,0,1,1,0,1,0,0,42,thai_english_mix,พบคำเกี่ยวกับ OTP/ยืนยันตัวตน; มีคำเร่งเร้า
1195,ราคาถูกกว่าปกติมาก แต่ไม่ให้วิดีโอคอลดูของ ✨‼️,suspicious,marketplace_risk,0.48,thai_english_mix,Facebook Group,0,0,0,0,0,0,0,0,46,emoji,มีสัญญาณเสี่ยงแต่หลักฐานยังไม่ชัด
1196,บอกว่ามีทุนพิเศษแต่ต้องรีบกรอกข้อมูล ทัก DM,suspicious,tu_scam_risk,0.56,short_message,LINE,0,0,0,0,1,1,1,0,43,none,มีคำเร่งเร้า; มีบริบทเกี่ยวกับเงิน/โอน/บัญชี; มีสัญญาณเสี่ยงแต่หลักฐานยังไม่ชัด
1197,วันนี้ห้องเรียน SC3 เปิดไหมครับ line: @fakeid,normal,tu_general,0.25,slang,LINE,0,0,0,0,0,0,0,0,45,none,บริบททั่วไปหรือมีการนัดรับ/ตรวจสอบได้
1198,คุณได้รับสิทธิ์ทุนพิเศษ โอนค่าดำเนินการ 300 บาทก่อนรับทุน ok?,scam,fake_scholarship,0.85,short_message,LINE,0,0,0,0,1,0,1,0,61,thai_english_mix,มีบริบทเกี่ยวกับเงิน/โอน/บัญชี
1199,สมัครงาน part-time online จ่ายค่าสมัครก่อน 1500 แล้วเริ่มงานได้เลย 🙏,scam,job_scam,0.89,slang,X/Twitter,0,0,0,0,0,0,0,1,68,emoji,มีบริบทสมัครงาน/รายได้
1200,ทักไลน์อย่างเดียวครับ ไม่ค่อยตอบในกลุ่ม 🔥💬,suspicious,marketplace_risk,0.45,slang,IG DM,0,0,0,0,0,0,0,0,42,emoji,มีสัญญาณเสี่ยงแต่หลักฐานยังไม่ชัด
1201,เจ้าหน้าที่มหาลัยขอ username password เพื่อตรวจสอบสถานะ 🔥💸,scam,impersonation,0.82,emoji,TU Marketplace,0,0,0,0,0,0,0,0,58,emoji,
1202,คุณได้รับสิทธิ์ทุนพิเศษ โอนค่าดำเนินการ 300 บาทก่อนรับทุน DM me,scam,fake_scholarship,0.9,slang,Discord,0,0,0,0,1,0,1,0,63,thai_english_mix,มีบริบทเกี่ยวกับเงิน/โอน/บัญชี
1203,รหัสยืนยันถูกส่งไปแล้ว กรุณาแจ้งรหัสภายใน 5 นาที 📌✨,scam,otp,0.98,emoji,Discord,0,0,0,1,0,1,0,0,51,emoji,พบคำเกี่ยวกับ OTP/ยืนยันตัวตน; มีคำเร่งเร้า
1204,อาจารย์ส่ง link zoom ใน classroom แล้วนะ 💸📌,normal,meeting,0.3,formal,LINE,1,0,0,0,0,0,0,0,43,emoji,มีลิงก์หรือการชวนคลิกลิงก์; บริบททั่วไปหรือมีการนัดรับ/ตรวจสอบได้
1205,มีใครขายชีท CS254 บ้างครับ,normal,tu_general,0.29,thai_english_mix,TU Marketplace,0,0,0,0,0,0,0,0,26,none,บริบททั่วไปหรือมีการนัดรับ/ตรวจสอบได้
1206,ของอยู่ต่างจังหวัด โอนก่อนส่งเท่านั้น ราคาพิเศษถึงวันนี้ 💬,scam,marketplace_scam,0.82,thai_english_mix,Facebook Group,0,0,0,0,1,0,0,0,58,emoji,มีบริบทเกี่ยวกับเงิน/โอน/บัญชี
1207,ร้านกาแฟแถวรังสิตรับพาร์ทไทม์ ชั่วโมงละ 50 บาท มีสัมภาษณ์หน้าร้าน 🙏,normal,tu_job_real,0.2,emoji,TU Marketplace,0,0,0,0,1,0,0,1,67,emoji,มีบริบทเกี่ยวกับเงิน/โอน/บัญชี; มีบริบทสมัครงาน/รายได้; บริบททั่วไปหรือมีการนัดรับ/ตรวจสอบได้
1208,ขอแนวข้อสอบ MA211 หน่อยครับ ✅💸,normal,tu_general,0.25,formal,Facebook Group,0,0,0,0,0,0,0,0,30,emoji,บริบททั่วไปหรือมีการนัดรับ/ตรวจสอบได้
1209,Your account has been suspended verify now tu-form.example.invalid ทัก DM,scam,phishing,0.96,short_message,Email,1,0,0,1,0,1,0,0,73,none,พบคำเกี่ยวกับ OTP/ยืนยันตัวตน; มีลิงก์หรือการชวนคลิกลิงก์; มีคำเร่งเร้า
1210,อ้างว่าเป็นรุ่นพี่คณะ ขอให้โอนเงินช่วยจองสิทธิ์ 🚨🥺,suspicious,tu_scam_risk,0.58,formal,IG DM,0,0,0,0,1,0,0,0,50,emoji,มีบริบทเกี่ยวกับเงิน/โอน/บัญชี; มีสัญญาณเสี่ยงแต่หลักฐานยังไม่ชัด
1211,ขายหนังสือ SC135 มือสอง นัดรับ โรงอาหารกลาง ได้ now,normal,tu_marketplace,0.11,emoji,IG DM,0,0,0,0,0,1,0,0,51,thai_english_mix,มีคำเร่งเร้า; บริบททั่วไปหรือมีการนัดรับ/ตรวจสอบได้
1212,รุ่นพี่ฝากบอกให้โอนค่าชีทด่วน  ไม่งั้นหมดสิทธิ์,scam,tu_scam,0.96,emoji,X/Twitter,0,0,0,0,1,1,0,0,47,spacing_noise,มีคำเร่งเร้า; มีบริบทเกี่ยวกับเงิน/โอน/บัญชี
1213,"งานออนไลน์ได้เงินวันละ 10,000 ไม่ต้องสัมภาษณ์ สมัครด่วน ‼️✅",scam,job_scam,0.82,emoji,Facebook Group,0,0,0,0,1,1,0,1,59,emoji,มีคำเร่งเร้า; มีบริบทเกี่ยวกับเงิน/โอน/บัญชี; มีบริบทสมัครงาน/รายได้
1214,อาจารย์ส่ง link zoom ใน classroom แล้วนะ ASAP,normal,meeting,0.03,casual,IG DM,1,0,0,0,0,0,0,0,45,thai_english_mix,มีลิงก์หรือการชวนคลิกลิงก์; บริบททั่วไปหรือมีการนัดรับ/ตรวจสอบได้
1215,หอพักแถวเชียงรากเดือนละไม่เกิน 3500 มีแนะนำไหม verify pls,normal,tu_general,0.2,formal,SMS,0,0,0,1,0,0,0,0,57,thai_english_mix,พบคำเกี่ยวกับ OTP/ยืนยันตัวตน; บริบททั่วไปหรือมีการนัดรับ/ตรวจสอบได้
1216,กดลิงก์รับเงินคืนค่าธรรมเนียมการศึกษา [URL] ✅👍,scam,refund_scam,0.83,short_message,IG DM,1,0,0,0,1,0,1,0,46,emoji,มีลิงก์หรือการชวนคลิกลิงก์; มีบริบทเกี่ยวกับเงิน/โอน/บัญชี
1217,งานออนไลน์รายได้สูงมาก ไม่ต้องสัมภาษณ์ แค่ทักแชท DM me ส่งในกลุ่มได้เลย,suspicious,job_risk,0.68,emoji,Email,0,0,0,0,1,0,0,1,71,thai_english_mix,มีบริบทเกี่ยวกับเงิน/โอน/บัญชี; มีบริบทสมัครงาน/รายได้; มีสัญญาณเสี่ยงแต่หลักฐานยังไม่ชัด
1218,บอกว่ามีทุนพิเศษแต่ต้องรีบกรอกข้อมูล 🙏,suspicious,tu_scam_risk,0.54,emoji,X/Twitter,0,0,0,0,1,1,1,0,38,emoji,มีคำเร่งเร้า; มีบริบทเกี่ยวกับเงิน/โอน/บัญชี; มีสัญญาณเสี่ยงแต่หลักฐานยังไม่ชัด
1219,ขอแนวข้อสอบ MA211 หน่อยครับ line: @fakeid,normal,tu_general,0.03,short_message,X/Twitter,0,0,0,0,0,0,0,0,41,none,บริบททั่วไปหรือมีการนัดรับ/ตรวจสอบได้
1220,ใครเจอบัตรนักศึกษาที่ โรงอาหารกลาง ทักมาหน่อยครับบบ,normal,tu_general,0.12,casual,X/Twitter,0,0,0,0,0,0,0,0,51,repeat_chars,บริบททั่วไปหรือมีการนัดรับ/ตรวจสอบได้
1221,กรุณายืนยัน OTP เพื่อปลดล็อกบัญชีทันที 😅,scam,otp,0.94,short_message,Email,0,0,1,1,0,1,0,0,40,emoji,พบคำเกี่ยวกับ OTP/ยืนยันตัวตน; มีคำเร่งเร้า
1222,กรุณายืนยัน OTP เพื่อปลดล็อกบัญชีทันที 💸 line: @fakeid,scam,otp,0.86,thai_english_mix,X/Twitter,0,0,1,1,0,1,0,0,54,emoji,พบคำเกี่ยวกับ OTP/ยืนยันตัวตน; มีคำเร่งเร้า
1223,มีคนขอรหัสยืนยัน บอกว่าเป็นแอดมินกลุ่ม 🚨🙏,suspicious,otp_risk,0.72,formal,Email,0,0,0,1,0,0,0,0,41,emoji,พบคำเกี่ยวกับ OTP/ยืนยันตัวตน; มีสัญญาณเสี่ยงแต่หลักฐานยังไม่ชัด
1224,บัญชีนี้ของแฟนเราเอง ปลอดภัยแน่นอน โอนมาเลย 🔥✨,scam,marketplace_scam,0.93,emoji,LINE,0,0,1,0,1,0,0,0,46,emoji,มีบริบทเกี่ยวกับเงิน/โอน/บัญชี
1225,มีลิ้ง Google Meet สำหรับประชุมไหมครับ,normal,meeting,0.17,casual,Discord,0,0,0,0,0,0,0,0,38,typo,บริบททั่วไปหรือมีการนัดรับ/ตรวจสอบได้
1226,โปรไฟล์ใหม่มาก แต่บอกว่าเป็นเจ้าหน้าที่มหาลัย 😅 ส่งในกลุ่มได้เลย,suspicious,impersonation_risk,0.59,short_message,TU Marketplace,0,0,0,0,0,0,0,0,64,emoji,มีสัญญาณเสี่ยงแต่หลักฐานยังไม่ชัด
1227,โอนมัดจำค่าหอ 1000 บาทได้ไหมครับ 😅,normal,tu_marketplace,0.06,formal,LINE,0,0,0,0,1,0,0,0,34,emoji,มีบริบทเกี่ยวกับเงิน/โอน/บัญชี; บริบททั่วไปหรือมีการนัดรับ/ตรวจสอบได้
1228,คุณได้รับสิทธิ์ทุนพิเศษ โอนค่าดำเนินการ 500 บาทก่อนรับทุน ✅ ทัก DM,scam,fake_scholarship,0.83,casual,Facebook Group,0,0,0,0,1,0,1,0,66,emoji,มีบริบทเกี่ยวกับเงิน/โอน/บัญชี
1229,ใครเจอบัตรนักศึกษาที่  ประตูเชียงราก  ทักมาหน่อยครับ inbox ได้,normal,tu_general,0.08,thai_english_mix,Discord,0,0,0,0,0,0,0,0,62,spacing_noise,บริบททั่วไปหรือมีการนัดรับ/ตรวจสอบได้
1230,บัญชีคุณถูกระงับ กรุณายืนยันตัวตนทันทีที่ [URL] ⚠️,scam,phishing,0.85,short_message,LINE,1,0,1,1,0,1,0,0,50,emoji,พบคำเกี่ยวกับ OTP/ยืนยันตัวตน; มีลิงก์หรือการชวนคลิกลิงก์; มีคำเร่งเร้า
1231,มีลิงก์ให้กรอกข้อมูลเพื่อรับสิทธิ์ ลองเช็คก่อนนะ 🔥🙏,suspicious,phishing_risk,0.47,casual,Discord,1,0,0,0,0,0,0,0,51,emoji,มีลิงก์หรือการชวนคลิกลิงก์; มีสัญญาณเสี่ยงแต่หลักฐานยังไม่ชัด
1232,ขายหนังสือ CS222 มือสอง นัดรับ หอสมุดป๋วย ได้ ส่งในกลุ่มได้เลย,normal,tu_marketplace,0.22,thai_english_mix,TU Marketplace,0,0,0,0,0,0,0,0,62,none,บริบททั่วไปหรือมีการนัดรับ/ตรวจสอบได้
1233,สมัครงาน part-time online จ่ายค่าสมัครก่อน 1500 แล้วเริ่มงานได้เลย 👍,scam,job_scam,0.85,slang,LINE,0,0,0,0,0,0,0,1,68,emoji,มีบริบทสมัครงาน/รายได้
1234,สมัครงานง่ายๆ ได้เงินเร็ว แต่ต้องจ่ายค่าสมัครก่อน 😅 inbox ได้,suspicious,job_risk,0.53,emoji,SMS,0,0,0,0,1,0,0,1,61,emoji,มีบริบทเกี่ยวกับเงิน/โอน/บัญชี; มีบริบทสมัครงาน/รายได้; มีสัญญาณเสี่ยงแต่หลักฐานยังไม่ชัด
1235,ขอแนวข้อสอบ CS254 หน่อยครับ verify pls,normal,tu_general,0.04,slang,Email,0,0,0,1,0,0,0,0,38,thai_english_mix,พบคำเกี่ยวกับ OTP/ยืนยันตัวตน; บริบททั่วไปหรือมีการนัดรับ/ตรวจสอบได้
1236,ทักไลน์อย่างเดียวครับ ไม่ค่อยตอบในกลุ่ม 💬⚠️,suspicious,marketplace_risk,0.6,short_message,X/Twitter,0,0,0,0,0,0,0,0,43,emoji,มีสัญญาณเสี่ยงแต่หลักฐานยังไม่ชัด
1237,ร้านกาแฟแถวรังสิตรับพาร์ทไทม์ ชั่วโมงละ 50 บาท มีสัมภาษณ์หน้าร้าน 😅✨,normal,tu_job_real,0.18,formal,LINE,0,0,0,0,1,0,0,1,68,emoji,มีบริบทเกี่ยวกับเงิน/โอน/บัญชี; มีบริบทสมัครงาน/รายได้; บริบททั่วไปหรือมีการนัดรับ/ตรวจสอบได้
1238,สมัครงาน part-time online จ่ายค่าสมัครก่อน 300 แล้วเริ่มงานได้เลย 🔥,scam,job_scam,0.83,formal,Web Form,0,0,0,0,0,0,0,1,67,emoji,มีบริบทสมัครงาน/รายได้
1239,ไม่สะดวกนัดรับ ขอส่งอย่างเดียว โอนก่อนส่งนะ ‼️,suspicious,marketplace_risk,0.62,emoji,TU Marketplace,0,0,0,0,1,0,0,0,46,emoji,มีบริบทเกี่ยวกับเงิน/โอน/บัญชี; มีสัญญาณเสี่ยงแต่หลักฐานยังไม่ชัด
1240,คลิกลิงก์นี้เพื่อยืนยันบัญชีนักศึกษา example.invalid/verify now,scam,phishing,0.99,thai_english_mix,IG DM,1,0,1,1,0,1,0,0,63,thai_english_mix,พบคำเกี่ยวกับ OTP/ยืนยันตัวตน; มีลิงก์หรือการชวนคลิกลิงก์; มีคำเร่งเร้า
1241,โอนมัดจำค่าหอ 1500 บาทได้ไหมครับ ✨✅,normal,tu_marketplace,0.05,casual,TU Marketplace,0,0,0,0,1,0,0,0,35,emoji,มีบริบทเกี่ยวกับเงิน/โอน/บัญชี; บริบททั่วไปหรือมีการนัดรับ/ตรวจสอบได้
1242,ขอแนวข้อสอบ CS251 น่อยคับ,normal,tu_general,0.19,formal,LINE,0,0,0,0,0,0,0,0,25,typo,บริบททั่วไปหรือมีการนัดรับ/ตรวจสอบได้
1243,ขอแนวข้อสอบ TU100 น่อยคับ,normal,tu_general,0.19,short_message,Facebook Group,0,0,0,0,0,0,0,0,25,typo,บริบททั่วไปหรือมีการนัดรับ/ตรวจสอบได้
1244,รับทุนการศึกษาเร่งด่วน กรอกข้อมูลและเลขบัญชีที่ example.invalid/verify ✅💸,scam,fake_scholarship,0.98,short_message,Email,1,0,1,1,1,1,1,0,73,emoji,พบคำเกี่ยวกับ OTP/ยืนยันตัวตน; มีลิงก์หรือการชวนคลิกลิงก์; มีคำเร่งเร้า; มีบริบทเกี่ยวกับเงิน/โอน/บัญชี
1245,รับทุนการศึกษาเร่งด่วน กรอกข้อมูลและเลขบัญชีที่ forms.example.invalid/fake ⚠️🥺,scam,fake_scholarship,0.94,thai_english_mix,SMS,1,0,1,0,1,1,1,0,78,emoji,มีลิงก์หรือการชวนคลิกลิงก์; มีคำเร่งเร้า; มีบริบทเกี่ยวกับเงิน/โอน/บัญชี
1246,งานออนไลน์รายได้สูงมาก ไม่ต้องสัมภาษณ์ แค่ทักแชท ✨😅,suspicious,job_risk,0.71,slang,Facebook Group,0,0,0,0,1,0,0,1,51,emoji,มีบริบทเกี่ยวกับเงิน/โอน/บัญชี; มีบริบทสมัครงาน/รายได้; มีสัญญาณเสี่ยงแต่หลักฐานยังไม่ชัด
1247,บัญชีคุณถูกระงับ กรุณายืนยันตัวตนทันทีที่ forms.example.invalid/fake ok?,scam,phishing,0.98,casual,TU Marketplace,1,0,1,1,0,1,0,0,72,thai_english_mix,พบคำเกี่ยวกับ OTP/ยืนยันตัวตน; มีลิงก์หรือการชวนคลิกลิงก์; มีคำเร่งเร้า
1248,โอนนมัดจำค่าหอ 100 บาทได้ไหมครับ,normal,tu_marketplace,0.13,short_message,SMS,0,0,0,0,1,0,0,0,32,typo,มีบริบทเกี่ยวกับเงิน/โอน/บัญชี; บริบททั่วไปหรือมีการนัดรับ/ตรวจสอบได้
1249,หาคนช่วยงานอีเวนต์ในมอ มีรายละเอียดงานและสถานที่ชัดเจน 🚨 inbox ได้,normal,tu_job_real,0.2,casual,Facebook Group,0,0,0,0,0,0,0,1,66,emoji,มีบริบทสมัครงาน/รายได้; บริบททั่วไปหรือมีการนัดรับ/ตรวจสอบได้
1250,ขอแนวข้อสอบ EL171 หน่อยครับ 🥺 ส่งในกลุ่มได้เลย,normal,tu_general,0.14,short_message,Discord,0,0,0,0,0,0,0,0,46,emoji,บริบททั่วไปหรือมีการนัดรับ/ตรวจสอบได้
1251, ขายหนังสือ  CS332  มือสอง  นัดรับ  SC3  ได้ ,normal,tu_marketplace,0.19,casual,TU Marketplace,0,0,0,0,0,0,0,0,45,spacing_noise,บริบททั่วไปหรือมีการนัดรับ/ตรวจสอบได้
1252,บัญชีนี้ของแฟนเราเอง ปลอดภัยแน่นอน โอนมาเลย verify pls,scam,marketplace_scam,0.89,slang,X/Twitter,0,0,1,1,1,0,0,0,54,thai_english_mix,พบคำเกี่ยวกับ OTP/ยืนยันตัวตน; มีบริบทเกี่ยวกับเงิน/โอน/บัญชี
1253,คลิกลิงก์นี้เพื่อยืนยันบัญชีนักศึกษา forms.example.invalid/fake 😅,scam,phishing,0.86,slang,X/Twitter,1,0,1,0,0,0,0,0,65,emoji,มีลิงก์หรือการชวนคลิกลิงก์
1254,ประกาศจากคณะให้กรอกแบบประเมินรายวิชาในระบบทางการ ⚠️‼️,normal,admin_real,0.1,short_message,TU Marketplace,0,0,0,0,0,0,0,0,53,emoji,บริบททั่วไปหรือมีการนัดรับ/ตรวจสอบได้
1255,งานออนไลน์ได้เงินวันละ 8000 ไม่ต้องสัมภาษณ์ สมัครด่วน 💬,scam,job_scam,0.98,short_message,IG DM,0,0,0,0,1,1,0,1,55,emoji,มีคำเร่งเร้า; มีบริบทเกี่ยวกับเงิน/โอน/บัญชี; มีบริบทสมัครงาน/รายได้
1256,ระบบ TU แจ้งเตือน ให้ update password ผ่าน bit.ly/example_fake ด่วน ✨,scam,phishing,0.93,formal,LINE,1,0,0,0,0,1,0,0,69,emoji,มีลิงก์หรือการชวนคลิกลิงก์; มีคำเร่งเร้า
1257,มีลิงก์ให้กรอกข้อมูลเพื่อรับสิทธิ์ ลองเช็คก่อนนะ ok? ทัก DM,suspicious,phishing_risk,0.58,short_message,Web Form,1,0,0,0,0,0,0,0,59,thai_english_mix,มีลิงก์หรือการชวนคลิกลิงก์; มีสัญญาณเสี่ยงแต่หลักฐานยังไม่ชัด
1258,สมัครงาน part-time online จ่ายค่าสมัครก่อน 200 แล้วเริ่มงานได้เลย verify pls line: @fakeid,scam,job_scam,0.98,emoji,IG DM,0,0,0,1,0,0,0,1,90,thai_english_mix,พบคำเกี่ยวกับ OTP/ยืนยันตัวตน; มีบริบทสมัครงาน/รายได้
1259,รับซื้อเครื่องคิดเลขมือสอง ขอราคาไม่แรง 💸 ส่งในกลุ่มได้เลย,normal,tu_marketplace,0.21,short_message,Email,0,0,0,0,0,0,0,0,58,emoji,บริบททั่วไปหรือมีการนัดรับ/ตรวจสอบได้
1260,ราคาถูกกว่าปกติมาก แต่ไม่ให้วิดีโอคอลดูของ,suspicious,marketplace_risk,0.47,formal,X/Twitter,0,0,0,0,0,0,0,0,42,none,มีสัญญาณเสี่ยงแต่หลักฐานยังไม่ชัด
1261,มีใครขายชีท MA211 บ้างครับ pls ทัก DM,normal,tu_general,0.03,formal,Web Form,0,0,0,0,0,0,0,0,37,thai_english_mix,บริบททั่วไปหรือมีการนัดรับ/ตรวจสอบได้
1262,สมัครงาน part-time online จ่ายค่าสมัครก่อน 500 แล้วเริ่มงานได้เลย 😅🙏,scam,job_scam,0.82,emoji,X/Twitter,0,0,0,0,0,0,0,1,68,emoji,มีบริบทสมัครงาน/รายได้
1263,บัญชีนี้ของแฟนเราเอง ปลอดภัยแน่นอน โอนมาเลย ✅🚨,scam,marketplace_scam,0.97,thai_english_mix,SMS,0,0,1,0,1,0,0,0,46,emoji,มีบริบทเกี่ยวกับเงิน/โอน/บัญชี
1264,ขายหนังสือ  CS332  มือสอง  นัดรับ  ประตูเชียงราก  ได้,normal,tu_marketplace,0.13,casual,LINE,0,0,0,0,0,0,0,0,53,spacing_noise,บริบททั่วไปหรือมีการนัดรับ/ตรวจสอบได้
1265,มีคนขอรหัสยืนยัน บอกว่าเป็นแอดมินกลุ่ม ✨📌,suspicious,otp_risk,0.58,slang,X/Twitter,0,0,0,1,0,0,0,0,41,emoji,พบคำเกี่ยวกับ OTP/ยืนยันตัวตน; มีสัญญาณเสี่ยงแต่หลักฐานยังไม่ชัด
1266,ขอแนวข้อสอบ CS254 หน่อยครับ ‼️,normal,tu_general,0.17,casual,TU Marketplace,0,0,0,0,0,0,0,0,30,emoji,บริบททั่วไปหรือมีการนัดรับ/ตรวจสอบได้
1267,คุณได้รับสิทธิ์ทุนพิเศษ โอนค่าดำเนินการ 500 บาทก่อนรับทุน 👍‼️,scam,fake_scholarship,0.9,slang,Facebook Group,0,0,0,0,1,0,1,0,61,emoji,มีบริบทเกี่ยวกับเงิน/โอน/บัญชี
1268,โปรไฟล์ใหม่มาก แต่บอกว่าเป็นเจ้าหน้าที่มหาลัย 📌‼️,suspicious,impersonation_risk,0.69,emoji,Facebook Group,0,0,0,0,0,0,0,0,49,emoji,มีสัญญาณเสี่ยงแต่หลักฐานยังไม่ชัด
1269,ระบบ TU แจ้งเตือน ให้ update password ผ่าน [URL] ด่วน DM me,scam,phishing,0.98,slang,TU Marketplace,1,0,0,0,0,1,0,0,59,thai_english_mix,มีลิงก์หรือการชวนคลิกลิงก์; มีคำเร่งเร้า
1270,รีบโอนก่อนนะ เหลือคนเดียวแล้ว 🙏⚠️ line: @fakeid,suspicious,marketplace_risk,0.56,casual,Discord,0,0,0,0,1,1,0,0,47,emoji,มีคำเร่งเร้า; มีบริบทเกี่ยวกับเงิน/โอน/บัญชี; มีสัญญาณเสี่ยงแต่หลักฐานยังไม่ชัด
1271,มีใครขายชีท MA211 บ้างครับ ✅🚨,normal,tu_general,0.27,casual,SMS,0,0,0,0,0,0,0,0,29,emoji,บริบททั่วไปหรือมีการนัดรับ/ตรวจสอบได้
1272,สมัครงานง่ายๆ ได้เงินเร็ว แต่ต้องจ่ายค่าสมัครก่อน ทัก DM,suspicious,job_risk,0.7,slang,X/Twitter,0,0,0,0,1,0,0,1,56,none,มีบริบทเกี่ยวกับเงิน/โอน/บัญชี; มีบริบทสมัครงาน/รายได้; มีสัญญาณเสี่ยงแต่หลักฐานยังไม่ชัด
1273,กดลิงก์รับเงินคืนค่าธรรมเนียมการศึกษา [URL] ส่งในกลุ่มได้เลย,scam,refund_scam,0.8,thai_english_mix,X/Twitter,1,0,0,0,1,0,1,0,60,none,มีลิงก์หรือการชวนคลิกลิงก์; มีบริบทเกี่ยวกับเงิน/โอน/บัญชี
1274,สมัครงาน part-time online จ่ายค่าสมัครก่อน 1000 แล้วเริ่มงานได้เลย ✨👍,scam,job_scam,0.92,slang,TU Marketplace,0,0,0,0,0,0,0,1,69,emoji,มีบริบทสมัครงาน/รายได้
1275,โปรไฟล์ใหม่มาก แต่บอกว่าเป็นเจ้าหน้าที่มหาลัย 👍🙏 inbox ได้,suspicious,impersonation_risk,0.65,emoji,Facebook Group,0,0,0,0,0,0,0,0,58,emoji,มีสัญญาณเสี่ยงแต่หลักฐานยังไม่ชัด
1276,โปรไฟล์ใหม่มาก แต่บอกว่าเป็นเจ้าหน้าที่มหาลัย verify pls,suspicious,impersonation_risk,0.62,slang,SMS,0,0,0,1,0,0,0,0,56,thai_english_mix,พบคำเกี่ยวกับ OTP/ยืนยันตัวตน; มีสัญญาณเสี่ยงแต่หลักฐานยังไม่ชัด
1277,รับหิ้วของจากญี่ปุ่น สนใจทักได้ นัดรับได้ในมอ now,normal,tu_general,0.17,thai_english_mix,X/Twitter,0,0,0,0,0,1,0,0,49,thai_english_mix,มีคำเร่งเร้า; บริบททั่วไปหรือมีการนัดรับ/ตรวจสอบได้
1278,รับทุนการศึกษาเร่งด่วน  กรอกข้อมูลและเลขบัญชีที่  tu-form.example.invalid,scam,fake_scholarship,0.85,emoji,SMS,1,0,1,0,1,1,1,0,73,spacing_noise,มีลิงก์หรือการชวนคลิกลิงก์; มีคำเร่งเร้า; มีบริบทเกี่ยวกับเงิน/โอน/บัญชี
1279,ขอเลขบัญชีพร้อมเพย์หน่อยครับ จะโอนค่าชีท ✅ line: @fakeid,normal,tu_marketplace,0.21,thai_english_mix,Web Form,0,0,1,0,1,0,0,0,56,emoji,มีบริบทเกี่ยวกับเงิน/โอน/บัญชี; บริบททั่วไปหรือมีการนัดรับ/ตรวจสอบได้
1280,ขอแนวข้อสอบ EL171 หน่อยครับ,normal,tu_general,0.07,formal,Facebook Group,0,0,0,0,0,0,0,0,27,none,บริบททั่วไปหรือมีการนัดรับ/ตรวจสอบได้
1281, ขอแนวข้อสอบ  CS254  หน่อยครับ ,normal,tu_general,0.21,thai_english_mix,Facebook Group,0,0,0,0,0,0,0,0,31,spacing_noise,บริบททั่วไปหรือมีการนัดรับ/ตรวจสอบได้
1282,ส่งรหัส OTP มาให้แอดมินเพื่อยืนยันตัวตนก่อนรับเงินคืน 🔥📌,scam,otp,0.86,short_message,Discord,0,0,0,1,1,0,1,0,56,emoji,พบคำเกี่ยวกับ OTP/ยืนยันตัวตน; มีบริบทเกี่ยวกับเงิน/โอน/บัญชี
1283,ขอแนวข้อสอบ SC135 หน่อยครับ,normal,tu_general,0.24,formal,TU Marketplace,0,0,0,0,0,0,0,0,27,repeat_chars,บริบททั่วไปหรือมีการนัดรับ/ตรวจสอบได้
1284,ขายหนังสือ  CS254  มือสอง  นัดรับ  หอสมุดป๋วย  ได้,normal,tu_marketplace,0.11,formal,SMS,0,0,0,0,0,0,0,0,50,spacing_noise,บริบททั่วไปหรือมีการนัดรับ/ตรวจสอบได้
1285,คลิกลิงก์นี้เพื่อยืนยันบัญชีนักศึกษา [URL] 😅✅,scam,phishing,0.93,short_message,IG DM,1,0,1,0,0,0,0,0,45,emoji,มีลิงก์หรือการชวนคลิกลิงก์
1286,ใครเจอบัตรนักศึกษาที่ บร.2 ทักมาหน่อยครับ 👍,normal,tu_general,0.22,thai_english_mix,Email,0,0,0,0,0,0,0,0,43,emoji,บริบททั่วไปหรือมีการนัดรับ/ตรวจสอบได้
1287,มีคนขอรหัสยืนยัน บอกว่าเป็นแอดมินกลุ่ม 🥺🚨,suspicious,otp_risk,0.68,thai_english_mix,Email,0,0,0,1,0,0,0,0,41,emoji,พบคำเกี่ยวกับ OTP/ยืนยันตัวตน; มีสัญญาณเสี่ยงแต่หลักฐานยังไม่ชัด
1288,มีใครขายชีท CS254 บ้างครับ ⚠️ ส่งในกลุ่มได้เลย,normal,tu_general,0.28,formal,Email,0,0,0,0,0,0,0,0,46,emoji,บริบททั่วไปหรือมีการนัดรับ/ตรวจสอบได้
1289,ขอแนวข้อสอบ EL171 หน่อยครับ 😅🙏,normal,tu_general,0.27,casual,Discord,0,0,0,0,0,0,0,0,30,emoji,บริบททั่วไปหรือมีการนัดรับ/ตรวจสอบได้
1290,วันนี้ห้องเรียน คณะวิทย์ เปิดไหมครับ ⚠️,normal,tu_general,0.11,slang,Discord,0,0,0,0,0,0,0,0,39,emoji,บริบททั่วไปหรือมีการนัดรับ/ตรวจสอบได้
1291,ไม่สะดวกนัดรับ ขอส่งอย่างเดียว โอนก่อนส่งนะ ✅,suspicious,marketplace_risk,0.66,emoji,IG DM,0,0,0,0,1,0,0,0,45,emoji,มีบริบทเกี่ยวกับเงิน/โอน/บัญชี; มีสัญญาณเสี่ยงแต่หลักฐานยังไม่ชัด
1292,รหัสยืนยันถูกส่งไปแล้ว กรุณาแจ้งรหัสภายใน 5 นาที pls ทัก DM,scam,otp,0.98,short_message,Discord,0,0,0,1,0,1,0,0,59,thai_english_mix,พบคำเกี่ยวกับ OTP/ยืนยันตัวตน; มีคำเร่งเร้า
1293,อาจารย์ส่ง link zoom ใน classroom แล้วนะ 💸✅,normal,meeting,0.16,thai_english_mix,Email,1,0,0,0,0,0,0,0,43,emoji,มีลิงก์หรือการชวนคลิกลิงก์; บริบททั่วไปหรือมีการนัดรับ/ตรวจสอบได้
1294,วันนี้ห้องเรียน คณะวิทย์ เปิดไหมคับ,normal,tu_general,0.23,casual,TU Marketplace,0,0,0,0,0,0,0,0,35,typo,บริบททั่วไปหรือมีการนัดรับ/ตรวจสอบได้
1295,ขอแนวข้อสอบ SC135 หน่อยครับ ASAP,normal,tu_general,0.06,thai_english_mix,SMS,0,0,0,0,0,0,0,0,32,thai_english_mix,บริบททั่วไปหรือมีการนัดรับ/ตรวจสอบได้
1296,ระบบ  TU  แจ้งเตือน  ให้  update  password  ผ่าน  tu-form.example.invalid  ด่วน,scam,phishing,0.98,emoji,Discord,1,0,0,0,0,1,0,0,79,spacing_noise,มีลิงก์หรือการชวนคลิกลิงก์; มีคำเร่งเร้า
1297,นัดรับหน้า SC3 ได้ครับ สะดวกช่วงเย็น ok?,normal,tu_marketplace,0.25,short_message,Facebook Group,0,0,0,0,0,0,0,0,40,thai_english_mix,บริบททั่วไปหรือมีการนัดรับ/ตรวจสอบได้
1298,รับหิ้วของจากญี่ปุ่น สนใจทักได้ นัดรับได้ในมอ 🔥👍,normal,tu_general,0.09,short_message,LINE,0,0,0,0,0,0,0,0,48,emoji,บริบททั่วไปหรือมีการนัดรับ/ตรวจสอบได้
1299,ขอเลขบัญชีพร้อมเพย์หน่อยครับ จะโอนค่าชีท ✨📌,normal,tu_marketplace,0.24,slang,Web Form,0,0,1,0,1,0,0,0,43,emoji,มีบริบทเกี่ยวกับเงิน/โอน/บัญชี; บริบททั่วไปหรือมีการนัดรับ/ตรวจสอบได้
1300,ขายหนังสือ CS222 มือสอง นัดรับ หอสมุดป๋วย ได้ pls,normal,tu_marketplace,0.26,short_message,SMS,0,0,0,0,0,0,0,0,49,thai_english_mix,บริบททั่วไปหรือมีการนัดรับ/ตรวจสอบได้
1301,หาคนช่วยงานอีเวนต์ในมอ มีรายละเอียดงานและสถานที่ชัดเจน 💸,normal,tu_job_real,0.22,formal,Facebook Group,0,0,0,0,0,0,0,1,56,emoji,มีบริบทสมัครงาน/รายได้; บริบททั่วไปหรือมีการนัดรับ/ตรวจสอบได้
1302,ขายหนังสือ CS254 มือสอง นัดรับ BRT ได้ ASAP,normal,tu_marketplace,0.11,short_message,Web Form,0,0,0,0,0,0,0,0,43,thai_english_mix,บริบททั่วไปหรือมีการนัดรับ/ตรวจสอบได้
1303,ขอเลขบัญชีพร้อมเพย์หน่อยครับ จะโอนค่าชีท 🔥📌,normal,tu_marketplace,0.19,emoji,IG DM,0,0,1,0,1,0,0,0,43,emoji,มีบริบทเกี่ยวกับเงิน/โอน/บัญชี; บริบททั่วไปหรือมีการนัดรับ/ตรวจสอบได้
1304,มีใครขายชีท MA211 บ้างครับ 🥺👍,normal,tu_general,0.09,casual,IG DM,0,0,0,0,0,0,0,0,29,emoji,บริบททั่วไปหรือมีการนัดรับ/ตรวจสอบได้
1305,รับหิ้วของจากญี่ปุ่น สนใจทักได้ นัดรับได้ในมอ 💬,normal,tu_general,0.03,slang,Web Form,0,0,0,0,0,0,0,0,47,emoji,บริบททั่วไปหรือมีการนัดรับ/ตรวจสอบได้
1306, หอพักแถวเชียงรากเดือนละไม่เกิน  3500  มีแนะนำไหม ,normal,tu_general,0.08,thai_english_mix,IG DM,0,0,0,0,0,0,0,0,50,spacing_noise,บริบททั่วไปหรือมีการนัดรับ/ตรวจสอบได้
1307,ขอแนวข้อสอบ  MA211  หน่อยครับ,normal,tu_general,0.04,emoji,LINE,0,0,0,0,0,0,0,0,29,spacing_noise,บริบททั่วไปหรือมีการนัดรับ/ตรวจสอบได้
1308,รีบโอนนก่อนนะ เหลือคนเดียวแล้ว line: @fakeid,suspicious,marketplace_risk,0.63,formal,Web Form,0,0,0,0,1,1,0,0,44,typo,มีคำเร่งเร้า; มีบริบทเกี่ยวกับเงิน/โอน/บัญชี; มีสัญญาณเสี่ยงแต่หลักฐานยังไม่ชัด
1309,ทักไลน์อย่างเดียวครับ ไม่ค่อยตอบในกลุ่ม 💸🙏,suspicious,marketplace_risk,0.48,slang,TU Marketplace,0,0,0,0,0,0,0,0,42,emoji,มีสัญญาณเสี่ยงแต่หลักฐานยังไม่ชัด
1310, รับซื้อเครื่องคิดเลขมือสอง  ขอราคาไม่แรง ,normal,tu_marketplace,0.09,thai_english_mix,TU Marketplace,0,0,0,0,0,0,0,0,42,spacing_noise,บริบททั่วไปหรือมีการนัดรับ/ตรวจสอบได้
1311,มีใครขายชีท CS251 บ้างครับ 📌🔥 ส่งในกลุ่มได้เลย,normal,tu_general,0.25,casual,Facebook Group,0,0,0,0,0,0,0,0,46,emoji,บริบททั่วไปหรือมีการนัดรับ/ตรวจสอบได้
1312,ใครเจอบัตรนักศึกษาที่ BRT ทักมาหน่อยครับ 👍⚠️,normal,tu_general,0.14,thai_english_mix,Facebook Group,0,0,0,0,0,0,0,0,44,emoji,บริบททั่วไปหรือมีการนัดรับ/ตรวจสอบได้
1313,บอกว่ามีทุนพิเศษแต่ต้องรีบกรอกข้อมูล 💬🥺,suspicious,tu_scam_risk,0.66,slang,Email,0,0,0,0,1,1,1,0,39,emoji,มีคำเร่งเร้า; มีบริบทเกี่ยวกับเงิน/โอน/บัญชี; มีสัญญาณเสี่ยงแต่หลักฐานยังไม่ชัด
1314,งานออนไลน์ได้เงินวันละ 3000 ไม่ต้องสัมภาษณ์ สมัครด่วน DM me,scam,job_scam,0.83,thai_english_mix,Email,0,0,0,0,1,1,0,1,59,thai_english_mix,มีคำเร่งเร้า; มีบริบทเกี่ยวกับเงิน/โอน/บัญชี; มีบริบทสมัครงาน/รายได้
1315,หาคนช่วยงานอีเวนต์ในมอ มีรายละเอียดงานและสถานที่ชัดเจน ⚠️✅,normal,tu_job_real,0.09,formal,IG DM,0,0,0,0,0,0,0,1,58,emoji,มีบริบทสมัครงาน/รายได้; บริบททั่วไปหรือมีการนัดรับ/ตรวจสอบได้
1316,คุณได้รับสิทธิ์ทุนพิเศษ โอนค่าดำเนินการ 1500 บาทก่อนรับทุน 🚨,scam,fake_scholarship,0.82,emoji,TU Marketplace,0,0,0,0,1,0,1,0,60,emoji,มีบริบทเกี่ยวกับเงิน/โอน/บัญชี
1317,ขอแนวข้อสอบ TU100 หน่อยคับ,normal,tu_general,0.24,emoji,Email,0,0,0,0,0,0,0,0,26,typo,บริบททั่วไปหรือมีการนัดรับ/ตรวจสอบได้
1318,ของถูกมาก แต่ต้องจองภายในวันนี้ ✨ ส่งในกลุ่มได้เลย,suspicious,marketplace_risk,0.52,short_message,TU Marketplace,0,0,0,0,0,1,0,0,50,emoji,มีคำเร่งเร้า; มีสัญญาณเสี่ยงแต่หลักฐานยังไม่ชัด
1319,สมัครงาน part-time online จ่ายค่าสมัครก่อน 300 แล้วเริ่มงานได้เลย 📌,scam,job_scam,0.9,casual,Facebook Group,0,0,0,0,0,0,0,1,67,emoji,มีบริบทสมัครงาน/รายได้
1320,ประกาศจากคณะให้กรอกแบบประเมินรายวิชาในระบบทางการ 🙏🔥,normal,admin_real,0.21,short_message,TU Marketplace,0,0,0,0,0,0,0,0,51,emoji,บริบททั่วไปหรือมีการนัดรับ/ตรวจสอบได้
1321,งานออนไลน์รายได้สูงมาก ไม่ต้องสัมภาษณ์ แค่ทักแชท ✨⚠️,suspicious,job_risk,0.69,formal,Discord,0,0,0,0,1,0,0,1,52,emoji,มีบริบทเกี่ยวกับเงิน/โอน/บัญชี; มีบริบทสมัครงาน/รายได้; มีสัญญาณเสี่ยงแต่หลักฐานยังไม่ชัด
1322,ส่งรหัส OTP มาให้แอดมินเพื่อยืนยันตัวตนก่อนรับเงินคืน 🙏💬,scam,otp,0.91,casual,LINE,0,0,0,1,1,0,1,0,56,emoji,พบคำเกี่ยวกับ OTP/ยืนยันตัวตน; มีบริบทเกี่ยวกับเงิน/โอน/บัญชี
1323,กดลิงก์รับเงินคืนค่าธรรมเนียมการศึกษา example.invalid/verify ‼️,scam,refund_scam,0.96,formal,Web Form,1,0,0,1,1,0,1,0,63,emoji,พบคำเกี่ยวกับ OTP/ยืนยันตัวตน; มีลิงก์หรือการชวนคลิกลิงก์; มีบริบทเกี่ยวกับเงิน/โอน/บัญชี
1324,รับซื้อเครื่องคิดเลขมือสอง  ขอราคาไม่แรง,normal,tu_marketplace,0.04,slang,Discord,0,0,0,0,0,0,0,0,40,spacing_noise,บริบททั่วไปหรือมีการนัดรับ/ตรวจสอบได้
1325,สมัครงาน part-time online จ่ายค่าสมัครก่อน 1500 แล้วเริ่มงานได้เลย now,scam,job_scam,0.89,slang,X/Twitter,0,0,0,0,0,1,0,1,70,thai_english_mix,มีคำเร่งเร้า; มีบริบทสมัครงาน/รายได้
1326,นัดรับหน้า  บร.2  ได้ครับ  สะดวกช่วงเย็น inbox ได้,normal,tu_marketplace,0.14,emoji,Web Form,0,0,0,0,0,0,0,0,50,spacing_noise,บริบททั่วไปหรือมีการนัดรับ/ตรวจสอบได้
1327,งานออนไลน์ได้เงินวันละ 8000 ไม่ต้องสัมภาษณ์ สมัครด่วน 🥺,scam,job_scam,0.81,casual,TU Marketplace,0,0,0,0,1,1,0,1,55,emoji,มีคำเร่งเร้า; มีบริบทเกี่ยวกับเงิน/โอน/บัญชี; มีบริบทสมัครงาน/รายได้
1328,ส่งรหัส OTP มาให้แอดมินเพื่อยืนยันตัวตนก่อนรับเงินคืน 📌,scam,otp,0.88,emoji,X/Twitter,0,0,0,1,1,0,1,0,55,emoji,พบคำเกี่ยวกับ OTP/ยืนยันตัวตน; มีบริบทเกี่ยวกับเงิน/โอน/บัญชี
1329,รับทุนการศึกษาเร่งด่วน กรอกข้อมูลและเลขบัญชีที่ forms.example.invalid/fake 😅📌,scam,fake_scholarship,0.94,slang,Facebook Group,1,0,1,0,1,1,1,0,77,emoji,มีลิงก์หรือการชวนคลิกลิงก์; มีคำเร่งเร้า; มีบริบทเกี่ยวกับเงิน/โอน/บัญชี
1330,ร้านกาแฟแถวรังสิตรับพาร์ทไทม์ ชั่วโมงละ 60 บาท มีสัมภาษณ์หน้าร้าน 😅💬,normal,tu_job_real,0.07,casual,IG DM,0,0,0,0,1,0,0,1,68,emoji,มีบริบทเกี่ยวกับเงิน/โอน/บัญชี; มีบริบทสมัครงาน/รายได้; บริบททั่วไปหรือมีการนัดรับ/ตรวจสอบได้
1331,มีคนจองหลายคน ถ้าเอาโอนมัดจำมาก่อนได้เลย 🔥👍,suspicious,marketplace_risk,0.47,casual,TU Marketplace,0,0,0,0,1,0,0,0,43,emoji,มีบริบทเกี่ยวกับเงิน/โอน/บัญชี; มีสัญญาณเสี่ยงแต่หลักฐานยังไม่ชัด
1332,มีลิงก์ให้กรอกข้อมูลเพื่อรับสิทธิ์ ลองเช็คก่อนนะ 🔥 inbox ได้,suspicious,phishing_risk,0.64,casual,Email,1,0,0,0,0,0,0,0,60,emoji,มีลิงก์หรือการชวนคลิกลิงก์; มีสัญญาณเสี่ยงแต่หลักฐานยังไม่ชัด
1333,พัสดุติดปัญหา ชำระค่าธรรมเนียมที่ [URL] เพื่อรับของ 💸✨ ส่งในกลุ่มได้เลย,scam,delivery_scam,0.87,emoji,IG DM,1,0,0,0,0,0,0,0,71,emoji,มีลิงก์หรือการชวนคลิกลิงก์
1334,ระบบแจ้งให้ยืนยันข้อมูลบางอย่างภายในวันนี้ ✅💸,suspicious,phishing_risk,0.72,formal,Facebook Group,0,0,0,0,0,1,0,0,45,emoji,มีคำเร่งเร้า; มีสัญญาณเสี่ยงแต่หลักฐานยังไม่ชัด
1335,บอกว่ามีทุนพิเศษแต่ต้องรีบกรอกข้อมูล 📌‼️,suspicious,tu_scam_risk,0.47,emoji,TU Marketplace,0,0,0,0,1,1,1,0,40,emoji,มีคำเร่งเร้า; มีบริบทเกี่ยวกับเงิน/โอน/บัญชี; มีสัญญาณเสี่ยงแต่หลักฐานยังไม่ชัด
1336,ระบบ TU แจ้งเตือน ให้ update password ผ่าน forms.example.invalid/fake ด่วน ‼️⚠️,scam,phishing,0.97,formal,TU Marketplace,1,0,0,0,0,1,0,0,79,emoji,มีลิงก์หรือการชวนคลิกลิงก์; มีคำเร่งเร้า
1337,รับทุนการศึกษาเร่งด่วน กรอกข้อมูลและเลขบัญชีที่ bit.ly/example_fake 📌,scam,fake_scholarship,0.88,formal,TU Marketplace,1,0,1,0,1,1,1,0,69,emoji,มีลิงก์หรือการชวนคลิกลิงก์; มีคำเร่งเร้า; มีบริบทเกี่ยวกับเงิน/โอน/บัญชี
1338,ขาย iPad ใช้เรียน นัดรับในมอได้ เช็คของก่อนจ่าย 🔥,normal,tu_marketplace,0.17,slang,Email,0,0,0,0,0,0,0,0,49,emoji,บริบททั่วไปหรือมีการนัดรับ/ตรวจสอบได้
1339,ขายหนังสือ TU100 มือสอง นัดรับ หน้าโดม ได้ pls,normal,tu_marketplace,0.2,short_message,TU Marketplace,0,0,0,0,0,0,0,0,46,thai_english_mix,บริบททั่วไปหรือมีการนัดรับ/ตรวจสอบได้
1340,คลิกลิงก์นี้เพื่อยืนยันบัญชีนักศึกษา bit.ly/example_fake 📌😅,scam,phishing,0.99,emoji,LINE,1,0,1,0,0,0,0,0,59,emoji,มีลิงก์หรือการชวนคลิกลิงก์
1341, ขายหนังสือ  CS254  มือสอง  นัดรับ  SC3  ได้ ,normal,tu_marketplace,0.22,short_message,TU Marketplace,0,0,0,0,0,0,0,0,45,spacing_noise,บริบททั่วไปหรือมีการนัดรับ/ตรวจสอบได้
1342,พัสดุติดปัญหา ชำระค่าธรรมเนียมที่ bit.ly/example_fake เพื่อรับของ 📌🚨,scam,delivery_scam,0.83,emoji,SMS,1,0,0,0,0,0,0,0,68,emoji,มีลิงก์หรือการชวนคลิกลิงก์
1343,แอดมินคณะขอค่าจองสิทธิ์สอบ โอนมาที่ บัญชี xxx123 ภายในวันนี้ 😅📌,scam,tu_scam,0.88,short_message,X/Twitter,0,0,1,0,1,1,0,0,63,emoji,มีคำเร่งเร้า; มีบริบทเกี่ยวกับเงิน/โอน/บัญชี
1344,โปรไฟล์ใหม่มาก แต่บอกว่าเป็นเจ้าหน้าที่มหาลัย 💬 ส่งในกลุ่มได้เลย,suspicious,impersonation_risk,0.67,casual,X/Twitter,0,0,0,0,0,0,0,0,64,emoji,มีสัญญาณเสี่ยงแต่หลักฐานยังไม่ชัด
1345,หาคนช่วยงานอีเวนต์ในมอ  มีรายละเอียดงานและสถานที่ชัดเจน inbox ได้,normal,tu_job_real,0.14,short_message,LINE,0,0,0,0,0,0,0,1,65,spacing_noise,มีบริบทสมัครงาน/รายได้; บริบททั่วไปหรือมีการนัดรับ/ตรวจสอบได้
1346, หอพักแถวเชียงรากเดือนละไม่เกิน  5000  มีแนะนำไหม  ทัก DM,normal,tu_general,0.21,emoji,Email,0,0,0,0,0,0,0,0,57,spacing_noise,บริบททั่วไปหรือมีการนัดรับ/ตรวจสอบได้
1347,คลิกลิงก์นี้เพื่อยืนยันบัญชีนักศึกษา [URL] ok? inbox ได้,scam,phishing,0.99,short_message,Facebook Group,1,0,1,0,0,0,0,0,56,thai_english_mix,มีลิงก์หรือการชวนคลิกลิงก์
1348,ระบบแจ้งให้ยืนยันข้อมูลบางอย่างภายในวันนี้ 🥺🔥,suspicious,phishing_risk,0.65,slang,SMS,0,0,0,0,0,1,0,0,45,emoji,มีคำเร่งเร้า; มีสัญญาณเสี่ยงแต่หลักฐานยังไม่ชัด
1349,ระบบแจ้งให้ยืนยันข้อมูลบางอย่างภายในวันนี้ ⚠️,suspicious,phishing_risk,0.49,slang,Discord,0,0,0,0,0,1,0,0,45,emoji,มีคำเร่งเร้า; มีสัญญาณเสี่ยงแต่หลักฐานยังไม่ชัด
1350,นัดรับหน้า คณะวิทย์ ได้ครับ สะดวกช่วงเย็น 📌 ทัก DM,normal,tu_marketplace,0.3,thai_english_mix,Web Form,0,0,0,0,0,0,0,0,50,emoji,บริบททั่วไปหรือมีการนัดรับ/ตรวจสอบได้
1351,โปรไฟล์ใหม่มาก แต่บอกว่าเป็นเจ้าหน้าที่มหาลัย 💸🙏,suspicious,impersonation_risk,0.59,emoji,Discord,0,0,0,0,0,0,0,0,48,emoji,มีสัญญาณเสี่ยงแต่หลักฐานยังไม่ชัด
1352,ใครเจอบัตรนักศึกษาที่ ประตูเชียงราก ทักมาหน่อยครับ 👍⚠️ inbox ได้,normal,tu_general,0.06,thai_english_mix,Facebook Group,0,0,0,0,0,0,0,0,64,emoji,บริบททั่วไปหรือมีการนัดรับ/ตรวจสอบได้
1353,ร้านกาแฟแถวรังสิตรับพาร์ทไทม์ ชั่วโมงละ 80 บาท มีสัมภาษณ์หน้าร้าน 💸⚠️,normal,tu_job_real,0.24,thai_english_mix,SMS,0,0,0,0,1,0,0,1,69,emoji,มีบริบทเกี่ยวกับเงิน/โอน/บัญชี; มีบริบทสมัครงาน/รายได้; บริบททั่วไปหรือมีการนัดรับ/ตรวจสอบได้
1354,บอกว่ามีทุนพิเศษแต่ต้องรีบกรอกข้อมูล ✨🚨,suspicious,tu_scam_risk,0.59,short_message,Discord,0,0,0,0,1,1,1,0,39,emoji,มีคำเร่งเร้า; มีบริบทเกี่ยวกับเงิน/โอน/บัญชี; มีสัญญาณเสี่ยงแต่หลักฐานยังไม่ชัด
1355,รหัสยืนยันถูกส่งไปแล้ว กรุณาแจ้งรหัสภายใน 5 นาที inbox ได้,scam,otp,0.96,emoji,LINE,0,0,0,1,0,1,0,0,58,none,พบคำเกี่ยวกับ OTP/ยืนยันตัวตน; มีคำเร่งเร้า
1356,ใครเจอบัตรนักศึกษาที่ ประตูเชียงราก ทักมาหน่อยครับ 🚨🙏,normal,tu_general,0.14,slang,Discord,0,0,0,0,0,0,0,0,53,emoji,บริบททั่วไปหรือมีการนัดรับ/ตรวจสอบได้
1357,พัสดุติดปัญหา ชำระค่าธรรมเนียมที่ [URL] เพื่อรับของ 🚨😅,scam,delivery_scam,0.87,casual,Email,1,0,0,0,0,0,0,0,54,emoji,มีลิงก์หรือการชวนคลิกลิงก์
1358,บัญชีนี้ของแฟนเราเอง ปลอดภัยแน่นอน โอนมาเลย DM me inbox ได้,scam,marketplace_scam,0.88,casual,IG DM,0,0,1,0,1,0,0,0,59,thai_english_mix,มีบริบทเกี่ยวกับเงิน/โอน/บัญชี
1359,รหัสยืนยันถูกส่งไปแล้ว กรุณาแจ้งรหัสภายใน 5 นาที 💸🔥,scam,otp,0.94,emoji,TU Marketplace,0,0,0,1,0,1,0,0,51,emoji,พบคำเกี่ยวกับ OTP/ยืนยันตัวตน; มีคำเร่งเร้า
1360,อาจารย์ส่ง link zoom ใน classroom แล้วนะ 🥺 ทัก DM,normal,meeting,0.3,short_message,IG DM,1,0,0,0,0,0,0,0,49,emoji,มีลิงก์หรือการชวนคลิกลิงก์; บริบททั่วไปหรือมีการนัดรับ/ตรวจสอบได้
1361,โอนมัดจำค่าหอ 500 บาทได้ไหมครับ ✅,normal,tu_marketplace,0.16,emoji,TU Marketplace,0,0,0,0,1,0,0,0,33,emoji,มีบริบทเกี่ยวกับเงิน/โอน/บัญชี; บริบททั่วไปหรือมีการนัดรับ/ตรวจสอบได้
1362,ใครเจอบัตรนักศึกษาที่ บร.2 ทักมาหน่อยครับ ✨,normal,tu_general,0.14,casual,Web Form,0,0,0,0,0,0,0,0,43,emoji,บริบททั่วไปหรือมีการนัดรับ/ตรวจสอบได้
1363,บอกว่ามีทุนพิเศษแต่ต้องรีบกรอกข้อมูล ok?,suspicious,tu_scam_risk,0.61,casual,LINE,0,0,0,0,1,1,1,0,40,thai_english_mix,มีคำเร่งเร้า; มีบริบทเกี่ยวกับเงิน/โอน/บัญชี; มีสัญญาณเสี่ยงแต่หลักฐานยังไม่ชัด
1364,สมัครงานง่ายๆ ได้เงินเร็ว แต่ต้องจ่ายค่าสมัครก่อน ⚠️💸,suspicious,job_risk,0.7,formal,Email,0,0,0,0,1,0,0,1,53,emoji,มีบริบทเกี่ยวกับเงิน/โอน/บัญชี; มีบริบทสมัครงาน/รายได้; มีสัญญาณเสี่ยงแต่หลักฐานยังไม่ชัด
1365,พัสดุติดปัญหา  ชำระค่าธรรมเนียมที่  bit.ly/example_fake  เพื่อรับของ,scam,delivery_scam,0.85,thai_english_mix,Facebook Group,1,0,0,0,0,0,0,0,68,spacing_noise,มีลิงก์หรือการชวนคลิกลิงก์
1366,ของถูกมาก แต่ต้องจองภายในวันนี้ 👍,suspicious,marketplace_risk,0.74,formal,Web Form,0,0,0,0,0,1,0,0,33,emoji,มีคำเร่งเร้า; มีสัญญาณเสี่ยงแต่หลักฐานยังไม่ชัด
1367,นัดรับหน้า SC3 ได้ครับ สะดวกช่วงเย็น ASAP,normal,tu_marketplace,0.22,casual,SMS,0,0,0,0,0,0,0,0,41,thai_english_mix,บริบททั่วไปหรือมีการนัดรับ/ตรวจสอบได้
1368,คุณได้รับสิทธิ์ทุนพิเศษ โอนค่าดำเนินการ 100 บาทก่อนรับทุน ทัก DM,scam,fake_scholarship,0.98,short_message,Email,0,0,0,0,1,0,1,0,64,repeat_chars,มีบริบทเกี่ยวกับเงิน/โอน/บัญชี
1369,รับทุนการศึกษาเร่งด่วน กรอกข้อมูลและเลขบัญชีที่ example.invalid/verify 💬,scam,fake_scholarship,0.84,formal,TU Marketplace,1,0,1,1,1,1,1,0,72,emoji,พบคำเกี่ยวกับ OTP/ยืนยันตัวตน; มีลิงก์หรือการชวนคลิกลิงก์; มีคำเร่งเร้า; มีบริบทเกี่ยวกับเงิน/โอน/บัญชี
1370, ขายหนังสือ  EL171  มือสอง  นัดรับ  หน้าโดม  ได้ ,normal,tu_marketplace,0.23,emoji,TU Marketplace,0,0,0,0,0,0,0,0,49,spacing_noise,บริบททั่วไปหรือมีการนัดรับ/ตรวจสอบได้
1371,ส่งเลขบัญชีมา เดี๋ยวโอนค่าหนังสือให้ครับ 💬✅,normal,tu_marketplace,0.18,casual,SMS,0,0,1,0,1,0,0,0,43,emoji,มีบริบทเกี่ยวกับเงิน/โอน/บัญชี; บริบททั่วไปหรือมีการนัดรับ/ตรวจสอบได้
1372,อาจารย์ส่ง link zoom ใน classroom แล้วนะ 💬🚨,normal,meeting,0.03,short_message,X/Twitter,1,0,0,0,0,0,0,0,43,emoji,มีลิงก์หรือการชวนคลิกลิงก์; บริบททั่วไปหรือมีการนัดรับ/ตรวจสอบได้
1373,อ้างว่าเป็นรุ่นพี่คณะ ขอให้โอนเงินช่วยจองสิทธิ์ ✅🙏,suspicious,tu_scam_risk,0.52,emoji,X/Twitter,0,0,0,0,1,0,0,0,50,emoji,มีบริบทเกี่ยวกับเงิน/โอน/บัญชี; มีสัญญาณเสี่ยงแต่หลักฐานยังไม่ชัด
1374,ของอยู่ต่างจังหวัด โอนก่อนส่งเท่านั้น ราคาพิเศษถึงวันนี้ 🥺📌,scam,marketplace_scam,0.95,casual,Facebook Group,0,0,0,0,1,0,0,0,59,emoji,มีบริบทเกี่ยวกับเงิน/โอน/บัญชี
1375,ของอยู่ต่างจังหวัด โอนก่อนส่งเท่านั้น ราคาพิเศษถึงวันนี้ 😅💸,scam,marketplace_scam,0.98,thai_english_mix,X/Twitter,0,0,0,0,1,0,0,0,59,emoji,มีบริบทเกี่ยวกับเงิน/โอน/บัญชี
1376,ใครเจอบัตรนักศึกษาที่ หน้าโดม ทักมาหน่อยครับ,normal,tu_general,0.12,emoji,LINE,0,0,0,0,0,0,0,0,44,typo,บริบททั่วไปหรือมีการนัดรับ/ตรวจสอบได้
1377,กดลิงก์รับเงินคืนค่าธรรมเนียมการศึกษา example.invalid/verify ทัก DM,scam,refund_scam,0.84,casual,Web Form,1,0,0,1,1,0,1,0,67,none,พบคำเกี่ยวกับ OTP/ยืนยันตัวตน; มีลิงก์หรือการชวนคลิกลิงก์; มีบริบทเกี่ยวกับเงิน/โอน/บัญชี
1378,มีใครขายชีท EL171 บ้างครับ line: @fakeid,normal,tu_general,0.05,casual,TU Marketplace,0,0,0,0,0,0,0,0,40,none,บริบททั่วไปหรือมีการนัดรับ/ตรวจสอบได้
1379,ขอแนวข้อสอบ CS254 หน่อยครับ 👍,normal,tu_general,0.13,emoji,Web Form,0,0,0,0,0,0,0,0,29,emoji,บริบททั่วไปหรือมีการนัดรับ/ตรวจสอบได้
1380,รหัสยืนยันถูกส่งไปแล้ว กรุณาแจ้งรหัสภายใน 5 นาที pls,scam,otp,0.85,casual,X/Twitter,0,0,0,1,0,1,0,0,52,thai_english_mix,พบคำเกี่ยวกับ OTP/ยืนยันตัวตน; มีคำเร่งเร้า
1381,คุณได้รับสิทธิ์ทุนพิเศษ โอนค่าดำเนินการ 1500 บาทก่อนรับทุน 💬,scam,fake_scholarship,0.97,emoji,TU Marketplace,0,0,0,0,1,0,1,0,60,emoji,มีบริบทเกี่ยวกับเงิน/โอน/บัญชี
1382,คุณได้รับสิทธิ์ทุนพิเศษ โอนค่าดำเนินการ 1000 บาทก่อนรับทุน ✨,scam,fake_scholarship,0.9,short_message,Web Form,0,0,0,0,1,0,1,0,60,emoji,มีบริบทเกี่ยวกับเงิน/โอน/บัญชี
1383,โอนมัดจำค่าหอ 300 บาทได้ไหมครับ 🥺👍,normal,tu_marketplace,0.1,emoji,Discord,0,0,0,0,1,0,0,0,34,emoji,มีบริบทเกี่ยวกับเงิน/โอน/บัญชี; บริบททั่วไปหรือมีการนัดรับ/ตรวจสอบได้
1384,รีบโอนก่อนนะ เหลือคนเดียวแล้ว ‼️🥺,suspicious,marketplace_risk,0.7,thai_english_mix,Web Form,0,0,0,0,1,1,0,0,33,emoji,มีคำเร่งเร้า; มีบริบทเกี่ยวกับเงิน/โอน/บัญชี; มีสัญญาณเสี่ยงแต่หลักฐานยังไม่ชัด
1385,"งานออนไลน์ได้เงินวันละ 10,000 ไม่ต้องสัมภาษณ์ สมัครด่วนนน",scam,job_scam,0.88,slang,SMS,0,0,0,0,1,1,0,1,57,repeat_chars,มีคำเร่งเร้า; มีบริบทเกี่ยวกับเงิน/โอน/บัญชี; มีบริบทสมัครงาน/รายได้
1386,ขอแนวข้อสอบ CS251 หน่อยครับ ✨🔥 ทัก DM,normal,tu_general,0.25,thai_english_mix,TU Marketplace,0,0,0,0,0,0,0,0,37,emoji,บริบททั่วไปหรือมีการนัดรับ/ตรวจสอบได้
1387,คุณได้รับสิทธิ์ทุนพิเศษ โอนค่าดำเนินการ 500 บาทก่อนรับทุน 😅,scam,fake_scholarship,0.96,emoji,Facebook Group,0,0,0,0,1,0,1,0,59,emoji,มีบริบทเกี่ยวกับเงิน/โอน/บัญชี
1388,ขอโอนเต็มก่อน เด๋วส่งเลขพัสดุให้,suspicious,marketplace_risk,0.55,slang,LINE,0,0,0,0,1,0,0,0,32,typo,มีบริบทเกี่ยวกับเงิน/โอน/บัญชี; มีสัญญาณเสี่ยงแต่หลักฐานยังไม่ชัด
1389,สมัครงาน  part-time  online  จ่ายค่าสมัครก่อน  300  แล้วเริ่มงานได้เลย,scam,job_scam,0.99,slang,Discord,0,0,0,0,0,0,0,1,70,spacing_noise,มีบริบทสมัครงาน/รายได้
1390,ระบบ TU แจ้งเตือน ให้ update password ผ่าน example.invalid/verify ด่วน 🥺,scam,phishing,0.89,formal,X/Twitter,1,0,0,1,0,1,0,0,72,emoji,พบคำเกี่ยวกับ OTP/ยืนยันตัวตน; มีลิงก์หรือการชวนคลิกลิงก์; มีคำเร่งเร้า
1391,มีใครขายชีท CS332 บ้างครับ 🥺‼️ inbox ได้,normal,tu_general,0.25,casual,Web Form,0,0,0,0,0,0,0,0,40,emoji,บริบททั่วไปหรือมีการนัดรับ/ตรวจสอบได้
1392,อาจารย์ส่ง link zoom ใน classroom แล้วนะ line: @fakeid,normal,meeting,0.13,slang,Discord,1,0,0,0,0,0,0,0,54,none,มีลิงก์หรือการชวนคลิกลิงก์; บริบททั่วไปหรือมีการนัดรับ/ตรวจสอบได้
1393,ร้านกาแฟแถวรังสิตรับพาร์ทไทม์ ชั่วโมงละ 50 บาท มีสัมภาษณ์หน้าร้าน 🙏💸,normal,tu_job_real,0.06,thai_english_mix,Web Form,0,0,0,0,1,0,0,1,68,emoji,มีบริบทเกี่ยวกับเงิน/โอน/บัญชี; มีบริบทสมัครงาน/รายได้; บริบททั่วไปหรือมีการนัดรับ/ตรวจสอบได้
1394,งานออนไลน์ได้เงินวันละ 8000 ไม่ต้องสัมภาษณ์ สมัครด่วน 👍,scam,job_scam,0.94,formal,SMS,0,0,0,0,1,1,0,1,55,emoji,มีคำเร่งเร้า; มีบริบทเกี่ยวกับเงิน/โอน/บัญชี; มีบริบทสมัครงาน/รายได้
1395,คลิกลิงก์นี้เพื่อยืนยัันบชนักศึกษา [URL],scam,phishing,0.82,short_message,Web Form,1,0,0,0,0,0,0,0,40,typo,มีลิงก์หรือการชวนคลิกลิงก์
1396,ทักไลน์อย่างเดียวครับ ไม่ค่อยตอบในกลุ่ม DM me,suspicious,marketplace_risk,0.64,emoji,Email,0,0,0,0,0,0,0,0,45,thai_english_mix,มีสัญญาณเสี่ยงแต่หลักฐานยังไม่ชัด
1397,บอกว่ามีทุนพิเศษแต่ต้องรีบกรอกข้อมูล ✅💬 line: @fakeid,suspicious,tu_scam_risk,0.47,thai_english_mix,SMS,0,0,0,0,1,1,1,0,53,emoji,มีคำเร่งเร้า; มีบริบทเกี่ยวกับเงิน/โอน/บัญชี; มีสัญญาณเสี่ยงแต่หลักฐานยังไม่ชัด
1398,ไม่สะดวกนัดรับ ขอส่งอย่างเดียว โอนก่อนส่งนะ 😅💸,suspicious,marketplace_risk,0.71,short_message,SMS,0,0,0,0,1,0,0,0,46,emoji,มีบริบทเกี่ยวกับเงิน/โอน/บัญชี; มีสัญญาณเสี่ยงแต่หลักฐานยังไม่ชัด
1399,กรุณายืนยัน OTP เพื่อปลดล็อกบัญชีทันที 📌,scam,otp,0.98,casual,IG DM,0,0,1,1,0,1,0,0,40,emoji,พบคำเกี่ยวกับ OTP/ยืนยันตัวตน; มีคำเร่งเร้า
1400,ขาย iPad ใช้เรียน นัดรับในมอได้ เช็คของก่อนจ่าย ⚠️📌 ส่งในกลุ่มได้เลย,normal,tu_marketplace,0.28,emoji,SMS,0,0,0,0,0,0,0,0,68,emoji,บริบททั่วไปหรือมีการนัดรับ/ตรวจสอบได้
1401,ราคาถูกกว่าปกติมาก แต่ไม่ให้วิดีโอคอลดูของ ✨⚠️ ส่งในกลุ่มได้เลย,suspicious,marketplace_risk,0.69,thai_english_mix,X/Twitter,0,0,0,0,0,0,0,0,63,emoji,มีสัญญาณเสี่ยงแต่หลักฐานยังไม่ชัด
1402,มีคนจองหลายคน ถ้าเอาโอนมัดจำมาก่อนได้เลย ✅🙏,suspicious,marketplace_risk,0.57,casual,Discord,0,0,0,0,1,0,0,0,43,emoji,มีบริบทเกี่ยวกับเงิน/โอน/บัญชี; มีสัญญาณเสี่ยงแต่หลักฐานยังไม่ชัด
1403,บอกว่ามีทุนพิเศษแต่ต้องรีบกรอกข้อมูล 📌✨,suspicious,tu_scam_risk,0.45,thai_english_mix,IG DM,0,0,0,0,1,1,1,0,39,emoji,มีคำเร่งเร้า; มีบริบทเกี่ยวกับเงิน/โอน/บัญชี; มีสัญญาณเสี่ยงแต่หลักฐานยังไม่ชัด
1404,ใครเจอบัตรนักศึกษาที่ โรงอาหารกลาง ทักมาหน่อยครับ pls,normal,tu_general,0.06,short_message,SMS,0,0,0,0,0,0,0,0,53,thai_english_mix,บริบททั่วไปหรือมีการนัดรับ/ตรวจสอบได้
1405,อาจารย์ส่ง link zoom ใน classroom แล้วนะ ok? line: @fakeid,normal,meeting,0.09,slang,SMS,1,0,0,0,0,0,0,0,58,thai_english_mix,มีลิงก์หรือการชวนคลิกลิงก์; บริบททั่วไปหรือมีการนัดรับ/ตรวจสอบได้
1406,ของถูกมาก แต่ต้องจองภายในวันนี้ 🙏📌,suspicious,marketplace_risk,0.67,thai_english_mix,TU Marketplace,0,0,0,0,0,1,0,0,34,emoji,มีคำเร่งเร้า; มีสัญญาณเสี่ยงแต่หลักฐานยังไม่ชัด
1407,คลิกลิงก์นี้เพื่อยืนยันบัญชีนักศึกษา example.invalid/verify line: @fakeid,scam,phishing,0.99,short_message,SMS,1,0,1,1,0,0,0,0,73,none,พบคำเกี่ยวกับ OTP/ยืนยันตัวตน; มีลิงก์หรือการชวนคลิกลิงก์
1408,ร้านกาแฟแถวรังสิตรับพาร์ทไทม์ ชั่วโมงละ 60 บาท มีสัมภาษณ์หน้าร้าน ok?,normal,tu_job_real,0.06,slang,TU Marketplace,0,0,0,0,1,0,0,1,69,thai_english_mix,มีบริบทเกี่ยวกับเงิน/โอน/บัญชี; มีบริบทสมัครงาน/รายได้; บริบททั่วไปหรือมีการนัดรับ/ตรวจสอบได้
1409,ประกาศจากคณะให้กรอกแบบประเมินรายวิชาในระบบทางการ 🚨✨,normal,admin_real,0.11,short_message,Discord,0,0,0,0,0,0,0,0,51,emoji,บริบททั่วไปหรือมีการนัดรับ/ตรวจสอบได้
1410,job online รายได้สูง ไม่ต้องมีประสบการณ์ โอนค่าประกันก่อนเริ่มงาน 💸💬,scam,job_scam,0.95,casual,X/Twitter,0,0,0,0,1,0,0,1,68,emoji,มีบริบทเกี่ยวกับเงิน/โอน/บัญชี; มีบริบทสมัครงาน/รายได้
1411,รุ่นพี่ฝากบอกให้โอนค่าชีทด่วน ไม่งั้นหมดสิทธิ์ 😅👍,scam,tu_scam,0.95,short_message,SMS,0,0,0,0,1,1,0,0,49,emoji,มีคำเร่งเร้า; มีบริบทเกี่ยวกับเงิน/โอน/บัญชี
1412,แอดมินคณะขอค่าจองงสิทธิ์สอบ โอนมาที่ พร้อมเพย์ 08x-xxx-xxxx ภายในวันนี้ ส่งในกลุ่มได้เลย,scam,tu_scam,0.8,thai_english_mix,X/Twitter,0,1,1,0,1,1,0,0,88,repeat_chars,มีคำเร่งเร้า; มีบริบทเกี่ยวกับเงิน/โอน/บัญชี
1413,อาจารย์ส่ง link zoom ใน classroom แล้วนะ ‼️,normal,meeting,0.28,emoji,IG DM,1,0,0,0,0,0,0,0,43,emoji,มีลิงก์หรือการชวนคลิกลิงก์; บริบททั่วไปหรือมีการนัดรับ/ตรวจสอบได้
1414,โอนเต็มก่อนเท่านั้น ไม่รับนัด ไม่รับวิดีโอคอล ok? ส่งในกลุ่มได้เลย,scam,marketplace_scam,0.96,emoji,TU Marketplace,0,0,0,0,1,0,0,0,66,thai_english_mix,มีบริบทเกี่ยวกับเงิน/โอน/บัญชี
1415,ใครเจอบัตรนักศึกษาที่ บร.2 ทักมาหน่อยครับ inbox ได้,normal,tu_general,0.11,emoji,X/Twitter,0,0,0,0,0,0,0,0,51,typo,บริบททั่วไปหรือมีการนัดรับ/ตรวจสอบได้
1416,ขอเลขบัญชีพร้อมเพย์หน่อยครับ จะโอนค่าชีท 👍💸,normal,tu_marketplace,0.17,thai_english_mix,Discord,0,0,1,0,1,0,0,0,43,emoji,มีบริบทเกี่ยวกับเงิน/โอน/บัญชี; บริบททั่วไปหรือมีการนัดรับ/ตรวจสอบได้
1417,โอนเต็มก่อนเท่านั้น ไม่รับนัด ไม่รับวิดีโอคอล 💸💬,scam,marketplace_scam,0.9,casual,Discord,0,0,0,0,1,0,0,0,48,emoji,มีบริบทเกี่ยวกับเงิน/โอน/บัญชี
1418,มีลิงก์ให้กรอกข้อมูลเพื่อรับสิทธิ์ ลองเช็คก่อนนะะะ,suspicious,phishing_risk,0.64,short_message,SMS,1,0,0,0,0,0,0,0,50,repeat_chars,มีลิงก์หรือการชวนคลิกลิงก์; มีสัญญาณเสี่ยงแต่หลักฐานยังไม่ชัด
1419,โอนเต็มก่อนเท่านั้น ไม่รับนัด ไม่รับวิดีโอคอล 🙏💸,scam,marketplace_scam,0.89,slang,SMS,0,0,0,0,1,0,0,0,48,emoji,มีบริบทเกี่ยวกับเงิน/โอน/บัญชี
1420,ทักไลน์อย่างเดียวครับ ไม่ค่อยตอบในกลุ่ม 📌👍,suspicious,marketplace_risk,0.73,formal,Facebook Group,0,0,0,0,0,0,0,0,42,emoji,มีสัญญาณเสี่ยงแต่หลักฐานยังไม่ชัด
1421,ใครเจอบัตรนักศึกษาที่ ประตูเชียงราก ทักมาน่อยครับ,normal,tu_general,0.14,emoji,IG DM,0,0,0,0,0,0,0,0,49,typo,บริบททั่วไปหรือมีการนัดรับ/ตรวจสอบได้
1422,ทักไลน์อย่างเดียวครับ ไม่ค่อยตอบในกลุ่ม 💬🥺,suspicious,marketplace_risk,0.67,slang,Email,0,0,0,0,0,0,0,0,42,emoji,มีสัญญาณเสี่ยงแต่หลักฐานยังไม่ชัด
1423,ส่งเลขบัญชีมา เดี๋ยวโอนค่าหนังสือให้ครับ ✨🔥,normal,tu_marketplace,0.12,slang,X/Twitter,0,0,1,0,1,0,0,0,43,emoji,มีบริบทเกี่ยวกับเงิน/โอน/บัญชี; บริบททั่วไปหรือมีการนัดรับ/ตรวจสอบได้
1424,บัญชีนี้ของแฟนเราเอง ปลอดภัยแน่นอน โอนมาเลย 😅🔥,scam,marketplace_scam,0.98,emoji,TU Marketplace,0,0,1,0,1,0,0,0,46,emoji,มีบริบทเกี่ยวกับเงิน/โอน/บัญชี
1425,มีคนขอรหัสยืนยัน บอกว่าเป็นแอดมินกลุ่ม ok? inbox ได้,suspicious,otp_risk,0.45,casual,Discord,0,0,0,1,0,0,0,0,52,thai_english_mix,พบคำเกี่ยวกับ OTP/ยืนยันตัวตน; มีสัญญาณเสี่ยงแต่หลักฐานยังไม่ชัด
1426,นัดรับหน้า บร.2 ได้ครับ สะดวกช่วงเย็น 💬🔥,normal,tu_marketplace,0.23,formal,X/Twitter,0,0,0,0,0,0,0,0,40,emoji,บริบททั่วไปหรือมีการนัดรับ/ตรวจสอบได้
1427,ขายหนังสือ SC135 มือสอง นัดรับ โรงอาหารกลาง ได้,normal,tu_marketplace,0.07,casual,Discord,0,0,0,0,0,0,0,0,47,none,บริบททั่วไปหรือมีการนัดรับ/ตรวจสอบได้
1428,Your account has been suspended verify now bit.ly/example_fake now ทัก DM,scam,phishing,0.81,casual,SMS,1,0,0,1,0,1,0,0,73,thai_english_mix,พบคำเกี่ยวกับ OTP/ยืนยันตัวตน; มีลิงก์หรือการชวนคลิกลิงก์; มีคำเร่งเร้า
1429,มีคนขอรหัสยืนยัน บอกว่าเป็นแอดมินกลุ่ม ‼️ ส่งในกลุ่มได้เลย,suspicious,otp_risk,0.65,slang,TU Marketplace,0,0,0,1,0,0,0,0,58,emoji,พบคำเกี่ยวกับ OTP/ยืนยันตัวตน; มีสัญญาณเสี่ยงแต่หลักฐานยังไม่ชัด
1430, ไม่สะดวกนัดรับ  ขอส่งอย่างเดียว  โอนก่อนส่งนะ  line: @fakeid,suspicious,marketplace_risk,0.49,thai_english_mix,X/Twitter,0,0,0,0,1,0,0,0,61,spacing_noise,มีบริบทเกี่ยวกับเงิน/โอน/บัญชี; มีสัญญาณเสี่ยงแต่หลักฐานยังไม่ชัด
1431,โปรไฟล์ใหม่มาก แต่บอกว่าเป็นเจ้าหน้าที่มหาลัย 🙏👍 line: @fakeid,suspicious,impersonation_risk,0.73,formal,TU Marketplace,0,0,0,0,0,0,0,0,62,emoji,มีสัญญาณเสี่ยงแต่หลักฐานยังไม่ชัด
1432,สมัครงาน part-time online จ่ายค่าสมัครก่อน 1500 แล้วเริ่มงานได้เลย verify pls ทัก DM,scam,job_scam,0.9,slang,X/Twitter,0,0,0,1,0,0,0,1,84,thai_english_mix,พบคำเกี่ยวกับ OTP/ยืนยันตัวตน; มีบริบทสมัครงาน/รายได้
1433,คลิกลิงก์นี้เพื่อยืนยันบชนักศึกษา tu-form.example.invalid,scam,phishing,0.94,casual,TU Marketplace,1,0,0,0,0,0,0,0,57,typo,มีลิงก์หรือการชวนคลิกลิงก์
1434,อ้างว่าเป็นรุ่นพี่คณะ ขอให้โอนเงินช่วยจองสิทธิ์ pls inbox ได้,suspicious,tu_scam_risk,0.58,slang,Email,0,0,0,0,1,0,0,0,61,thai_english_mix,มีบริบทเกี่ยวกับเงิน/โอน/บัญชี; มีสัญญาณเสี่ยงแต่หลักฐานยังไม่ชัด
1435,ร้านกาแฟแถวรังสิตรับพาร์ทไทม์ ชั่วโมงละ 80 บาท มีสัมภาษณ์หน้าร้าน verify pls,normal,tu_job_real,0.28,slang,IG DM,0,0,0,1,1,0,0,1,76,thai_english_mix,พบคำเกี่ยวกับ OTP/ยืนยันตัวตน; มีบริบทเกี่ยวกับเงิน/โอน/บัญชี; มีบริบทสมัครงาน/รายได้; บริบททั่วไปหรือมีการนัดรับ/ตรวจสอบได้
1436,ใครเจอบัตรนักศึกษาที่ SC3 ทักมาหน่อยครับ ASAP line: @fakeid,normal,tu_general,0.27,emoji,Discord,0,0,0,0,0,0,0,0,59,thai_english_mix,บริบททั่วไปหรือมีการนัดรับ/ตรวจสอบได้
1437,อาจารย์ส่ง link zoom ใน classroom แล้วนะ 👍💸,normal,meeting,0.15,thai_english_mix,Facebook Group,1,0,0,0,0,0,0,0,43,emoji,มีลิงก์หรือการชวนคลิกลิงก์; บริบททั่วไปหรือมีการนัดรับ/ตรวจสอบได้
1438,ของถูกมาก แต่ต้องจองภายในวันนี้ 💸‼️,suspicious,marketplace_risk,0.5,formal,Discord,0,0,0,0,0,1,0,0,35,emoji,มีคำเร่งเร้า; มีสัญญาณเสี่ยงแต่หลักฐานยังไม่ชัด
1439,ขอแนวข้อสอบ  CS222  หน่อยครับ,normal,tu_general,0.27,short_message,LINE,0,0,0,0,0,0,0,0,29,spacing_noise,บริบททั่วไปหรือมีการนัดรับ/ตรวจสอบได้
1440,ประกาศจากคณะให้กรอกแบบประเมินรายวิชาในระบบทางการ ‼️🥺,normal,admin_real,0.03,short_message,LINE,0,0,0,0,0,0,0,0,52,emoji,บริบททั่วไปหรือมีการนัดรับ/ตรวจสอบได้
1441, บอกว่ามีทุนพิเศษแต่ต้องรีบกรอกข้อมูล ,suspicious,tu_scam_risk,0.6,thai_english_mix,IG DM,0,0,0,0,1,1,1,0,38,spacing_noise,มีคำเร่งเร้า; มีบริบทเกี่ยวกับเงิน/โอน/บัญชี; มีสัญญาณเสี่ยงแต่หลักฐานยังไม่ชัด
1442,วันนี้ห้องเรียน SC3 เปิดไหมครับ 👍,normal,tu_general,0.06,emoji,TU Marketplace,0,0,0,0,0,0,0,0,33,emoji,บริบททั่วไปหรือมีการนัดรับ/ตรวจสอบได้
1443, ขอเลขบัญชีพร้อมเพย์หน่อยครับ  จะโอนค่าชีท  ส่งในกลุ่มได้เลย,normal,tu_marketplace,0.24,thai_english_mix,X/Twitter,0,0,1,0,1,0,0,0,60,spacing_noise,มีบริบทเกี่ยวกับเงิน/โอน/บัญชี; บริบททั่วไปหรือมีการนัดรับ/ตรวจสอบได้
1444,คุณได้รับสิทธิ์ทุนพิเศษ โอนค่าดำเนินการ 100 บาทก่อนรับทุน ส่งในกลุ่มได้เลย,scam,fake_scholarship,0.97,formal,IG DM,0,0,0,0,1,0,1,0,74,none,มีบริบทเกี่ยวกับเงิน/โอน/บัญชี
1445,ขายหนังสือ CS332 มือสอง นัดรับ หอสมุดป๋วย ได้ inbox ได้,normal,tu_marketplace,0.12,formal,Discord,0,0,0,0,0,0,0,0,55,typo,บริบททั่วไปหรือมีการนัดรับ/ตรวจสอบได้
1446,ใครเจอบัตรนักศึกษาที่  คณะวิทย์  ทักมาหน่อยครับ,normal,tu_general,0.21,slang,Discord,0,0,0,0,0,0,0,0,47,spacing_noise,บริบททั่วไปหรือมีการนัดรับ/ตรวจสอบได้
1447,job online รายได้สูง ไม่ต้องมีประสบการณ์ โอนค่าประกันก่อนเริ่มงาน 🥺 ส่งในกลุ่มได้เลย,scam,job_scam,0.82,emoji,LINE,0,0,0,0,1,0,0,1,84,emoji,มีบริบทเกี่ยวกับเงิน/โอน/บัญชี; มีบริบทสมัครงาน/รายได้
1448,สมัครงาน part-time online จ่ายค่าสมัครก่อน 100 แล้วเริ่มงานได้เลย 🥺,scam,job_scam,0.92,formal,LINE,0,0,0,0,0,0,0,1,67,emoji,มีบริบทสมัครงาน/รายได้
1449,บัญชีนี้ของแฟนเราเอง ปลอดภัยแน่นอน โอนมาเลย 👍🚨,scam,marketplace_scam,0.92,thai_english_mix,TU Marketplace,0,0,1,0,1,0,0,0,46,emoji,มีบริบทเกี่ยวกับเงิน/โอน/บัญชี
1450,ทักไลน์อย่างเดียวครับ ไม่ค่อยตอบในกลุ่ม 🥺😅,suspicious,marketplace_risk,0.67,short_message,LINE,0,0,0,0,0,0,0,0,42,emoji,มีสัญญาณเสี่ยงแต่หลักฐานยังไม่ชัด
1451,งานออนไลน์ได้เงินวันละ 5000 ไม่ต้องสัมภาษณ์ สมัครด่วน 📌 ส่งในกลุ่มได้เลย,scam,job_scam,0.91,emoji,Email,0,0,0,0,1,1,0,1,72,emoji,มีคำเร่งเร้า; มีบริบทเกี่ยวกับเงิน/โอน/บัญชี; มีบริบทสมัครงาน/รายได้
1452,บัญชีคุณถูกระงับ กรุณายืนยันตัวตนทันทีที่ forms.example.invalid/fake inbox ได้,scam,phishing,0.92,casual,X/Twitter,1,0,1,1,0,1,0,0,78,none,พบคำเกี่ยวกับ OTP/ยืนยันตัวตน; มีลิงก์หรือการชวนคลิกลิงก์; มีคำเร่งเร้า
1453,ขายหนังสือ  SC135  มือสอง  นัดรับ  BRT  ได้,normal,tu_marketplace,0.19,slang,Facebook Group,0,0,0,0,0,0,0,0,43,spacing_noise,บริบททั่วไปหรือมีการนัดรับ/ตรวจสอบได้
1454,ของถูกมาก แต่ต้องจองภายในวันนี้ ok? ส่งในกลุ่มได้เลย,suspicious,marketplace_risk,0.5,emoji,LINE,0,0,0,0,0,1,0,0,52,thai_english_mix,มีคำเร่งเร้า; มีสัญญาณเสี่ยงแต่หลักฐานยังไม่ชัด
1455,นัดรับหน้า บร.2 ได้ครับ สะดวกช่วงเย็น 🚨😅,normal,tu_marketplace,0.07,slang,LINE,0,0,0,0,0,0,0,0,40,emoji,บริบททั่วไปหรือมีการนัดรับ/ตรวจสอบได้
1456,รับซื้อเครื่องคิดเลขมือสอง ขอราคาไม่แรง 💬,normal,tu_marketplace,0.11,short_message,TU Marketplace,0,0,0,0,0,0,0,0,41,emoji,บริบททั่วไปหรือมีการนัดรับ/ตรวจสอบได้
1457, นัดรับหน้า  หน้าโดม  ได้ครับ  สะดวกช่วงเย็น  ทัก DM,normal,tu_marketplace,0.28,emoji,LINE,0,0,0,0,0,0,0,0,52,spacing_noise,บริบททั่วไปหรือมีการนัดรับ/ตรวจสอบได้
1458,รีบโอนก่อนนะ เหลือคนเดียวแล้ว 💬⚠️,suspicious,marketplace_risk,0.7,casual,SMS,0,0,0,0,1,1,0,0,33,emoji,มีคำเร่งเร้า; มีบริบทเกี่ยวกับเงิน/โอน/บัญชี; มีสัญญาณเสี่ยงแต่หลักฐานยังไม่ชัด
1459,ร้านกาแฟแถวรังสิตรับพาร์ทไทม์ ชั่วโมงละ 50 บาท มีสัมภาษณ์หน้าร้าน line: @fakeid,normal,tu_job_real,0.22,slang,Facebook Group,0,0,0,0,1,0,0,1,79,typo,มีบริบทเกี่ยวกับเงิน/โอน/บัญชี; มีบริบทสมัครงาน/รายได้; บริบททั่วไปหรือมีการนัดรับ/ตรวจสอบได้
1460,วันนี้ห้องเรียน บร.2 เปิดไหมครับ 📌✅,normal,tu_general,0.3,casual,LINE,0,0,0,0,0,0,0,0,35,emoji,บริบททั่วไปหรือมีการนัดรับ/ตรวจสอบได้
1461,กดลิงก์รับเงินคืนค่าธรรมเนียมการศึกษา example.invalid/verify ok?,scam,refund_scam,0.93,emoji,Discord,1,0,0,1,1,0,1,0,64,thai_english_mix,พบคำเกี่ยวกับ OTP/ยืนยันตัวตน; มีลิงก์หรือการชวนคลิกลิงก์; มีบริบทเกี่ยวกับเงิน/โอน/บัญชี
1462, มีคนจองหลายคน  ถ้าเอาโอนมัดจำมาก่อนได้เลย  inbox ได้,suspicious,marketplace_risk,0.75,formal,Web Form,0,0,0,0,1,0,0,0,53,spacing_noise,มีบริบทเกี่ยวกับเงิน/โอน/บัญชี; มีสัญญาณเสี่ยงแต่หลักฐานยังไม่ชัด
1463,มีคนจองหลายคน ถ้าเอาโอนมัดจำมาก่อนได้เลย 💸🚨,suspicious,marketplace_risk,0.6,emoji,Facebook Group,0,0,0,0,1,0,0,0,43,emoji,มีบริบทเกี่ยวกับเงิน/โอน/บัญชี; มีสัญญาณเสี่ยงแต่หลักฐานยังไม่ชัด
1464,ใครเจอบัตรนักศึกษาที่ BRT ทักมาน่อยคับ,normal,tu_general,0.17,slang,SMS,0,0,0,0,0,0,0,0,38,typo,บริบททั่วไปหรือมีการนัดรับ/ตรวจสอบได้
1465,ขอแนวข้อสอบ CS332 น่อยคับ inbox ได้,normal,tu_general,0.08,emoji,SMS,0,0,0,0,0,0,0,0,35,typo,บริบททั่วไปหรือมีการนัดรับ/ตรวจสอบได้
1466,สมัครงาน part-time online จ่ายค่าสมัครก่อน 300 แล้วเริ่มงานได้เลย ok?,scam,job_scam,0.92,formal,LINE,0,0,0,0,0,0,0,1,69,thai_english_mix,มีบริบทสมัครงาน/รายได้
1467,ใครเจอบัตรนักศึกษาที่ SC3 ทักมาหน่อยครับบบ ส่งในกลุ่มได้เลย,normal,tu_general,0.05,casual,X/Twitter,0,0,0,0,0,0,0,0,59,repeat_chars,บริบททั่วไปหรือมีการนัดรับ/ตรวจสอบได้
1468,วันนี้ห้องเรียน อาคารเรียนรวม เปิดไหมครับ ✨👍,normal,tu_general,0.16,casual,Discord,0,0,0,0,0,0,0,0,44,emoji,บริบททั่วไปหรือมีการนัดรับ/ตรวจสอบได้
1469,คลิกลิงก์นี้เพื่อยืนยันบัญชีนักศึกษา example.invalid/verify 💸😅,scam,phishing,0.84,slang,Discord,1,0,1,1,0,0,0,0,62,emoji,พบคำเกี่ยวกับ OTP/ยืนยันตัวตน; มีลิงก์หรือการชวนคลิกลิงก์
1470,รีบโอนก่อนนะ เหลือคนเดียวแล้ว 🚨🙏,suspicious,marketplace_risk,0.57,thai_english_mix,Email,0,0,0,0,1,1,0,0,32,emoji,มีคำเร่งเร้า; มีบริบทเกี่ยวกับเงิน/โอน/บัญชี; มีสัญญาณเสี่ยงแต่หลักฐานยังไม่ชัด
1471,สมัครงาน part-time online จ่ายค่าสมัครก่อน 300 แล้วเริ่มงานได้เลย 💬🚨,scam,job_scam,0.83,emoji,IG DM,0,0,0,0,0,0,0,1,68,emoji,มีบริบทสมัครงาน/รายได้
1472,ของอยู่ต่างจังหวัด โอนก่อนส่งเท่านั้น ราคาพิเศษถึงวันนี้ ⚠️✨,scam,marketplace_scam,0.87,casual,Discord,0,0,0,0,1,0,0,0,60,emoji,มีบริบทเกี่ยวกับเงิน/โอน/บัญชี
1473,ขอแนวข้อสอบ CS254 หน่อยครับ 😅👍,normal,tu_general,0.08,short_message,Web Form,0,0,0,0,0,0,0,0,30,emoji,บริบททั่วไปหรือมีการนัดรับ/ตรวจสอบได้
1474,มีคนจองหลายคน ถ้าเอาโอนมัดจำมาก่อนได้เลย 📌💸,suspicious,marketplace_risk,0.7,formal,X/Twitter,0,0,0,0,1,0,0,0,43,emoji,มีบริบทเกี่ยวกับเงิน/โอน/บัญชี; มีสัญญาณเสี่ยงแต่หลักฐานยังไม่ชัด
1475,โอนมัดจำค่าหอ 500 บาทได้ไหมครับ ⚠️✨,normal,tu_marketplace,0.26,casual,Web Form,0,0,0,0,1,0,0,0,35,emoji,มีบริบทเกี่ยวกับเงิน/โอน/บัญชี; บริบททั่วไปหรือมีการนัดรับ/ตรวจสอบได้
1476,พัสดุติดปัญหา ชำระค่าธรรมเนียมที่ forms.example.invalid/fake เพื่อรับของ ✅💬,scam,delivery_scam,0.99,formal,TU Marketplace,1,0,0,0,0,0,0,0,75,emoji,มีลิงก์หรือการชวนคลิกลิงก์
1477,สมักงาน part-time online จ่ายค่าสมัครก่อน 200 แล้วเริ่มงานได้เลย,scam,job_scam,0.89,slang,Email,0,0,0,0,0,0,0,1,64,typo,มีบริบทสมัครงาน/รายได้
1478,อาจารย์ส่ง link zoom ใน classroom แล้วนะ verify pls,normal,meeting,0.23,emoji,IG DM,1,0,0,1,0,0,0,0,51,thai_english_mix,พบคำเกี่ยวกับ OTP/ยืนยันตัวตน; มีลิงก์หรือการชวนคลิกลิงก์; บริบททั่วไปหรือมีการนัดรับ/ตรวจสอบได้
1479,ร้านกาแฟแถวรังสิตรับพาร์ทไทม์ ชั่วโมงละ 70 บาท มีสัมภาษณ์หน้าร้าน ‼️💬,normal,tu_job_real,0.2,short_message,Facebook Group,0,0,0,0,1,0,0,1,69,emoji,มีบริบทเกี่ยวกับเงิน/โอน/บัญชี; มีบริบทสมัครงาน/รายได้; บริบททั่วไปหรือมีการนัดรับ/ตรวจสอบได้
1480,ราคาถูกกว่าปกติมาก แต่ไม่ให้วิดีโอคอลดูของ 🔥✅,suspicious,marketplace_risk,0.52,short_message,LINE,0,0,0,0,0,0,0,0,45,emoji,มีสัญญาณเสี่ยงแต่หลักฐานยังไม่ชัด
1481,โปรไฟล์ใหม่มาก แต่บอกว่าเป็นเจ้าหน้าที่มหาลัย 👍,suspicious,impersonation_risk,0.59,thai_english_mix,IG DM,0,0,0,0,0,0,0,0,47,emoji,มีสัญญาณเสี่ยงแต่หลักฐานยังไม่ชัด
1482,ใครเจอบัตรนักศึกษาที่ ประตูเชียงราก ทักมาหน่อยครับ 👍,normal,tu_general,0.1,emoji,IG DM,0,0,0,0,0,0,0,0,52,emoji,บริบททั่วไปหรือมีการนัดรับ/ตรวจสอบได้
1483,วันนี้ห้องเรียน หอสมุดป๋วย เปิดไหมครับ ✨🙏,normal,tu_general,0.16,slang,TU Marketplace,0,0,0,0,0,0,0,0,41,emoji,บริบททั่วไปหรือมีการนัดรับ/ตรวจสอบได้
1484,คุณได้รับสิทธิ์ทุนพิเศษ โอนค่าดำเนินการ 100 บาทก่อนรับทุน ✨🙏,scam,fake_scholarship,0.9,slang,LINE,0,0,0,0,1,0,1,0,60,emoji,มีบริบทเกี่ยวกับเงิน/โอน/บัญชี
1485,มีใครขายชีท CS222 บ้างครับ verify pls,normal,tu_general,0.27,short_message,Facebook Group,0,0,0,1,0,0,0,0,37,thai_english_mix,พบคำเกี่ยวกับ OTP/ยืนยันตัวตน; บริบททั่วไปหรือมีการนัดรับ/ตรวจสอบได้
1486,รับทุนการศึกษาเร่งด่วน กรอกข้อมูลและเลขบัญชีที่ bit.ly/example_fake 💸‼️,scam,fake_scholarship,0.93,casual,SMS,1,0,1,0,1,1,1,0,71,emoji,มีลิงก์หรือการชวนคลิกลิงก์; มีคำเร่งเร้า; มีบริบทเกี่ยวกับเงิน/โอน/บัญชี
1487,เจ้าหน้าที่มหาลัยขอ username password เพื่อตรวจสอบสถานะ DM me line: @fakeid,scam,impersonation,0.89,thai_english_mix,Web Form,0,0,0,0,0,0,0,0,75,thai_english_mix,
1488,ของถูกมาก แต่ต้องจองภายในวันนี้ 😅💬,suspicious,marketplace_risk,0.63,formal,Discord,0,0,0,0,0,1,0,0,34,emoji,มีคำเร่งเร้า; มีสัญญาณเสี่ยงแต่หลักฐานยังไม่ชัด
1489,มีคนจองหลายคน ถ้าเอาโอนมัดจำมาก่อนได้เลย line: @fakeid,suspicious,marketplace_risk,0.59,short_message,Web Form,0,0,0,0,1,0,0,0,54,none,มีบริบทเกี่ยวกับเงิน/โอน/บัญชี; มีสัญญาณเสี่ยงแต่หลักฐานยังไม่ชัด
1490,เจ้าหน้าที่มหาลัยขอ username password เพื่อตรวจสอบสถานะ ✨,scam,impersonation,0.83,casual,X/Twitter,0,0,0,0,0,0,0,0,57,emoji,
1491,ระบบแจ้งให้ยืนยันข้อมูลบางอย่างภายในวันนี้ ✅🚨,suspicious,phishing_risk,0.66,slang,X/Twitter,0,0,0,0,0,1,0,0,45,emoji,มีคำเร่งเร้า; มีสัญญาณเสี่ยงแต่หลักฐานยังไม่ชัด
1492,หอพักแถวเชียงรากเดือนละไม่เกิน 3500 มีแนะนำไหม 🙏✨,normal,tu_general,0.03,casual,LINE,0,0,0,0,0,0,0,0,49,emoji,บริบททั่วไปหรือมีการนัดรับ/ตรวจสอบได้
1493,ใครเจอบัตรนักศึกษาที่ หน้าโดม ทักมาหน่อยครับ 🙏 ทัก DM,normal,tu_general,0.09,emoji,SMS,0,0,0,0,0,0,0,0,53,emoji,บริบททั่วไปหรือมีการนัดรับ/ตรวจสอบได้
1494,ระบบ TU แจ้งเตือน ให้ update password ผ่าน [URL] ด่วน ✅,scam,phishing,0.88,slang,LINE,1,0,0,0,0,1,0,0,55,emoji,มีลิงก์หรือการชวนคลิกลิงก์; มีคำเร่งเร้า
1495,นัดรับหน้า BRT ได้ครับ สะดวกช่วงเย็น ทัก DM,normal,tu_marketplace,0.13,thai_english_mix,Web Form,0,0,0,0,0,0,0,0,43,none,บริบททั่วไปหรือมีการนัดรับ/ตรวจสอบได้
1496,ขอแนวข้อสอบ SC135 หน่อยครับ ✨,normal,tu_general,0.15,emoji,Web Form,0,0,0,0,0,0,0,0,29,emoji,บริบททั่วไปหรือมีการนัดรับ/ตรวจสอบได้
1497,อ้างว่าเป็นรุ่นพี่คณะ ขอให้โอนเงินช่วยจองสิทธิ์ ✨🔥 ทัก DM,suspicious,tu_scam_risk,0.5,slang,Email,0,0,0,0,1,0,0,0,57,emoji,มีบริบทเกี่ยวกับเงิน/โอน/บัญชี; มีสัญญาณเสี่ยงแต่หลักฐานยังไม่ชัด
1498,ระบบแจ้งให้ยืนยันข้อมูลบางอย่างภายในวันนี้ 🥺✨,suspicious,phishing_risk,0.73,formal,TU Marketplace,0,0,0,0,0,1,0,0,45,emoji,มีคำเร่งเร้า; มีสัญญาณเสี่ยงแต่หลักฐานยังไม่ชัด
1499,ราคาถูกกว่าปกติมาก แต่ไม่ให้วิดีโอคอลดูของ 🥺💬,suspicious,marketplace_risk,0.71,thai_english_mix,IG DM,0,0,0,0,0,0,0,0,45,emoji,มีสัญญาณเสี่ยงแต่หลักฐานยังไม่ชัด
1500,วันนี้ห้องเรียน คณะวิทย์ เปิดไหมครับ ‼️💸,normal,tu_general,0.17,short_message,Web Form,0,0,0,0,0,0,0,0,40,emoji,บริบททั่วไปหรือมีการนัดรับ/ตรวจสอบได้
1501,รุ่นพี่ฝากบอกให้โอนค่าชีทด่วน ไม่งั้นหมดสิทธิ์ ⚠️,scam,tu_scam,0.94,slang,X/Twitter,0,0,0,0,1,1,0,0,49,emoji,มีคำเร่งเร้า; มีบริบทเกี่ยวกับเงิน/โอน/บัญชี
1502,ของอยู่ต่างจังหวัด โอนก่อนส่งเท่านั้น ราคาพิเศษถึงวันนี้ 📌😅 inbox ได้,scam,marketplace_scam,0.95,thai_english_mix,LINE,0,0,0,0,1,0,0,0,69,emoji,มีบริบทเกี่ยวกับเงิน/โอน/บัญชี
1503,มีลิงก์ให้กรอกข้อมูลเพื่อรับสิทธิ์ ลองเช็คก่อนนะ 💬👍,suspicious,phishing_risk,0.72,emoji,SMS,1,0,0,0,0,0,0,0,51,emoji,มีลิงก์หรือการชวนคลิกลิงก์; มีสัญญาณเสี่ยงแต่หลักฐานยังไม่ชัด
1504,สมัครงานง่ายๆ ได้เงินเร็ว แต่ต้องจ่ายค่าสมัครก่อน 🙏🥺,suspicious,job_risk,0.68,formal,TU Marketplace,0,0,0,0,1,0,0,1,52,emoji,มีบริบทเกี่ยวกับเงิน/โอน/บัญชี; มีบริบทสมัครงาน/รายได้; มีสัญญาณเสี่ยงแต่หลักฐานยังไม่ชัด
1505, นัดรับหน้า  คณะวิทย์  ได้ครับ  สะดวกช่วงเย็น ,normal,tu_marketplace,0.15,casual,LINE,0,0,0,0,0,0,0,0,46,spacing_noise,บริบททั่วไปหรือมีการนัดรับ/ตรวจสอบได้
1506,ของอยู่ต่างจังหวัด โอนก่อนส่งเท่านั้น ราคาพิเศษถึงวันนี้ 🥺🙏 ทัก DM,scam,marketplace_scam,0.92,emoji,SMS,0,0,0,0,1,0,0,0,66,emoji,มีบริบทเกี่ยวกับเงิน/โอน/บัญชี
1507,รับทุนการศึกษาเร่งด่วน กรอกข้อมูลและเลขบัญชีที่ [URL] verify pls,scam,fake_scholarship,0.9,short_message,TU Marketplace,1,0,1,1,1,1,1,0,64,thai_english_mix,พบคำเกี่ยวกับ OTP/ยืนยันตัวตน; มีลิงก์หรือการชวนคลิกลิงก์; มีคำเร่งเร้า; มีบริบทเกี่ยวกับเงิน/โอน/บัญชี
1508,โอนมัดจำค่าหอ 200 บาทได้ไหมครับ inbox ได้,normal,tu_marketplace,0.25,short_message,Email,0,0,0,0,1,0,0,0,41,none,มีบริบทเกี่ยวกับเงิน/โอน/บัญชี; บริบททั่วไปหรือมีการนัดรับ/ตรวจสอบได้
1509,ไม่สะดวกนัดรับ ขอส่งอย่างเดียว โอนก่อนส่งนะ 👍🥺,suspicious,marketplace_risk,0.73,slang,LINE,0,0,0,0,1,0,0,0,46,emoji,มีบริบทเกี่ยวกับเงิน/โอน/บัญชี; มีสัญญาณเสี่ยงแต่หลักฐานยังไม่ชัด
1510,มีลิงก์ให้กรอกข้อมูลเพื่อรับสิทธิ์ ลองเช็คก่อนนะ ‼️ inbox ได้,suspicious,phishing_risk,0.5,slang,TU Marketplace,1,0,0,0,0,0,0,0,61,emoji,มีลิงก์หรือการชวนคลิกลิงก์; มีสัญญาณเสี่ยงแต่หลักฐานยังไม่ชัด
1511,คุณได้รับสิทธิ์ทุนพิเศษ โอนค่าดำเนินการ 200 บาทก่อนรับทุน now ทัก DM,scam,fake_scholarship,0.93,thai_english_mix,X/Twitter,0,0,0,0,1,1,1,0,68,thai_english_mix,มีคำเร่งเร้า; มีบริบทเกี่ยวกับเงิน/โอน/บัญชี
1512,มีลิงก์ให้กรอกข้อมูลเพื่อรับสิทธิ์ ลองเช็คก่อนนะ DM me inbox ได้,suspicious,phishing_risk,0.73,thai_english_mix,X/Twitter,1,0,0,0,0,0,0,0,64,thai_english_mix,มีลิงก์หรือการชวนคลิกลิงก์; มีสัญญาณเสี่ยงแต่หลักฐานยังไม่ชัด
1513,วันนี้ห้องเรียน บร.2 เปิดไหมครับ 🥺,normal,tu_general,0.23,casual,IG DM,0,0,0,0,0,0,0,0,34,emoji,บริบททั่วไปหรือมีการนัดรับ/ตรวจสอบได้
1514,หาคนช่วยงานอีเวนต์ในมอ มีรายละเอียดงานและสถานที่ชัดเจน ส่งในกลุ่มได้เลย,normal,tu_job_real,0.17,formal,Email,0,0,0,0,0,0,0,1,71,repeat_chars,มีบริบทสมัครงาน/รายได้; บริบททั่วไปหรือมีการนัดรับ/ตรวจสอบได้
1515,งานออนไลน์ได้เงินวันละ 5000 ไม่ต้องสัมภาษณ์ สมัครด่วน 💬😅 inbox ได้,scam,job_scam,0.8,casual,X/Twitter,0,0,0,0,1,1,0,1,66,emoji,มีคำเร่งเร้า; มีบริบทเกี่ยวกับเงิน/โอน/บัญชี; มีบริบทสมัครงาน/รายได้
1516,สมัครงาน part-time online จ่ายค่าสมัครก่อน 1500 แล้วเริ่มงานได้เลย DM me,scam,job_scam,0.97,casual,LINE,0,0,0,0,0,0,0,1,72,thai_english_mix,มีบริบทสมัครงาน/รายได้
1517,ทักไลน์อย่างเดียวครับ ไม่ค่อยตอบในกลุ่ม 👍📌 line: @fakeid,suspicious,marketplace_risk,0.62,short_message,Facebook Group,0,0,0,0,0,0,0,0,56,emoji,มีสัญญาณเสี่ยงแต่หลักฐานยังไม่ชัด
1518,มีคนขอรหัสยืนยัน  บอกว่าเป็นแอดมินกลุ่ม line: @fakeid,suspicious,otp_risk,0.75,formal,LINE,0,0,0,1,0,0,0,0,53,spacing_noise,พบคำเกี่ยวกับ OTP/ยืนยันตัวตน; มีสัญญาณเสี่ยงแต่หลักฐานยังไม่ชัด
1519,งานออนไลน์รายได้สูงมาก ไม่ต้องสัมภาษณ์ แค่ทักแชท 🙏⚠️,suspicious,job_risk,0.53,slang,X/Twitter,0,0,0,0,1,0,0,1,52,emoji,มีบริบทเกี่ยวกับเงิน/โอน/บัญชี; มีบริบทสมัครงาน/รายได้; มีสัญญาณเสี่ยงแต่หลักฐานยังไม่ชัด
1520,สมัครงานง่ายๆ ได้เงินเร็ว แต่ต้องจ่ายค่าสมัครก่อน 🔥,suspicious,job_risk,0.59,casual,Web Form,0,0,0,0,1,0,0,1,51,emoji,มีบริบทเกี่ยวกับเงิน/โอน/บัญชี; มีบริบทสมัครงาน/รายได้; มีสัญญาณเสี่ยงแต่หลักฐานยังไม่ชัด
1521,แอดมินคณะขอค่าจองสิทธิ์สอบ โอนมาที่ xxx-x-xxxxx-x ภายในวันนี้ inbox ได้,scam,tu_scam,0.86,formal,X/Twitter,0,0,1,0,1,1,0,0,71,none,มีคำเร่งเร้า; มีบริบทเกี่ยวกับเงิน/โอน/บัญชี
1522,นัดรับหน้า บร.2 ได้ครับ สะดวกช่วงเย็น DM me inbox ได้,normal,tu_marketplace,0.1,thai_english_mix,LINE,0,0,0,0,0,0,0,0,53,thai_english_mix,บริบททั่วไปหรือมีการนัดรับ/ตรวจสอบได้
1523,คลิกลิงก์นี้เพื่อยืนยันบัญชีนักศึกษา [URL] 😅✨,scam,phishing,0.97,short_message,Email,1,0,1,0,0,0,0,0,45,emoji,มีลิงก์หรือการชวนคลิกลิงก์
1524,มีลิงก์ให้กรอกข้อมูลเพื่อรับสิทธิ์ ลองเช็คก่อนนะ 🥺📌,suspicious,phishing_risk,0.71,short_message,Discord,1,0,0,0,0,0,0,0,51,emoji,มีลิงก์หรือการชวนคลิกลิงก์; มีสัญญาณเสี่ยงแต่หลักฐานยังไม่ชัด
1525,Your account has been suspended verify now [URL] 🥺📌,scam,phishing,0.88,short_message,TU Marketplace,1,0,0,1,0,1,0,0,51,emoji,พบคำเกี่ยวกับ OTP/ยืนยันตัวตน; มีลิงก์หรือการชวนคลิกลิงก์; มีคำเร่งเร้า
1526,ขายหนังสือ CS222 มือสอง นัดรับ หน้าโดม ได้ ok?,normal,tu_marketplace,0.11,thai_english_mix,LINE,0,0,0,0,0,0,0,0,46,thai_english_mix,บริบททั่วไปหรือมีการนัดรับ/ตรวจสอบได้
1527,โอนมัดจำค่าหอ 500 บาทได้ไหมครับ 🥺,normal,tu_marketplace,0.26,short_message,Email,0,0,0,0,1,0,0,0,33,emoji,มีบริบทเกี่ยวกับเงิน/โอน/บัญชี; บริบททั่วไปหรือมีการนัดรับ/ตรวจสอบได้
1528,คุณได้รับสิทธิ์ทุนพิเศษ โอนค่าดำเนินการ 1500 บาทก่อนรับทุน verify pls,scam,fake_scholarship,0.84,formal,IG DM,0,0,0,1,1,0,1,0,69,thai_english_mix,พบคำเกี่ยวกับ OTP/ยืนยันตัวตน; มีบริบทเกี่ยวกับเงิน/โอน/บัญชี
1529,ขอแนวข้อสอบ CS222 หน่อยครับ ‼️⚠️,normal,tu_general,0.27,emoji,IG DM,0,0,0,0,0,0,0,0,32,emoji,บริบททั่วไปหรือมีการนัดรับ/ตรวจสอบได้
1530,ของถูกมาก  แต่ต้องจองภายในวันนี้ inbox ได้,suspicious,marketplace_risk,0.5,thai_english_mix,Discord,0,0,0,0,0,1,0,0,42,spacing_noise,มีคำเร่งเร้า; มีสัญญาณเสี่ยงแต่หลักฐานยังไม่ชัด
1531,ระบบแจ้งให้ยืนยันข้อมูลบางอย่างภายในวันนี้ ✅,suspicious,phishing_risk,0.52,slang,Web Form,0,0,0,0,0,1,0,0,44,emoji,มีคำเร่งเร้า; มีสัญญาณเสี่ยงแต่หลักฐานยังไม่ชัด
1532,มีลิงก์ Google Meet สำหรับประชุมไหมครับ now ทัก DM,normal,meeting,0.26,thai_english_mix,IG DM,1,0,0,0,0,1,0,0,50,thai_english_mix,มีลิงก์หรือการชวนคลิกลิงก์; มีคำเร่งเร้า; บริบททั่วไปหรือมีการนัดรับ/ตรวจสอบได้
1533, มีลิงก์ให้กรอกข้อมูลเพื่อรับสิทธิ์  ลองเช็คก่อนนะ ,suspicious,phishing_risk,0.65,thai_english_mix,TU Marketplace,1,0,0,0,0,0,0,0,51,spacing_noise,มีลิงก์หรือการชวนคลิกลิงก์; มีสัญญาณเสี่ยงแต่หลักฐานยังไม่ชัด
1534,ขายหนังสือ CS332 มือสอง นัดรับ หน้าโดม ได้ verify pls,normal,tu_marketplace,0.03,short_message,IG DM,0,0,0,1,0,0,0,0,53,thai_english_mix,พบคำเกี่ยวกับ OTP/ยืนยันตัวตน; บริบททั่วไปหรือมีการนัดรับ/ตรวจสอบได้
1535,ขาย iPad ใช้เรียน นัดรับในมอได้ เช็คของก่อนจ่าย 💸,normal,tu_marketplace,0.26,short_message,Discord,0,0,0,0,0,0,0,0,49,emoji,บริบททั่วไปหรือมีการนัดรับ/ตรวจสอบได้
1536, ขอแนวข้อสอบ  CS251  หน่อยครับ ,normal,tu_general,0.2,slang,LINE,0,0,0,0,0,0,0,0,31,spacing_noise,บริบททั่วไปหรือมีการนัดรับ/ตรวจสอบได้
1537,บัญชีนี้ของแฟนเราเอง ปลอดภัยแน่นอน โอนมาเลย ✅💬,scam,marketplace_scam,0.83,short_message,Discord,0,0,1,0,1,0,0,0,46,emoji,มีบริบทเกี่ยวกับเงิน/โอน/บัญชี
1538,ของถูกมาก แต่ต้องจองภายในวันนี้ 🥺👍,suspicious,marketplace_risk,0.53,thai_english_mix,X/Twitter,0,0,0,0,0,1,0,0,34,emoji,มีคำเร่งเร้า; มีสัญญาณเสี่ยงแต่หลักฐานยังไม่ชัด
1539,บัญชีคุณถูกระงับ กรุณายืนยันตัวตนทันทีที่ forms.example.invalid/fake 💸,scam,phishing,0.97,casual,Email,1,0,1,1,0,1,0,0,70,emoji,พบคำเกี่ยวกับ OTP/ยืนยันตัวตน; มีลิงก์หรือการชวนคลิกลิงก์; มีคำเร่งเร้า
1540,job online รายได้สูง ไม่ต้องมีประสบการณ์ โอนค่าประกันก่อนเริ่มงาน verify pls ส่งในกลุ่มได้เลย,scam,job_scam,0.97,thai_english_mix,SMS,0,0,0,1,1,0,0,1,93,thai_english_mix,พบคำเกี่ยวกับ OTP/ยืนยันตัวตน; มีบริบทเกี่ยวกับเงิน/โอน/บัญชี; มีบริบทสมัครงาน/รายได้
1541,หอพักแถวเชียงรากเดือนละไม่เกิน 5000 มีแนะนำไหม ASAP,normal,tu_general,0.15,slang,TU Marketplace,0,0,0,0,0,0,0,0,51,thai_english_mix,บริบททั่วไปหรือมีการนัดรับ/ตรวจสอบได้
1542,ขายหนังสือ TU100 มือสอง นัดรับ หน้าโดม ได้ 🙏 line: @fakeid,normal,tu_marketplace,0.27,casual,Facebook Group,0,0,0,0,0,0,0,0,58,emoji,บริบททั่วไปหรือมีการนัดรับ/ตรวจสอบได้
1543,นัดรับหน้า คณะวิทย์ ได้ครับ สะดวกช่วงเย็น 👍,normal,tu_marketplace,0.27,casual,Facebook Group,0,0,0,0,0,0,0,0,43,emoji,บริบททั่วไปหรือมีการนัดรับ/ตรวจสอบได้
1544,เจ้าหน้าที่มหาลัยขอ username password เพื่อตรวจสอบสถานะ ✨ inbox ได้,scam,impersonation,0.81,emoji,SMS,0,0,0,0,0,0,0,0,67,emoji,
1545,ขายหนังสือ CS222 มือสอง นัดรับ หอสมุดป๋วย ได้,normal,tu_marketplace,0.04,slang,TU Marketplace,0,0,0,0,0,0,0,0,45,typo,บริบททั่วไปหรือมีการนัดรับ/ตรวจสอบได้
1546,สมัครงาน part-time online จ่ายค่าสมัครก่อน 1500 แล้วเริ่มงานได้เลย 😅📌,scam,job_scam,0.8,slang,IG DM,0,0,0,0,0,0,0,1,69,emoji,มีบริบทสมัครงาน/รายได้
1547,ใครเจอบัตรนักศึกษาที่ คณะวิทย์ ทักมาหน่อยครับ ✅💸,normal,tu_general,0.1,slang,Facebook Group,0,0,0,0,0,0,0,0,48,emoji,บริบททั่วไปหรือมีการนัดรับ/ตรวจสอบได้
1548,ใครเจอบัตรนักศึกษาที่ หอสมุดป๋วย ทักมาหน่อยครับ ok?,normal,tu_general,0.18,formal,Web Form,0,0,0,0,0,0,0,0,51,thai_english_mix,บริบททั่วไปหรือมีการนัดรับ/ตรวจสอบได้
1549,บอกว่ามีทุนพิเศษแต่ต้องรีบกรอกข้อมูล,suspicious,tu_scam_risk,0.67,formal,IG DM,0,0,0,0,1,1,1,0,36,none,มีคำเร่งเร้า; มีบริบทเกี่ยวกับเงิน/โอน/บัญชี; มีสัญญาณเสี่ยงแต่หลักฐานยังไม่ชัด
1550,ขาย iPad ใช้เรียน นัดรับในมอได้ เช็คของก่อนจ่าย ‼️📌,normal,tu_marketplace,0.06,formal,Discord,0,0,0,0,0,0,0,0,51,emoji,บริบททั่วไปหรือมีการนัดรับ/ตรวจสอบได้
1551,ขายหนังสือ  CS332  มือสอง  นัดรับ  หอสมุดป๋วย  ได้,normal,tu_marketplace,0.15,short_message,IG DM,0,0,0,0,0,0,0,0,50,spacing_noise,บริบททั่วไปหรือมีการนัดรับ/ตรวจสอบได้
1552,ขอแนวข้อสอบ CS332 น่อยคับ,normal,tu_general,0.06,emoji,X/Twitter,0,0,0,0,0,0,0,0,25,typo,บริบททั่วไปหรือมีการนัดรับ/ตรวจสอบได้
1553,ใครเจอบัตรนักศึกษาที่ หอสมุดป๋วย ทักมาหน่อยครับ ส่งในกลุ่มได้เลย,normal,tu_general,0.02,slang,Web Form,0,0,0,0,0,0,0,0,64,none,บริบททั่วไปหรือมีการนัดรับ/ตรวจสอบได้
1554,สมัครงาน part-time online จ่ายค่าสมัครก่อน 500 แล้วเริ่มงานได้เลย 💸🙏,scam,job_scam,0.89,emoji,Facebook Group,0,0,0,0,0,0,0,1,68,emoji,มีบริบทสมัครงาน/รายได้
1555,รับทุนการศึกษาเร่งด่วนนน กรอกข้อมูลและเลขบัญชีที่ forms.example.invalid/fake,scam,fake_scholarship,0.94,formal,SMS,1,0,1,0,1,1,1,0,76,repeat_chars,มีลิงก์หรือการชวนคลิกลิงก์; มีคำเร่งเร้า; มีบริบทเกี่ยวกับเงิน/โอน/บัญชี
1556,โอนมัดจำค่าหอ 200 บาทได้ไหมครับ 🥺 ส่งในกลุ่มได้เลย,normal,tu_marketplace,0.18,thai_english_mix,Email,0,0,0,0,1,0,0,0,50,emoji,มีบริบทเกี่ยวกับเงิน/โอน/บัญชี; บริบททั่วไปหรือมีการนัดรับ/ตรวจสอบได้
1557,ขาย iPad ใช้เรียน นัดรับในมอได้ เช็คของก่อนจ่าย 💬💸 ส่งในกลุ่มได้เลย,normal,tu_marketplace,0.27,short_message,IG DM,0,0,0,0,0,0,0,0,67,emoji,บริบททั่วไปหรือมีการนัดรับ/ตรวจสอบได้
1558,ประกาศจากคณะให้กรอกแบบประเมินรายวิชาในระบบทางการ ⚠️📌,normal,admin_real,0.12,formal,IG DM,0,0,0,0,0,0,0,0,52,emoji,บริบททั่วไปหรือมีการนัดรับ/ตรวจสอบได้
1559,คุณได้รับสิทธิ์ทุนพิเศษ โอนค่าดำเนินการ 300 บาทก่อนรับทุน 👍😅,scam,fake_scholarship,0.9,casual,SMS,0,0,0,0,1,0,1,0,60,emoji,มีบริบทเกี่ยวกับเงิน/โอน/บัญชี
1560,รับทุนการศึกษาเร่งด่วน กรอกข้อมูลและเลขบัญชีที่ example.invalid/verify 😅,scam,fake_scholarship,0.83,thai_english_mix,IG DM,1,0,1,1,1,1,1,0,72,emoji,พบคำเกี่ยวกับ OTP/ยืนยันตัวตน; มีลิงก์หรือการชวนคลิกลิงก์; มีคำเร่งเร้า; มีบริบทเกี่ยวกับเงิน/โอน/บัญชี
1561,Your account has been suspended verify now bit.ly/example_fake 🥺✨,scam,phishing,0.91,thai_english_mix,SMS,1,0,0,1,0,1,0,0,65,emoji,พบคำเกี่ยวกับ OTP/ยืนยันตัวตน; มีลิงก์หรือการชวนคลิกลิงก์; มีคำเร่งเร้า
1562,แอดมินคณะขอค่าจองสิทธิ์สอบ โอนนมาที่ xxx-x-xxxxx-x ภายในวันนี้,scam,tu_scam,0.87,casual,SMS,0,0,1,0,1,1,0,0,62,typo,มีคำเร่งเร้า; มีบริบทเกี่ยวกับเงิน/โอน/บัญชี
1563,คุณได้รับสิทธิ์ทุนพิเศษ โอนค่าดำเนินการ 100 บาทก่อนรับทุน line: @fakeid,scam,fake_scholarship,0.87,formal,LINE,0,0,0,0,1,0,1,0,71,none,มีบริบทเกี่ยวกับเงิน/โอน/บัญชี
1564,ขอเลขบชพร้อมเพย์หน่อยครับ จะโอนนค่าชีท ทัก DM,normal,tu_marketplace,0.27,slang,IG DM,0,0,1,0,1,0,0,0,45,typo,มีบริบทเกี่ยวกับเงิน/โอน/บัญชี; บริบททั่วไปหรือมีการนัดรับ/ตรวจสอบได้
1565,ระบบ TU แจ้งเตือน ให้ update password ผ่าน example.invalid/verify ด่วน ส่งในกลุ่มได้เลย,scam,phishing,0.83,thai_english_mix,Email,1,0,0,1,0,1,0,0,87,none,พบคำเกี่ยวกับ OTP/ยืนยันตัวตน; มีลิงก์หรือการชวนคลิกลิงก์; มีคำเร่งเร้า
1566,ขายหนังสือ CS251 มือสอง นัดรับ SC3 ได้ 🙏😅,normal,tu_marketplace,0.29,thai_english_mix,IG DM,0,0,0,0,0,0,0,0,41,emoji,บริบททั่วไปหรือมีการนัดรับ/ตรวจสอบได้
1567,งานออนไลน์รายได้สูงมาก ไม่ต้องสัมภาษณ์ แค่ทักแชท 💬📌,suspicious,job_risk,0.49,formal,Facebook Group,0,0,0,0,1,0,0,1,51,emoji,มีบริบทเกี่ยวกับเงิน/โอน/บัญชี; มีบริบทสมัครงาน/รายได้; มีสัญญาณเสี่ยงแต่หลักฐานยังไม่ชัด
1568,ขอแนวข้อสอบ  EL171  หน่อยครับ,normal,tu_general,0.07,short_message,Facebook Group,0,0,0,0,0,0,0,0,29,spacing_noise,บริบททั่วไปหรือมีการนัดรับ/ตรวจสอบได้
1569,แอดมินคณะขอค่าจองสิทธิ์สอบ  โอนมาที่  xxx-x-xxxxx-x  ภายในวันนี้,scam,tu_scam,0.82,thai_english_mix,SMS,0,0,1,0,1,1,0,0,64,spacing_noise,มีคำเร่งเร้า; มีบริบทเกี่ยวกับเงิน/โอน/บัญชี
1570,คุณได้รับสิทธิ์ทุนพิเศษ โอนค่าดำเนินการ 200 บาทก่อนรับทุน pls,scam,fake_scholarship,0.97,short_message,Discord,0,0,0,0,1,0,1,0,61,thai_english_mix,มีบริบทเกี่ยวกับเงิน/โอน/บัญชี
1571,job online รายได้สูง ไม่ต้องมีประสบการณ์ โอนค่าประกันก่อนเริ่มงาน DM me ส่งในกลุ่มได้เลย,scam,job_scam,0.94,thai_english_mix,Facebook Group,0,0,0,0,1,0,0,1,88,thai_english_mix,มีบริบทเกี่ยวกับเงิน/โอน/บัญชี; มีบริบทสมัครงาน/รายได้
1572,พัสดุติดปัญหา ชำระค่าธรรมเนียมที่ tu-form.example.invalid เพื่อรับของ DM me,scam,delivery_scam,0.89,thai_english_mix,Facebook Group,1,0,0,0,0,0,0,0,75,thai_english_mix,มีลิงก์หรือการชวนคลิกลิงก์
1573,Your account has been suspended verify now example.invalid/verify ทัก DM,scam,phishing,0.81,casual,Facebook Group,1,0,0,1,0,1,0,0,72,none,พบคำเกี่ยวกับ OTP/ยืนยันตัวตน; มีลิงก์หรือการชวนคลิกลิงก์; มีคำเร่งเร้า
1574,ขอแนวข้อสอบ CS332 หน่อยครับ line: @fakeid,normal,tu_general,0.11,short_message,LINE,0,0,0,0,0,0,0,0,41,none,บริบททั่วไปหรือมีการนัดรับ/ตรวจสอบได้
1575,งานออนไลน์รายได้สูงมาก ไม่ต้องสัมภาษณ์ แค่ทักแชท 💸📌,suspicious,job_risk,0.53,casual,TU Marketplace,0,0,0,0,1,0,0,1,51,emoji,มีบริบทเกี่ยวกับเงิน/โอน/บัญชี; มีบริบทสมัครงาน/รายได้; มีสัญญาณเสี่ยงแต่หลักฐานยังไม่ชัด
1576,วันนี้ห้องเรียน บร.2 เปิดไหมครับ 😅,normal,tu_general,0.18,emoji,SMS,0,0,0,0,0,0,0,0,34,emoji,บริบททั่วไปหรือมีการนัดรับ/ตรวจสอบได้
1577,หาคนช่วยงานอีเวนต์ในมอ มีรายละเอียดงานและสถานที่ชัดเจน ทัก DM,normal,tu_job_real,0.09,thai_english_mix,LINE,0,0,0,0,0,0,0,1,61,typo,มีบริบทสมัครงาน/รายได้; บริบททั่วไปหรือมีการนัดรับ/ตรวจสอบได้
1578, สมัครงาน  part-time  online  จ่ายค่าสมัครก่อน  300  แล้วเริ่มงานได้เลย  line: @fakeid,scam,job_scam,0.92,slang,Discord,0,0,0,0,0,0,0,1,86,spacing_noise,มีบริบทสมัครงาน/รายได้
1579,ร้านกาแฟแถวรังสิตรับพาร์ทไทม์ ชั่วโมงละ 80 บาท มีสัมภาษณ์หน้าร้าน pls,normal,tu_job_real,0.06,thai_english_mix,Discord,0,0,0,0,1,0,0,1,69,thai_english_mix,มีบริบทเกี่ยวกับเงิน/โอน/บัญชี; มีบริบทสมัครงาน/รายได้; บริบททั่วไปหรือมีการนัดรับ/ตรวจสอบได้
1580,มีคนจองหลายคน ถ้าเอาโอนมัดจำมาก่อนได้เลย ⚠️🔥,suspicious,marketplace_risk,0.71,slang,LINE,0,0,0,0,1,0,0,0,44,emoji,มีบริบทเกี่ยวกับเงิน/โอน/บัญชี; มีสัญญาณเสี่ยงแต่หลักฐานยังไม่ชัด
1581,แอดมินคณะขอค่าจองสิทธิ์สอบ โอนมาที่ พร้อมเพย์ 08x-xxx-xxxx ภายในวันนี้ ⚠️✨ line: @fakeid,scam,tu_scam,0.88,emoji,X/Twitter,0,1,1,0,1,1,0,0,88,emoji,มีคำเร่งเร้า; มีบริบทเกี่ยวกับเงิน/โอน/บัญชี
1582,รับทุนการศึกษาเร่งด่วน กรอกข้อมูลและเลขบัญชีที่ forms.example.invalid/fake ✨🙏,scam,fake_scholarship,0.91,casual,Facebook Group,1,0,1,0,1,1,1,0,77,emoji,มีลิงก์หรือการชวนคลิกลิงก์; มีคำเร่งเร้า; มีบริบทเกี่ยวกับเงิน/โอน/บัญชี
1583,รับหิ้วของจากญี่ปุ่น สนใจทักได้ นัดรับได้ในมอ ‼️ ทัก DM,normal,tu_general,0.19,emoji,LINE,0,0,0,0,0,0,0,0,55,emoji,บริบททั่วไปหรือมีการนัดรับ/ตรวจสอบได้
1584,ระบบ TU แจ้งเตือน ให้ update password ผ่าน example.invalid/verify ด่วน pls,scam,phishing,0.97,casual,SMS,1,0,0,1,0,1,0,0,74,thai_english_mix,พบคำเกี่ยวกับ OTP/ยืนยันตัวตน; มีลิงก์หรือการชวนคลิกลิงก์; มีคำเร่งเร้า
1585,ขอเลขบัญชีพร้อมเพย์หน่อยครับ จะโอนค่าชีท 📌🚨 ส่งในกลุ่มได้เลย,normal,tu_marketplace,0.08,casual,LINE,0,0,1,0,1,0,0,0,60,emoji,มีบริบทเกี่ยวกับเงิน/โอน/บัญชี; บริบททั่วไปหรือมีการนัดรับ/ตรวจสอบได้
1586,อ้างว่าเป็นรุ่นพี่คณะ ขอให้โอนนเงินช่วยจองสิทธิ์,suspicious,tu_scam_risk,0.47,thai_english_mix,Web Form,0,0,0,0,1,0,0,0,48,typo,มีบริบทเกี่ยวกับเงิน/โอน/บัญชี; มีสัญญาณเสี่ยงแต่หลักฐานยังไม่ชัด
1587,กดลิงก์รับเงินคืนค่าธรรมเนียมการศึกษา example.invalid/verify 🚨,scam,refund_scam,0.85,short_message,Discord,1,0,0,1,1,0,1,0,62,emoji,พบคำเกี่ยวกับ OTP/ยืนยันตัวตน; มีลิงก์หรือการชวนคลิกลิงก์; มีบริบทเกี่ยวกับเงิน/โอน/บัญชี
1588,ทักไลน์อย่างเดียวครับ ไม่ค่อยตอบในกลุ่ม ⚠️✨,suspicious,marketplace_risk,0.65,emoji,IG DM,0,0,0,0,0,0,0,0,43,emoji,มีสัญญาณเสี่ยงแต่หลักฐานยังไม่ชัด
1589,ประกาศจากคณะให้กรอกแบบประเมินรายวิชาในระบบทางการ 😅 inbox ได้,normal,admin_real,0.11,emoji,SMS,0,0,0,0,0,0,0,0,60,emoji,บริบททั่วไปหรือมีการนัดรับ/ตรวจสอบได้
1590,ขอเลขบัญชีพร้อมเพย์น่อยครับ จะโอนนค่าชีท inbox ได้,normal,tu_marketplace,0.26,thai_english_mix,LINE,0,0,1,0,1,0,0,0,50,typo,มีบริบทเกี่ยวกับเงิน/โอน/บัญชี; บริบททั่วไปหรือมีการนัดรับ/ตรวจสอบได้
1591,แอดมินคณะขอค่าจองสิทธิ์สอบ โอนมาที่ พร้อมเพย์ 08x-xxx-xxxx ภายในวันนี้ 🚨,scam,tu_scam,0.8,casual,TU Marketplace,0,1,1,0,1,1,0,0,72,emoji,มีคำเร่งเร้า; มีบริบทเกี่ยวกับเงิน/โอน/บัญชี
1592,รับหิ้วของจากญี่ปุ่น สนใจทักได้ นัดรับได้ในมอ 💸,normal,tu_general,0.29,thai_english_mix,Email,0,0,0,0,0,0,0,0,47,emoji,บริบททั่วไปหรือมีการนัดรับ/ตรวจสอบได้
1593,วันนี้ห้องเรียน SC3 เปิดไหมครับ 😅🥺,normal,tu_general,0.3,casual,Web Form,0,0,0,0,0,0,0,0,34,emoji,บริบททั่วไปหรือมีการนัดรับ/ตรวจสอบได้
1594,มีคนจองหลายคน ถ้าเอาโอนมัดจำมาก่อนได้เลย 👍🙏 ส่งในกลุ่มได้เลย,suspicious,marketplace_risk,0.7,emoji,X/Twitter,0,0,0,0,1,0,0,0,60,emoji,มีบริบทเกี่ยวกับเงิน/โอน/บัญชี; มีสัญญาณเสี่ยงแต่หลักฐานยังไม่ชัด
1595,งานออนไลน์ได้เงินวันละ 3000 ไม่ต้องสัมภาษณ์ สมัครด่วน inbox ได้,scam,job_scam,0.86,short_message,Facebook Group,0,0,0,0,1,1,0,1,63,none,มีคำเร่งเร้า; มีบริบทเกี่ยวกับเงิน/โอน/บัญชี; มีบริบทสมัครงาน/รายได้
1596, หอพักแถวเชียงรากเดือนละไม่เกิน  5000  มีแนะนำไหม ,normal,tu_general,0.26,emoji,Discord,0,0,0,0,0,0,0,0,50,spacing_noise,บริบททั่วไปหรือมีการนัดรับ/ตรวจสอบได้
1597,รีบโอนก่อนนะ เหลือคนเดียวแล้ว DM me ส่งในกลุ่มได้เลย,suspicious,marketplace_risk,0.67,thai_english_mix,TU Marketplace,0,0,0,0,1,1,0,0,52,thai_english_mix,มีคำเร่งเร้า; มีบริบทเกี่ยวกับเงิน/โอน/บัญชี; มีสัญญาณเสี่ยงแต่หลักฐานยังไม่ชัด
1598,รับหิ้วของจากญี่ปุ่น สนใจทักได้ นัดรับได้ในมอ pls,normal,tu_general,0.3,casual,TU Marketplace,0,0,0,0,0,0,0,0,49,thai_english_mix,บริบททั่วไปหรือมีการนัดรับ/ตรวจสอบได้
1599,ระบบแจ้งให้ยืนยันข้อมูลบางอย่างภายในวันนี้ ทัก DM,suspicious,phishing_risk,0.72,thai_english_mix,X/Twitter,0,0,0,0,0,1,0,0,49,none,มีคำเร่งเร้า; มีสัญญาณเสี่ยงแต่หลักฐานยังไม่ชัด
1600,พัสดุติดปัญหา ชำระค่าธรรมเนียมที่ [URL] เพื่อรับของ 🙏,scam,delivery_scam,0.8,thai_english_mix,Email,1,0,0,0,0,0,0,0,53,emoji,มีลิงก์หรือการชวนคลิกลิงก์
1601,บัญชีคุณถูกระงับ กรุณายืนยันตัวตนทันทีที่ forms.example.invalid/fake 🙏💸,scam,phishing,0.81,casual,SMS,1,0,1,1,0,1,0,0,71,emoji,พบคำเกี่ยวกับ OTP/ยืนยันตัวตน; มีลิงก์หรือการชวนคลิกลิงก์; มีคำเร่งเร้า
1602,พัสดุติดปัญหา ชำระค่าธรรมเนียมที่ tu-form.example.invalid เพื่อรับของ line: @fakeid,scam,delivery_scam,0.89,short_message,SMS,1,0,0,0,0,0,0,0,83,typo,มีลิงก์หรือการชวนคลิกลิงก์
1603,วันนี้ห้องเรียน คณะวิทย์ เปิดไหมครับบบ,normal,tu_general,0.21,emoji,Facebook Group,0,0,0,0,0,0,0,0,38,repeat_chars,บริบททั่วไปหรือมีการนัดรับ/ตรวจสอบได้
1604,สมัครงานง่ายๆ ได้เงินเร็ว แต่ต้องจ่ายค่าสมัครก่อน 💬💸,suspicious,job_risk,0.66,casual,SMS,0,0,0,0,1,0,0,1,52,emoji,มีบริบทเกี่ยวกับเงิน/โอน/บัญชี; มีบริบทสมัครงาน/รายได้; มีสัญญาณเสี่ยงแต่หลักฐานยังไม่ชัด
1605,พัสดุติดปัญหา ชำระค่าธรรมเนียมที่ forms.example.invalid/fake เพื่อรับของ inbox ได้,scam,delivery_scam,0.81,thai_english_mix,Discord,1,0,0,0,0,0,0,0,82,none,มีลิงก์หรือการชวนคลิกลิงก์
1606,พัสดุติดปัญหา ชำระค่าธรรมเนียมที่ forms.example.invalid/fake เพื่อรับของ ‼️👍,scam,delivery_scam,0.87,slang,Email,1,0,0,0,0,0,0,0,76,emoji,มีลิงก์หรือการชวนคลิกลิงก์
1607,กดลิงก์รับเงินคืนค่าธรรมเนียมการศึกษา tu-form.example.invalid 🚨🔥,scam,refund_scam,0.86,thai_english_mix,Web Form,1,0,0,0,1,0,1,0,64,emoji,มีลิงก์หรือการชวนคลิกลิงก์; มีบริบทเกี่ยวกับเงิน/โอน/บัญชี
1608,เจ้าหน้าที่มหาลัยขอ username password เพื่อตรวจสอบสถานะ,scam,impersonation,0.89,thai_english_mix,Email,0,0,0,0,0,0,0,0,55,none,
1609,คุณได้รับสิทธิ์ทุนพิเศษ โอนนค่าดำเนินการ 300 บาทก่อนรับทุน,scam,fake_scholarship,0.89,casual,Email,0,0,0,0,1,0,1,0,58,typo,มีบริบทเกี่ยวกับเงิน/โอน/บัญชี
1610,ขอเลขบัญชีพร้อมเพย์หน่อยครับ จะโอนค่าชีท ✨ inbox ได้,normal,tu_marketplace,0.25,slang,Email,0,0,1,0,1,0,0,0,52,emoji,มีบริบทเกี่ยวกับเงิน/โอน/บัญชี; บริบททั่วไปหรือมีการนัดรับ/ตรวจสอบได้
1611,ร้านกาแฟแถวรังสิตรับพาร์ทไทม์ ชั่วโมงละ 80 บาท มีสัมภาษณ์หน้าร้าน DM me inbox ได้,normal,tu_job_real,0.13,emoji,Discord,0,0,0,0,1,0,0,1,81,thai_english_mix,มีบริบทเกี่ยวกับเงิน/โอน/บัญชี; มีบริบทสมัครงาน/รายได้; บริบททั่วไปหรือมีการนัดรับ/ตรวจสอบได้
1612,คุณได้รับสิทธิ์ทุนพิเศษ โอนค่าดำเนินการ 200 บาทก่อนรับทุน ok?,scam,fake_scholarship,0.88,short_message,Discord,0,0,0,0,1,0,1,0,61,thai_english_mix,มีบริบทเกี่ยวกับเงิน/โอน/บัญชี
1613,รับหิ้วของจากญี่ปุ่น สนใจทักได้ นัดรับได้ในมอ 💬💸,normal,tu_general,0.03,formal,Discord,0,0,0,0,0,0,0,0,48,emoji,บริบททั่วไปหรือมีการนัดรับ/ตรวจสอบได้
1614,กรุณายืนยัน OTP เพื่อปลดล็อกบัญชีทันที 💸,scam,otp,0.96,casual,X/Twitter,0,0,1,1,0,1,0,0,40,emoji,พบคำเกี่ยวกับ OTP/ยืนยันตัวตน; มีคำเร่งเร้า
1615,มีคนจองหลายคน ถ้าเอาโอนมัดจำมาก่อนได้เลย 🥺‼️,suspicious,marketplace_risk,0.58,thai_english_mix,SMS,0,0,0,0,1,0,0,0,44,emoji,มีบริบทเกี่ยวกับเงิน/โอน/บัญชี; มีสัญญาณเสี่ยงแต่หลักฐานยังไม่ชัด
1616,บัญชีคุณถูกระงับ กรุณายืนยันตัวตนทันทีที่ bit.ly/example_fake 🔥⚠️,scam,phishing,0.93,slang,X/Twitter,1,0,1,1,0,1,0,0,65,emoji,พบคำเกี่ยวกับ OTP/ยืนยันตัวตน; มีลิงก์หรือการชวนคลิกลิงก์; มีคำเร่งเร้า
1617,คุณได้รับสิทธิ์ทุนพิเศษ โอนค่าดำเนินการ 500 บาทก่อนรับทุน ASAP ส่งในกลุ่มได้เลย,scam,fake_scholarship,0.84,thai_english_mix,SMS,0,0,0,0,1,0,1,0,79,thai_english_mix,มีบริบทเกี่ยวกับเงิน/โอน/บัญชี
1618,ไม่สะดวกนัดรับ ขอส่งอย่างเดียว โอนก่อนส่งนะ 🥺🔥,suspicious,marketplace_risk,0.55,emoji,Email,0,0,0,0,1,0,0,0,46,emoji,มีบริบทเกี่ยวกับเงิน/โอน/บัญชี; มีสัญญาณเสี่ยงแต่หลักฐานยังไม่ชัด
1619,มีลิงก์ให้กรอกข้อมูลเพื่อรับสิทธิ์ ลองเช็คก่อนนะ 🥺📌 line: @fakeid,suspicious,phishing_risk,0.54,slang,Discord,1,0,0,0,0,0,0,0,65,emoji,มีลิงก์หรือการชวนคลิกลิงก์; มีสัญญาณเสี่ยงแต่หลักฐานยังไม่ชัด
1620,แอดมินคณะขอค่าจองสิทธิ์สอบ โอนมาที่ xxx-x-xxxxx-x ภายในวันนี้ ✨,scam,tu_scam,0.81,casual,Web Form,0,0,1,0,1,1,0,0,63,emoji,มีคำเร่งเร้า; มีบริบทเกี่ยวกับเงิน/โอน/บัญชี
1621,รับทุนการศึกษาเร่งด่วน กรอกข้อมูลและเลขบัญชีที่ example.invalid/verify ASAP,scam,fake_scholarship,0.83,short_message,Facebook Group,1,0,1,1,1,1,1,0,75,thai_english_mix,พบคำเกี่ยวกับ OTP/ยืนยันตัวตน; มีลิงก์หรือการชวนคลิกลิงก์; มีคำเร่งเร้า; มีบริบทเกี่ยวกับเงิน/โอน/บัญชี
1622,งานออนไลน์รายได้สูงมาก ไม่ต้องสัมภาษณ์ แค่ทักแชท 📌‼️,suspicious,job_risk,0.63,slang,Web Form,0,0,0,0,1,0,0,1,52,emoji,มีบริบทเกี่ยวกับเงิน/โอน/บัญชี; มีบริบทสมัครงาน/รายได้; มีสัญญาณเสี่ยงแต่หลักฐานยังไม่ชัด
1623,หอพักแถวเชียงรากเดือนละไม่เกิน  4500  มีแนะนำไหม,normal,tu_general,0.26,formal,X/Twitter,0,0,0,0,0,0,0,0,48,spacing_noise,บริบททั่วไปหรือมีการนัดรับ/ตรวจสอบได้
1624,Your account has been suspended verify now example.invalid/verify ⚠️ ทัก DM,scam,phishing,0.97,thai_english_mix,Web Form,1,0,0,1,0,1,0,0,75,emoji,พบคำเกี่ยวกับ OTP/ยืนยันตัวตน; มีลิงก์หรือการชวนคลิกลิงก์; มีคำเร่งเร้า
1625,job online รายได้สูง ไม่ต้องมีประสบการณ์ โอนค่าประกันก่อนเริ่มงาน 👍✨,scam,job_scam,0.86,slang,IG DM,0,0,0,0,1,0,0,1,68,emoji,มีบริบทเกี่ยวกับเงิน/โอน/บัญชี; มีบริบทสมัครงาน/รายได้
1626,ทักไลน์อย่างเดียวครับ ไม่ค่อยตอบในกลุ่ม 🚨⚠️,suspicious,marketplace_risk,0.7,slang,Web Form,0,0,0,0,0,0,0,0,43,emoji,มีสัญญาณเสี่ยงแต่หลักฐานยังไม่ชัด
1627,พัสดุติดปัญหา  ชำระค่าธรรมเนียมที่  tu-form.example.invalid  เพื่อรับของ ส่งในกลุ่มได้เลย,scam,delivery_scam,0.81,formal,Web Form,1,0,0,0,0,0,0,0,89,spacing_noise,มีลิงก์หรือการชวนคลิกลิงก์
1628,มีลิงก์ Google Meet สำหรับประชุมไหมครับ ✨ ส่งในกลุ่มได้เลย,normal,meeting,0.2,casual,TU Marketplace,1,0,0,0,0,0,0,0,58,emoji,มีลิงก์หรือการชวนคลิกลิงก์; บริบททั่วไปหรือมีการนัดรับ/ตรวจสอบได้
1629,ของอยู่ต่างจังหวัด  โอนก่อนส่งเท่านั้น  ราคาพิเศษถึงวันนี้ line: @fakeid,scam,marketplace_scam,0.82,casual,Discord,0,0,0,0,1,0,0,0,72,spacing_noise,มีบริบทเกี่ยวกับเงิน/โอน/บัญชี
1630,งานออนไลน์รายได้สูงมาก ไม่ต้องสัมภาษณ์ แค่ทักแชท 🔥✅,suspicious,job_risk,0.57,slang,Web Form,0,0,0,0,1,0,0,1,51,emoji,มีบริบทเกี่ยวกับเงิน/โอน/บัญชี; มีบริบทสมัครงาน/รายได้; มีสัญญาณเสี่ยงแต่หลักฐานยังไม่ชัด
1631,ระบบแจ้งให้ยืนยันข้อมูลบางอย่างภายในวันนี้ 💸🥺,suspicious,phishing_risk,0.52,thai_english_mix,TU Marketplace,0,0,0,0,0,1,0,0,45,emoji,มีคำเร่งเร้า; มีสัญญาณเสี่ยงแต่หลักฐานยังไม่ชัด
1632,สมัครงานง่ายๆ ได้เงินเร็ว แต่ต้องจ่ายค่าสมัครก่อน 💬💸 ส่งในกลุ่มได้เลย,suspicious,job_risk,0.7,thai_english_mix,Discord,0,0,0,0,1,0,0,1,69,emoji,มีบริบทเกี่ยวกับเงิน/โอน/บัญชี; มีบริบทสมัครงาน/รายได้; มีสัญญาณเสี่ยงแต่หลักฐานยังไม่ชัด
1633,วันนี้ห้องเรียน SC3 เปิดไหมครับ 📌✅,normal,tu_general,0.29,short_message,IG DM,0,0,0,0,0,0,0,0,34,emoji,บริบททั่วไปหรือมีการนัดรับ/ตรวจสอบได้
1634,ขาย iPad ใช้เรียน นัดรับในมอได้ เช็คของก่อนจ่าย ✅🚨,normal,tu_marketplace,0.09,formal,Web Form,0,0,0,0,0,0,0,0,50,emoji,บริบททั่วไปหรือมีการนัดรับ/ตรวจสอบได้
1635,บัญชีคุณถูกระงับ กรุณายืนยันตัวตนทันทีที่ forms.example.invalid/fake,scam,phishing,0.8,formal,Email,1,0,1,1,0,1,0,0,68,none,พบคำเกี่ยวกับ OTP/ยืนยันตัวตน; มีลิงก์หรือการชวนคลิกลิงก์; มีคำเร่งเร้า
1636,ขายหนังสือ CS254 มือสอง นัดรับ หอสมุดป๋วย ได้ now,normal,tu_marketplace,0.17,formal,TU Marketplace,0,0,0,0,0,1,0,0,49,thai_english_mix,มีคำเร่งเร้า; บริบททั่วไปหรือมีการนัดรับ/ตรวจสอบได้
1637,ร้านกาแฟแถวรังสิตรับพาร์ทไทม์ ชั่วโมงละ 50 บาท มีสัมภาษณ์หน้าร้าน 😅,normal,tu_job_real,0.21,emoji,Web Form,0,0,0,0,1,0,0,1,67,emoji,มีบริบทเกี่ยวกับเงิน/โอน/บัญชี; มีบริบทสมัครงาน/รายได้; บริบททั่วไปหรือมีการนัดรับ/ตรวจสอบได้
1638,หอพักแถวเชียงรากเดือนละไม่เกิน  3500  มีแนะนำไหม,normal,tu_general,0.16,thai_english_mix,Discord,0,0,0,0,0,0,0,0,48,spacing_noise,บริบททั่วไปหรือมีการนัดรับ/ตรวจสอบได้
1639,ของถูกมาก แต่ต้องจองภายในวันนี้ DM me ทัก DM,suspicious,marketplace_risk,0.62,formal,IG DM,0,0,0,0,0,1,0,0,44,thai_english_mix,มีคำเร่งเร้า; มีสัญญาณเสี่ยงแต่หลักฐานยังไม่ชัด
1640,ใครเจอบัตรนักศึกษาที่ SC3 ทักมาหน่อยครับ ✨,normal,tu_general,0.25,emoji,SMS,0,0,0,0,0,0,0,0,42,emoji,บริบททั่วไปหรือมีการนัดรับ/ตรวจสอบได้
1641,ราคาถูกกว่าปกติมาก แต่ไม่ให้วิดีโอคอลดูของ 💬✨,suspicious,marketplace_risk,0.7,formal,IG DM,0,0,0,0,0,0,0,0,45,emoji,มีสัญญาณเสี่ยงแต่หลักฐานยังไม่ชัด
1642,รหัสยืนยันถูกส่งไปแล้ว กรุณาแจ้งรหัสภายใน 5 นาที ส่งในกลุ่มได้เลย,scam,otp,0.9,thai_english_mix,TU Marketplace,0,0,0,1,0,1,0,0,65,none,พบคำเกี่ยวกับ OTP/ยืนยันตัวตน; มีคำเร่งเร้า
1643,ขายหนังสือ  CS222  มือสอง  นัดรับ  หอสมุดป๋วย  ได้ line: @fakeid,normal,tu_marketplace,0.27,short_message,SMS,0,0,0,0,0,0,0,0,64,spacing_noise,บริบททั่วไปหรือมีการนัดรับ/ตรวจสอบได้
1644,คลิกลิงก์นี้เพื่อยืนยันบัญชีนักศึกษา tu-form.example.invalid ‼️🙏,scam,phishing,0.81,emoji,TU Marketplace,1,0,1,0,0,0,0,0,64,emoji,มีลิงก์หรือการชวนคลิกลิงก์
1645,บัญชีคุณถูกระงับ กรุณายืนยันตัวตนทันทีที่ example.invalid/verify DM me ทัก DM,scam,phishing,0.89,slang,Email,1,0,1,1,0,1,0,0,77,thai_english_mix,พบคำเกี่ยวกับ OTP/ยืนยันตัวตน; มีลิงก์หรือการชวนคลิกลิงก์; มีคำเร่งเร้า
1646,job online รายได้สูง ไม่ต้องมีประสบการณ์ โอนค่าประกันก่อนเริ่มงาน 💬✅,scam,job_scam,0.85,slang,X/Twitter,0,0,0,0,1,0,0,1,68,emoji,มีบริบทเกี่ยวกับเงิน/โอน/บัญชี; มีบริบทสมัครงาน/รายได้
1647,โอนนมัดจำค่าหอ 300 บาทได้ไหมคับ,normal,tu_marketplace,0.29,slang,TU Marketplace,0,0,0,0,1,0,0,0,31,typo,มีบริบทเกี่ยวกับเงิน/โอน/บัญชี; บริบททั่วไปหรือมีการนัดรับ/ตรวจสอบได้
1648,รหัสยืนยันถูกส่งไปแล้ว กรุณาแจ้งรหัสภายใน 5 นาที 💸✅,scam,otp,0.85,formal,Discord,0,0,0,1,0,1,0,0,51,emoji,พบคำเกี่ยวกับ OTP/ยืนยันตัวตน; มีคำเร่งเร้า
1649,มีใครขายชีท CS251 บ้างครับ ✅🥺,normal,tu_general,0.16,formal,Discord,0,0,0,0,0,0,0,0,29,emoji,บริบททั่วไปหรือมีการนัดรับ/ตรวจสอบได้
1650,สมัครงาน part-time online จ่ายค่าสมัครก่อน 200 แล้วเริ่มงานได้เลย ASAP,scam,job_scam,0.96,emoji,TU Marketplace,0,0,0,0,0,0,0,1,70,thai_english_mix,มีบริบทสมัครงาน/รายได้
1651,ของอยู่ต่างจังหวัด โอนก่อนส่งเท่านั้น ราคาพิเศษถึงวันนี้ 🔥💸,scam,marketplace_scam,0.98,thai_english_mix,Discord,0,0,0,0,1,0,0,0,59,emoji,มีบริบทเกี่ยวกับเงิน/โอน/บัญชี
1652,ขอแนวข้อสอบ CS222 หน่อยครับ ส่งในกลุ่มได้เลย,normal,tu_general,0.28,casual,Email,0,0,0,0,0,0,0,0,44,none,บริบททั่วไปหรือมีการนัดรับ/ตรวจสอบได้
1653,ใครเจอบัตรนักศึกษาที่ SC3 ทักมาหน่อยครับ 🙏,normal,tu_general,0.07,thai_english_mix,TU Marketplace,0,0,0,0,0,0,0,0,42,emoji,บริบททั่วไปหรือมีการนัดรับ/ตรวจสอบได้
1654,โอนมัดจำค่าหอ 100 บาทได้ไหมครับ ASAP,normal,tu_marketplace,0.04,formal,TU Marketplace,0,0,0,0,1,0,0,0,36,thai_english_mix,มีบริบทเกี่ยวกับเงิน/โอน/บัญชี; บริบททั่วไปหรือมีการนัดรับ/ตรวจสอบได้
1655,ของอยู่ต่างจังหวัด โอนก่อนส่งเท่านั้น ราคาพิเศษถึงวันนี้ pls,scam,marketplace_scam,0.81,short_message,IG DM,0,0,0,0,1,0,0,0,60,thai_english_mix,มีบริบทเกี่ยวกับเงิน/โอน/บัญชี
1656,สมัครงาน part-time online จ่ายค่าสมัครก่อน 500 แล้วเริ่มงานได้เลย inbox ได้,scam,job_scam,0.91,casual,Web Form,0,0,0,0,0,0,0,1,75,none,มีบริบทสมัครงาน/รายได้
1657,รับหิ้วของจากญี่ปุ่น สนใจทักได้ นัดรับได้ในมอ 🥺📌,normal,tu_general,0.09,short_message,Facebook Group,0,0,0,0,0,0,0,0,48,emoji,บริบททั่วไปหรือมีการนัดรับ/ตรวจสอบได้
1658,โอนเต็มก่อนเท่านั้น ไม่รับนัด ไม่รับวิดีโอคอล now line: @fakeid,scam,marketplace_scam,0.98,emoji,SMS,0,0,0,0,1,1,0,0,63,thai_english_mix,มีคำเร่งเร้า; มีบริบทเกี่ยวกับเงิน/โอน/บัญชี
1659,หาคนช่วยงานอีเวนต์ในมอ  มีรายละเอียดงานและสถานที่ชัดเจน,normal,tu_job_real,0.13,short_message,SMS,0,0,0,0,0,0,0,1,55,spacing_noise,มีบริบทสมัครงาน/รายได้; บริบททั่วไปหรือมีการนัดรับ/ตรวจสอบได้
1660,ระบบ TU แจ้งเตือน ให้ update password ผ่าน tu-form.example.invalid ด่วน line: @fakeid,scam,phishing,0.98,casual,Web Form,1,0,0,0,0,1,0,0,85,none,มีลิงก์หรือการชวนคลิกลิงก์; มีคำเร่งเร้า
1661,หอพักแถวเชียงรากเดือนละไม่เกิน 5000 มีแนะนำไหม 💸🔥,normal,tu_general,0.14,short_message,Facebook Group,0,0,0,0,0,0,0,0,49,emoji,บริบททั่วไปหรือมีการนัดรับ/ตรวจสอบได้
1662,ระบบแจ้งให้ยืนยันข้อมูลบางอย่างภายในวันนี้ 🙏⚠️ ทัก DM,suspicious,phishing_risk,0.63,formal,Email,0,0,0,0,0,1,0,0,53,emoji,มีคำเร่งเร้า; มีสัญญาณเสี่ยงแต่หลักฐานยังไม่ชัด
1663,รีบโอนก่อนนะ เหลือคนเดียวแล้ว 🙏✅,suspicious,marketplace_risk,0.47,thai_english_mix,Discord,0,0,0,0,1,1,0,0,32,emoji,มีคำเร่งเร้า; มีบริบทเกี่ยวกับเงิน/โอน/บัญชี; มีสัญญาณเสี่ยงแต่หลักฐานยังไม่ชัด
1664,มีคนขอรหัสยืนยัน บอกว่าเป็นแอดมินกลุ่ม ‼️,suspicious,otp_risk,0.66,emoji,Web Form,0,0,0,1,0,0,0,0,41,emoji,พบคำเกี่ยวกับ OTP/ยืนยันตัวตน; มีสัญญาณเสี่ยงแต่หลักฐานยังไม่ชัด
1665,รับทุนการศึกษาเร่งด่วน กรอกข้อมูลและเลขบัญชีที่ tu-form.example.invalid ASAP,scam,fake_scholarship,0.95,thai_english_mix,IG DM,1,0,1,0,1,1,1,0,76,thai_english_mix,มีลิงก์หรือการชวนคลิกลิงก์; มีคำเร่งเร้า; มีบริบทเกี่ยวกับเงิน/โอน/บัญชี
1666,ร้านกาแฟแถวรังสิตรับพาร์ทไทม์ ชั่วโมงละ 80 บาท มีสัมภาษณ์หน้าร้าน 🚨,normal,tu_job_real,0.13,slang,Discord,0,0,0,0,1,0,0,1,67,emoji,มีบริบทเกี่ยวกับเงิน/โอน/บัญชี; มีบริบทสมัครงาน/รายได้; บริบททั่วไปหรือมีการนัดรับ/ตรวจสอบได้
1667,มีลิงก์ให้กรอกข้อมูลเพื่อรับสิทธิ์ ลองเช็คก่อนนะ 🚨🥺,suspicious,phishing_risk,0.71,formal,Facebook Group,1,0,0,0,0,0,0,0,51,emoji,มีลิงก์หรือการชวนคลิกลิงก์; มีสัญญาณเสี่ยงแต่หลักฐานยังไม่ชัด
1668,วันนี้ห้องเรียน SC3 เปิดไหมครับ pls,normal,tu_general,0.27,slang,IG DM,0,0,0,0,0,0,0,0,35,thai_english_mix,บริบททั่วไปหรือมีการนัดรับ/ตรวจสอบได้
1669,สมัครงาน part-time online จ่ายค่าสมัครก่อน 300 แล้วเริ่มงานได้เลย 🔥💬,scam,job_scam,0.82,slang,Facebook Group,0,0,0,0,0,0,0,1,68,emoji,มีบริบทสมัครงาน/รายได้
1670,บัญชีคุณถูกระงับ กรุณายืนยันตัวตนทันทีที่ forms.example.invalid/fake line: @fakeid,scam,phishing,0.98,casual,X/Twitter,1,0,1,1,0,1,0,0,82,repeat_chars,พบคำเกี่ยวกับ OTP/ยืนยันตัวตน; มีลิงก์หรือการชวนคลิกลิงก์; มีคำเร่งเร้า
1671,โอนเต็มก่อนเท่านั้น ไม่รับนัด ไม่รับวิดีโอคอล ASAP inbox ได้,scam,marketplace_scam,0.91,slang,TU Marketplace,0,0,0,0,1,0,0,0,60,thai_english_mix,มีบริบทเกี่ยวกับเงิน/โอน/บัญชี
1672,งานออนไลน์ได้เงินวันละ 8000 ไม่ต้องสัมภาษณ์ สมัครด่วน 💬🚨,scam,job_scam,0.85,casual,Discord,0,0,0,0,1,1,0,1,56,emoji,มีคำเร่งเร้า; มีบริบทเกี่ยวกับเงิน/โอน/บัญชี; มีบริบทสมัครงาน/รายได้
1673,งานออนไลน์ได้เงินวันละ 5000 ไม่ต้องสัมภาษณ์ สมัครด่วน verify pls,scam,job_scam,0.93,emoji,Web Form,0,0,0,1,1,1,0,1,64,thai_english_mix,พบคำเกี่ยวกับ OTP/ยืนยันตัวตน; มีคำเร่งเร้า; มีบริบทเกี่ยวกับเงิน/โอน/บัญชี; มีบริบทสมัครงาน/รายได้
1674,ขอแนวข้อสอบ SC135 หน่อยครับ DM me,normal,tu_general,0.05,slang,Discord,0,0,0,0,0,0,0,0,33,thai_english_mix,บริบททั่วไปหรือมีการนัดรับ/ตรวจสอบได้
1675,ส่งรหัส OTP มาให้แอดมินเพื่อยืนยันตัวตนก่อนรับเงินคืน ส่งในกลุ่มได้เลย,scam,otp,0.8,formal,Facebook Group,0,0,0,1,1,0,1,0,70,none,พบคำเกี่ยวกับ OTP/ยืนยันตัวตน; มีบริบทเกี่ยวกับเงิน/โอน/บัญชี
1676,หอพักแถวเชียงรากเดือนละไม่เกิน 5000 มีแนะนำไหม 💸,normal,tu_general,0.09,thai_english_mix,Web Form,0,0,0,0,0,0,0,0,48,emoji,บริบททั่วไปหรือมีการนัดรับ/ตรวจสอบได้
1677,ขายหนังสือ MA211 มือสอง นัดรับ หอสมุดป๋วย ได้ ok?,normal,tu_marketplace,0.02,short_message,Discord,0,0,0,0,0,0,0,0,49,thai_english_mix,บริบททั่วไปหรือมีการนัดรับ/ตรวจสอบได้
1678,สมัครงาน part-time online จ่ายค่าสมัครก่อน 100 แล้วเริ่มงานได้เลย 🔥,scam,job_scam,0.88,short_message,TU Marketplace,0,0,0,0,0,0,0,1,67,emoji,มีบริบทสมัครงาน/รายได้
1679,มีคนขอรหัสยืนยัน บอกว่าเป็นแอดมินกลุ่ม ‼️🔥,suspicious,otp_risk,0.54,emoji,TU Marketplace,0,0,0,1,0,0,0,0,42,emoji,พบคำเกี่ยวกับ OTP/ยืนยันตัวตน; มีสัญญาณเสี่ยงแต่หลักฐานยังไม่ชัด
1680,งานออนไลน์ได้เงินวันละ 5000 ไม่ต้องสัมภาษณ์ สมัครด่วน inbox ได้,scam,job_scam,0.99,slang,SMS,0,0,0,0,1,1,0,1,63,none,มีคำเร่งเร้า; มีบริบทเกี่ยวกับเงิน/โอน/บัญชี; มีบริบทสมัครงาน/รายได้
1681,โปรไฟล์ใหม่มาก แต่บอกว่าเป็นเจ้าหน้าที่มหาลัย 🚨✨,suspicious,impersonation_risk,0.55,emoji,LINE,0,0,0,0,0,0,0,0,48,emoji,มีสัญญาณเสี่ยงแต่หลักฐานยังไม่ชัด
1682,ทักไลน์อย่างเดียวครับ ไม่ค่อยตอบในกลุ่ม ‼️ ทัก DM,suspicious,marketplace_risk,0.59,thai_english_mix,Discord,0,0,0,0,0,0,0,0,49,emoji,มีสัญญาณเสี่ยงแต่หลักฐานยังไม่ชัด
1683,ร้านกาแฟแถวรังสิตรับพาร์ทไทม์ ชั่วโมงละ 50 บาท มีสัมภาษณ์หน้าร้าน ✨‼️,normal,tu_job_real,0.27,formal,Web Form,0,0,0,0,1,0,0,1,69,emoji,มีบริบทเกี่ยวกับเงิน/โอน/บัญชี; มีบริบทสมัครงาน/รายได้; บริบททั่วไปหรือมีการนัดรับ/ตรวจสอบได้
1684,ใครเจอบัตรนักศึกษาที่ SC3 ทักมาหน่อยครับ 😅,normal,tu_general,0.3,slang,Email,0,0,0,0,0,0,0,0,42,emoji,บริบททั่วไปหรือมีการนัดรับ/ตรวจสอบได้
1685,ใครเจอบัตรนักศึกษาที่ คณะวิทย์ ทักมาหน่อยครับ ✨📌,normal,tu_general,0.03,short_message,X/Twitter,0,0,0,0,0,0,0,0,48,emoji,บริบททั่วไปหรือมีการนัดรับ/ตรวจสอบได้
1686,คุณได้รับสิทธิ์ทุนพิเศษ โอนค่าดำเนินการ 1000 บาทก่อนรับทุน ‼️🥺,scam,fake_scholarship,0.92,formal,Discord,0,0,0,0,1,0,1,0,62,emoji,มีบริบทเกี่ยวกับเงิน/โอน/บัญชี
1687,คลิกลิงก์นี้เพื่อยืนยันบัญชีนักศึกษา bit.ly/example_fake line: @fakeid,scam,phishing,0.83,casual,Facebook Group,1,0,1,0,0,0,0,0,70,none,มีลิงก์หรือการชวนคลิกลิงก์
1688,ขาย iPad ใช้เรียน นัดรับในมอได้ เช็คของก่อนจ่าย 🚨🥺,normal,tu_marketplace,0.16,thai_english_mix,LINE,0,0,0,0,0,0,0,0,50,emoji,บริบททั่วไปหรือมีการนัดรับ/ตรวจสอบได้
1689,ใครเจอบัตรนักศึกษาที่ โรงอาหารกลาง ทักมาหน่อยครับ now,normal,tu_general,0.22,casual,TU Marketplace,0,0,0,0,0,1,0,0,53,thai_english_mix,มีคำเร่งเร้า; บริบททั่วไปหรือมีการนัดรับ/ตรวจสอบได้
1690,ขอแนวข้อสอบ SC135 หน่อยครับ 😅,normal,tu_general,0.19,formal,LINE,0,0,0,0,0,0,0,0,29,emoji,บริบททั่วไปหรือมีการนัดรับ/ตรวจสอบได้
1691, job  online  รายได้สูง  ไม่ต้องมีประสบการณ์  โอนค่าประกันก่อนเริ่มงาน ,scam,job_scam,0.91,casual,Discord,0,0,0,0,1,0,0,1,71,spacing_noise,มีบริบทเกี่ยวกับเงิน/โอน/บัญชี; มีบริบทสมัครงาน/รายได้
1692,ทักไลน์อย่างเดียวครับ ไม่ค่อยตอบในกลุ่ม line: @fakeid,suspicious,marketplace_risk,0.55,slang,Facebook Group,0,0,0,0,0,0,0,0,53,none,มีสัญญาณเสี่ยงแต่หลักฐานยังไม่ชัด
1693,ไม่สะดวกนัดรับ  ขอส่งอย่างเดียว  โอนก่อนส่งนะ,suspicious,marketplace_risk,0.72,slang,Web Form,0,0,0,0,1,0,0,0,45,spacing_noise,มีบริบทเกี่ยวกับเงิน/โอน/บัญชี; มีสัญญาณเสี่ยงแต่หลักฐานยังไม่ชัด
1694,ระบบแจ้งให้ยืนยันข้อมูลบางอย่างภายในวันนี้ ✅🥺,suspicious,phishing_risk,0.72,emoji,IG DM,0,0,0,0,0,1,0,0,45,emoji,มีคำเร่งเร้า; มีสัญญาณเสี่ยงแต่หลักฐานยังไม่ชัด
1695,มีคนขอรหัสยืนยัน บอกว่าเป็นแอดมินกลุ่ม ‼️⚠️,suspicious,otp_risk,0.67,slang,X/Twitter,0,0,0,1,0,0,0,0,43,emoji,พบคำเกี่ยวกับ OTP/ยืนยันตัวตน; มีสัญญาณเสี่ยงแต่หลักฐานยังไม่ชัด
1696,หาคนช่วยงานอีเวนต์ในมอ มีรายละเอียดงานและสถานที่ชัดเจน ⚠️👍,normal,tu_job_real,0.3,casual,Web Form,0,0,0,0,0,0,0,1,58,emoji,มีบริบทสมัครงาน/รายได้; บริบททั่วไปหรือมีการนัดรับ/ตรวจสอบได้
1697,วันนี้ห้องเรียน อาคารเรียนรวม เปิดไหมครับ 🙏,normal,tu_general,0.25,thai_english_mix,Facebook Group,0,0,0,0,0,0,0,0,43,emoji,บริบททั่วไปหรือมีการนัดรับ/ตรวจสอบได้
1698,ขอโอนเต็มก่อน เดี๋ยวส่งเลขพัสดุให้ 🙏‼️,suspicious,marketplace_risk,0.65,formal,Facebook Group,0,0,0,0,1,0,0,0,38,emoji,มีบริบทเกี่ยวกับเงิน/โอน/บัญชี; มีสัญญาณเสี่ยงแต่หลักฐานยังไม่ชัด
1699,เจ้าหน้าที่มหาลัยขอ  username  password  เพื่อตรวจสอบสถานะ line: @fakeid,scam,impersonation,0.91,formal,Web Form,0,0,0,0,0,0,0,0,72,spacing_noise,
1700,มีคนขอรหัสยืนยัน บอกว่าเป็นแอดมินกลุ่ม 💸😅,suspicious,otp_risk,0.56,emoji,X/Twitter,0,0,0,1,0,0,0,0,41,emoji,พบคำเกี่ยวกับ OTP/ยืนยันตัวตน; มีสัญญาณเสี่ยงแต่หลักฐานยังไม่ชัด
1701,นัดรับหน้า หน้าโดม ได้ครับ สะดวกช่วงเย็น 🔥🥺,normal,tu_marketplace,0.07,emoji,LINE,0,0,0,0,0,0,0,0,43,emoji,บริบททั่วไปหรือมีการนัดรับ/ตรวจสอบได้
1702,ขอเลขบัญชีพร้อมเพย์หน่อยครับ จะโอนค่าชีท 📌💬 inbox ได้,normal,tu_marketplace,0.05,thai_english_mix,Discord,0,0,1,0,1,0,0,0,53,emoji,มีบริบทเกี่ยวกับเงิน/โอน/บัญชี; บริบททั่วไปหรือมีการนัดรับ/ตรวจสอบได้
1703,รุ่นพี่ฝากบอกให้โอนค่าชีทด่วนนน ไม่งั้นหมดสิทธิ์ ส่งในกลุ่มได้เลย,scam,tu_scam,0.92,slang,Facebook Group,0,0,0,0,1,1,0,0,65,repeat_chars,มีคำเร่งเร้า; มีบริบทเกี่ยวกับเงิน/โอน/บัญชี
1704, ไม่สะดวกนัดรับ  ขอส่งอย่างเดียว  โอนก่อนส่งนะ ,suspicious,marketplace_risk,0.58,emoji,TU Marketplace,0,0,0,0,1,0,0,0,47,spacing_noise,มีบริบทเกี่ยวกับเงิน/โอน/บัญชี; มีสัญญาณเสี่ยงแต่หลักฐานยังไม่ชัด
1705,ขายหนังสือ CS222 มือสอง นัดรับ ประตูเชียงราก ได้ pls,normal,tu_marketplace,0.17,casual,Discord,0,0,0,0,0,0,0,0,52,thai_english_mix,บริบททั่วไปหรือมีการนัดรับ/ตรวจสอบได้
1706,ระบบ TU แจ้งเตือน ให้ update password ผ่าน bit.ly/example_fake ด่วน 🙏,scam,phishing,0.85,formal,SMS,1,0,0,0,0,1,0,0,69,emoji,มีลิงก์หรือการชวนคลิกลิงก์; มีคำเร่งเร้า
1707,มีใครขายชีท CS254 บ้างครับ 💸🚨,normal,tu_general,0.12,thai_english_mix,IG DM,0,0,0,0,0,0,0,0,29,emoji,บริบททั่วไปหรือมีการนัดรับ/ตรวจสอบได้
1708,งานออนไลน์รายได้สูงมาก ไม่ต้องสัมภาษณ์ แค่ทักแชท 😅📌,suspicious,job_risk,0.53,short_message,IG DM,0,0,0,0,1,0,0,1,51,emoji,มีบริบทเกี่ยวกับเงิน/โอน/บัญชี; มีบริบทสมัครงาน/รายได้; มีสัญญาณเสี่ยงแต่หลักฐานยังไม่ชัด
1709,คุณได้รับสิทธิ์ทุนพิเศษ โอนค่าดำเนินการ 1500 บาทก่อนรับทุน 🙏😅 ส่งในกลุ่มได้เลย,scam,fake_scholarship,0.83,short_message,Email,0,0,0,0,1,0,1,0,78,emoji,มีบริบทเกี่ยวกับเงิน/โอน/บัญชี
1710, คุณได้รับสิทธิ์ทุนพิเศษ  โอนค่าดำเนินการ  200  บาทก่อนรับทุน ,scam,fake_scholarship,0.87,thai_english_mix,Facebook Group,0,0,0,0,1,0,1,0,62,spacing_noise,มีบริบทเกี่ยวกับเงิน/โอน/บัญชี
1711,รหัสยืนยันถูกส่งไปแล้ว กรุณาแจ้งรหัสภายใน 5 นาที now,scam,otp,0.86,slang,Facebook Group,0,0,0,1,0,1,0,0,52,thai_english_mix,พบคำเกี่ยวกับ OTP/ยืนยันตัวตน; มีคำเร่งเร้า
1712,รับทุนการศึกษาเร่งด่วน กรอกข้อมูลและเลขบัญชีที่ example.invalid/verify ส่งในกลุ่มได้เลย,scam,fake_scholarship,0.89,slang,TU Marketplace,1,0,1,1,1,1,1,0,87,none,พบคำเกี่ยวกับ OTP/ยืนยันตัวตน; มีลิงก์หรือการชวนคลิกลิงก์; มีคำเร่งเร้า; มีบริบทเกี่ยวกับเงิน/โอน/บัญชี
1713,โปรไฟล์ใหม่มาก แต่บอกว่าเป็นเจ้าหน้าที่มหาลัย line: @fakeid,suspicious,impersonation_risk,0.52,formal,IG DM,0,0,0,0,0,0,0,0,59,none,มีสัญญาณเสี่ยงแต่หลักฐานยังไม่ชัด
1714,ส่งเลขบัญชีมา เดี๋ยวโอนค่าหนังสือให้ครับ 🔥✅,normal,tu_marketplace,0.18,short_message,LINE,0,0,1,0,1,0,0,0,43,emoji,มีบริบทเกี่ยวกับเงิน/โอน/บัญชี; บริบททั่วไปหรือมีการนัดรับ/ตรวจสอบได้
1715,แอดมินคณะขอค่าจองสิทธิ์สอบ โอนมาที่ บัญชี xxx123 ภายในวันนี้,scam,tu_scam,0.86,thai_english_mix,IG DM,0,0,1,0,1,1,0,0,60,none,มีคำเร่งเร้า; มีบริบทเกี่ยวกับเงิน/โอน/บัญชี
1716,ใครเจอบัตรนักศึกษาที่ SC3 ทักมาหน่อยครับ ⚠️🚨,normal,tu_general,0.03,formal,TU Marketplace,0,0,0,0,0,0,0,0,44,emoji,บริบททั่วไปหรือมีการนัดรับ/ตรวจสอบได้
1717,ขายหนังสือ CS222 มือสอง นัดรับ บร.2 ได้ ทัก DM,normal,tu_marketplace,0.11,thai_english_mix,Discord,0,0,0,0,0,0,0,0,46,typo,บริบททั่วไปหรือมีการนัดรับ/ตรวจสอบได้
1718,ใครเจอบัตรนักศึกษาที่ SC3 ทักมาหน่อยครับ 😅🔥,normal,tu_general,0.22,formal,Discord,0,0,0,0,0,0,0,0,43,emoji,บริบททั่วไปหรือมีการนัดรับ/ตรวจสอบได้
1719, ขายหนังสือ  CS222  มือสอง  นัดรับ  คณะวิทย์  ได้ ,normal,tu_marketplace,0.18,formal,TU Marketplace,0,0,0,0,0,0,0,0,50,spacing_noise,บริบททั่วไปหรือมีการนัดรับ/ตรวจสอบได้
1720,ทักไลน์อย่างเดียวครับ ไม่ค่อยตอบในกลุ่ม ok?,suspicious,marketplace_risk,0.56,emoji,TU Marketplace,0,0,0,0,0,0,0,0,43,thai_english_mix,มีสัญญาณเสี่ยงแต่หลักฐานยังไม่ชัด
1721,มีคนจองหลายคน ถ้าเอาโอนมัดจำมาก่อนได้เลย 💬👍,suspicious,marketplace_risk,0.6,formal,IG DM,0,0,0,0,1,0,0,0,43,emoji,มีบริบทเกี่ยวกับเงิน/โอน/บัญชี; มีสัญญาณเสี่ยงแต่หลักฐานยังไม่ชัด
1722,รับทุนการศึกษาเร่งด่วน กรอกข้อมูลและเลขบัญชีที่ forms.example.invalid/fake now,scam,fake_scholarship,0.9,short_message,IG DM,1,0,1,0,1,1,1,0,78,thai_english_mix,มีลิงก์หรือการชวนคลิกลิงก์; มีคำเร่งเร้า; มีบริบทเกี่ยวกับเงิน/โอน/บัญชี
1723, คุณได้รับสิทธิ์ทุนพิเศษ  โอนค่าดำเนินการ  1000  บาทก่อนรับทุน ,scam,fake_scholarship,0.86,casual,IG DM,0,0,0,0,1,0,1,0,63,spacing_noise,มีบริบทเกี่ยวกับเงิน/โอน/บัญชี
1724,ร้านกาแฟแถวรังสิตรับพาร์ทไทม์ ชั่วโมงละ 60 บาท มีสัมภาษณ์หน้าร้าน 🚨,normal,tu_job_real,0.06,short_message,LINE,0,0,0,0,1,0,0,1,67,emoji,มีบริบทเกี่ยวกับเงิน/โอน/บัญชี; มีบริบทสมัครงาน/รายได้; บริบททั่วไปหรือมีการนัดรับ/ตรวจสอบได้
1725,หอพักแถวเชียงรากเดือนละไม่เกิน 3500 มีแนะนำไหม ส่งในกลุ่มได้เลย,normal,tu_general,0.17,slang,Email,0,0,0,0,0,0,0,0,63,none,บริบททั่วไปหรือมีการนัดรับ/ตรวจสอบได้
1726,รับหิ้วของจากญี่ปุ่น สนใจทักได้ นัดรับได้ในมอ ส่งในกลุ่มได้เลย,normal,tu_general,0.19,short_message,Discord,0,0,0,0,0,0,0,0,62,none,บริบททั่วไปหรือมีการนัดรับ/ตรวจสอบได้
1727,อาจารย์ส่ง link zoom ใน classroom แล้วนะ 📌‼️,normal,meeting,0.05,short_message,TU Marketplace,1,0,0,0,0,0,0,0,44,emoji,มีลิงก์หรือการชวนคลิกลิงก์; บริบททั่วไปหรือมีการนัดรับ/ตรวจสอบได้
1728,ขอแนวข้อสอบ SC135 หน่อยครับ line: @fakeid,normal,tu_general,0.06,short_message,Discord,0,0,0,0,0,0,0,0,41,none,บริบททั่วไปหรือมีการนัดรับ/ตรวจสอบได้
1729,มีคนขอรหัสยืนยัน บอกว่าเป็นแอดมินกลุ่ม,suspicious,otp_risk,0.54,formal,X/Twitter,0,0,0,1,0,0,0,0,38,none,พบคำเกี่ยวกับ OTP/ยืนยันตัวตน; มีสัญญาณเสี่ยงแต่หลักฐานยังไม่ชัด
1730,โอนมัดจำค่าหอ 300 บาทได้ไหมครับ ⚠️,normal,tu_marketplace,0.03,casual,X/Twitter,0,0,0,0,1,0,0,0,34,emoji,มีบริบทเกี่ยวกับเงิน/โอน/บัญชี; บริบททั่วไปหรือมีการนัดรับ/ตรวจสอบได้
1731,นัดรับหน้า โรงอาหารกลาง ได้ครับ สะดวกช่วงเย็น ✨,normal,tu_marketplace,0.11,casual,Facebook Group,0,0,0,0,0,0,0,0,47,emoji,บริบททั่วไปหรือมีการนัดรับ/ตรวจสอบได้
1732,โอนเต็มก่อนเท่านั้น ไม่รับนัด ไม่รับวิดีโอคอล 👍🙏 line: @fakeid,scam,marketplace_scam,0.83,slang,Web Form,0,0,0,0,1,0,0,0,62,emoji,มีบริบทเกี่ยวกับเงิน/โอน/บัญชี
1733,พัสดุติดปัญหา ชำระค่าธรรมเนียมที่ bit.ly/example_fake เพื่อรับของ 🙏📌,scam,delivery_scam,0.92,formal,Web Form,1,0,0,0,0,0,0,0,68,emoji,มีลิงก์หรือการชวนคลิกลิงก์
1734,พัสดุติดปัญหา ชำระค่าธรรมเนียมที่ bit.ly/example_fake เพื่อรับของ,scam,delivery_scam,0.99,short_message,Discord,1,0,0,0,0,0,0,0,65,none,มีลิงก์หรือการชวนคลิกลิงก์
1735,รีบโอนก่อนนะ เหลือคนเดียวแล้ว ✅👍,suspicious,marketplace_risk,0.73,casual,Web Form,0,0,0,0,1,1,0,0,32,emoji,มีคำเร่งเร้า; มีบริบทเกี่ยวกับเงิน/โอน/บัญชี; มีสัญญาณเสี่ยงแต่หลักฐานยังไม่ชัด
1736,วันนี้ห้องเรียน คณะวิทย์ เปิดไหมครับ 📌🔥 inbox ได้,normal,tu_general,0.27,short_message,LINE,0,0,0,0,0,0,0,0,49,emoji,บริบททั่วไปหรือมีการนัดรับ/ตรวจสอบได้
1737,กดลิงก์รับเงินคืนค่าธรรมเนียมการศึกษา tu-form.example.invalid inbox ได้,scam,refund_scam,0.98,short_message,Facebook Group,1,0,0,0,1,0,1,0,71,repeat_chars,มีลิงก์หรือการชวนคลิกลิงก์; มีบริบทเกี่ยวกับเงิน/โอน/บัญชี
1738,ใครเจอบัตรนักศึกษาที่ SC3 ทักมาหน่อยครับ 🔥,normal,tu_general,0.13,slang,IG DM,0,0,0,0,0,0,0,0,42,emoji,บริบททั่วไปหรือมีการนัดรับ/ตรวจสอบได้
1739,สมัครงาน  part-time  online  จ่ายค่าสมัครก่อน  500  แล้วเริ่มงานได้เลย,scam,job_scam,0.92,formal,TU Marketplace,0,0,0,0,0,0,0,1,70,spacing_noise,มีบริบทสมัครงาน/รายได้
1740,กดลิงก์รับเงินคืนค่าธรรมเนียมการศึกษา [URL] ‼️💬,scam,refund_scam,0.91,formal,Discord,1,0,0,0,1,0,1,0,47,emoji,มีลิงก์หรือการชวนคลิกลิงก์; มีบริบทเกี่ยวกับเงิน/โอน/บัญชี
1741,เจ้าหน้าที่มหาลัยขอ username password เพื่อตรวจสอบสถานะ ✨‼️,scam,impersonation,0.89,short_message,X/Twitter,0,0,0,0,0,0,0,0,59,emoji,
1742,บัญชีคุณถูกระงับ กรุณายืนยันตัวตนทันทีที่ forms.example.invalid/fake ⚠️,scam,phishing,0.98,casual,IG DM,1,0,1,1,0,1,0,0,71,emoji,พบคำเกี่ยวกับ OTP/ยืนยันตัวตน; มีลิงก์หรือการชวนคลิกลิงก์; มีคำเร่งเร้า
1743,บอกว่ามีทุนพิเศษแต่ต้องรีบกรอกข้อมูล ✨,suspicious,tu_scam_risk,0.6,formal,Facebook Group,0,0,0,0,1,1,1,0,38,emoji,มีคำเร่งเร้า; มีบริบทเกี่ยวกับเงิน/โอน/บัญชี; มีสัญญาณเสี่ยงแต่หลักฐานยังไม่ชัด
1744,หอพักแถวเชียงรากเดือนละไม่เกิน 5000 มีแนะนำไหม 🙏🥺,normal,tu_general,0.24,short_message,LINE,0,0,0,0,0,0,0,0,49,emoji,บริบททั่วไปหรือมีการนัดรับ/ตรวจสอบได้
1745,โปรไฟล์ใหม่มาก แต่บอกว่าเป็นเจ้าหน้าที่มหาลัย 💬😅,suspicious,impersonation_risk,0.63,casual,LINE,0,0,0,0,0,0,0,0,48,emoji,มีสัญญาณเสี่ยงแต่หลักฐานยังไม่ชัด
1746,หาคนช่วยงานอีเวนต์ในมอ มีรายละเอียดงานและสถานที่ชัดเจน ok? inbox ได้,normal,tu_job_real,0.09,slang,IG DM,0,0,0,0,0,0,0,1,68,thai_english_mix,มีบริบทสมัครงาน/รายได้; บริบททั่วไปหรือมีการนัดรับ/ตรวจสอบได้
1747,สมัครงานง่ายๆ ได้เงินเร็ว แต่ต้องจ่ายค่าสมัครก่อน DM me inbox ได้,suspicious,job_risk,0.57,casual,Discord,0,0,0,0,1,0,0,1,65,thai_english_mix,มีบริบทเกี่ยวกับเงิน/โอน/บัญชี; มีบริบทสมัครงาน/รายได้; มีสัญญาณเสี่ยงแต่หลักฐานยังไม่ชัด
1748,ส่งเลขบัญชีมา เดี๋ยวโอนค่าหนังสือให้ครับ 💸,normal,tu_marketplace,0.19,short_message,Facebook Group,0,0,1,0,1,0,0,0,42,emoji,มีบริบทเกี่ยวกับเงิน/โอน/บัญชี; บริบททั่วไปหรือมีการนัดรับ/ตรวจสอบได้
1749,ของถูกมาก แต่ต้องจองภายในวันนี้ pls,suspicious,marketplace_risk,0.55,formal,Web Form,0,0,0,0,0,1,0,0,35,thai_english_mix,มีคำเร่งเร้า; มีสัญญาณเสี่ยงแต่หลักฐานยังไม่ชัด
1750,คุณได้รับสิทธิ์ทุนพิเศษ โอนค่าดำเนินการ 300 บาทก่อนรับทุน ‼️,scam,fake_scholarship,0.95,formal,Email,0,0,0,0,1,0,1,0,60,emoji,มีบริบทเกี่ยวกับเงิน/โอน/บัญชี
1751,ขอแนวข้อสอบ TU100 หน่อยครับ 💸,normal,tu_general,0.24,emoji,Email,0,0,0,0,0,0,0,0,29,emoji,บริบททั่วไปหรือมีการนัดรับ/ตรวจสอบได้
1752, กดลิงก์รับเงินคืนค่าธรรมเนียมการศึกษา  bit.ly/example_fake ,scam,refund_scam,0.9,formal,IG DM,1,0,0,0,1,0,1,0,60,spacing_noise,มีลิงก์หรือการชวนคลิกลิงก์; มีบริบทเกี่ยวกับเงิน/โอน/บัญชี
1753,ทักไลน์อย่างเดียวครับ ไม่ค่อยตอบในกลุ่ม ⚠️ ทัก DM,suspicious,marketplace_risk,0.67,thai_english_mix,Discord,0,0,0,0,0,0,0,0,49,emoji,มีสัญญาณเสี่ยงแต่หลักฐานยังไม่ชัด
1754,Your account has been suspended verify now [URL],scam,phishing,0.89,short_message,IG DM,1,0,0,1,0,1,0,0,48,typo,พบคำเกี่ยวกับ OTP/ยืนยันตัวตน; มีลิงก์หรือการชวนคลิกลิงก์; มีคำเร่งเร้า
1755,รับทุนการศึกษาเร่งด่วน  กรอกข้อมูลและเลขบัญชีที่  example.invalid/verify ทัก DM,scam,fake_scholarship,0.8,formal,Email,1,0,1,1,1,1,1,0,79,spacing_noise,พบคำเกี่ยวกับ OTP/ยืนยันตัวตน; มีลิงก์หรือการชวนคลิกลิงก์; มีคำเร่งเร้า; มีบริบทเกี่ยวกับเงิน/โอน/บัญชี
1756,คุณได้รับสิทธิ์ทุนพิเศษ โอนค่าดำเนินการ 100 บาทก่อนรับทุน now,scam,fake_scholarship,0.94,thai_english_mix,TU Marketplace,0,0,0,0,1,1,1,0,61,thai_english_mix,มีคำเร่งเร้า; มีบริบทเกี่ยวกับเงิน/โอน/บัญชี
1757,มีคนจองหลายคน ถ้าเอาโอนมัดจำมาก่อนได้เลย 👍,suspicious,marketplace_risk,0.63,casual,Email,0,0,0,0,1,0,0,0,42,emoji,มีบริบทเกี่ยวกับเงิน/โอน/บัญชี; มีสัญญาณเสี่ยงแต่หลักฐานยังไม่ชัด
1758,หาคนช่วยงานอีเวนต์ในมอ มีรายละเอียดงานและสถานที่ชัดเจน 🙏‼️,normal,tu_job_real,0.1,emoji,Discord,0,0,0,0,0,0,0,1,58,emoji,มีบริบทสมัครงาน/รายได้; บริบททั่วไปหรือมีการนัดรับ/ตรวจสอบได้
1759,อาจารย์ส่ง link zoom ใน classroom แล้วนะ 📌,normal,meeting,0.3,slang,LINE,1,0,0,0,0,0,0,0,42,emoji,มีลิงก์หรือการชวนคลิกลิงก์; บริบททั่วไปหรือมีการนัดรับ/ตรวจสอบได้
1760,ทักไลน์อย่างเดียวครับ ไม่ค่อยตอบในกลุ่ม 🥺✨,suspicious,marketplace_risk,0.61,slang,Facebook Group,0,0,0,0,0,0,0,0,42,emoji,มีสัญญาณเสี่ยงแต่หลักฐานยังไม่ชัด
1761,บอกว่ามีทุนพิเศษแต่ต้องรีบกรอกข้อมูล pls line: @fakeid,suspicious,tu_scam_risk,0.59,thai_english_mix,TU Marketplace,0,0,0,0,1,1,1,0,54,thai_english_mix,มีคำเร่งเร้า; มีบริบทเกี่ยวกับเงิน/โอน/บัญชี; มีสัญญาณเสี่ยงแต่หลักฐานยังไม่ชัด
1762,แอดมินคณะขอค่าจองสิทธิ์สอบ โอนมาที่ บัญชี xxx123 ภายในวันนี้ 🙏,scam,tu_scam,0.93,slang,Discord,0,0,1,0,1,1,0,0,62,emoji,มีคำเร่งเร้า; มีบริบทเกี่ยวกับเงิน/โอน/บัญชี
1763,บอกว่ามีทุนพิเศษแต่ต้องรีบกรอกข้อมูล pls,suspicious,tu_scam_risk,0.72,emoji,LINE,0,0,0,0,1,1,1,0,40,thai_english_mix,มีคำเร่งเร้า; มีบริบทเกี่ยวกับเงิน/โอน/บัญชี; มีสัญญาณเสี่ยงแต่หลักฐานยังไม่ชัด
1764,แอดมินคณะขอค่าจองสิทธิ์สอบ โอนมาที่ xxx-x-xxxxx-x ภายในวันนี้ DM me ส่งในกลุ่มได้เลย,scam,tu_scam,0.8,emoji,Web Form,0,0,1,0,1,1,0,0,84,thai_english_mix,มีคำเร่งเร้า; มีบริบทเกี่ยวกับเงิน/โอน/บัญชี
1765,รุ่นพี่ฝากบอกให้โอนค่าชีทด่วน ไม่งั้นหมดสิทธิ์ 🚨💸,scam,tu_scam,0.94,emoji,Email,0,0,0,0,1,1,0,0,49,emoji,มีคำเร่งเร้า; มีบริบทเกี่ยวกับเงิน/โอน/บัญชี
1766,ขอแนวข้อสอบ CS254 หน่อยครับ 🥺✅ line: @fakeid,normal,tu_general,0.27,short_message,LINE,0,0,0,0,0,0,0,0,44,emoji,บริบททั่วไปหรือมีการนัดรับ/ตรวจสอบได้
1767,รหัสยืนยันถูกส่งไปแล้ว กรุณาแจ้งรหัสภายใน 5 นาที ⚠️,scam,otp,0.9,slang,Web Form,0,0,0,1,0,1,0,0,51,emoji,พบคำเกี่ยวกับ OTP/ยืนยันตัวตน; มีคำเร่งเร้า
1768,ทักไลน์อย่างเดียวคับ ไม่ค่อยตอบในกลุ่ม,suspicious,marketplace_risk,0.73,thai_english_mix,Email,0,0,0,0,0,0,0,0,38,typo,มีสัญญาณเสี่ยงแต่หลักฐานยังไม่ชัด
1769,ทักไลน์อย่างเดียวครับ ไม่ค่อยตอบในกลุ่ม 👍 line: @fakeid,suspicious,marketplace_risk,0.48,emoji,IG DM,0,0,0,0,0,0,0,0,55,emoji,มีสัญญาณเสี่ยงแต่หลักฐานยังไม่ชัด
1770,งานออนไลน์รายได้สูงมาก ไม่ต้องสัมภาษณ์ แค่ทักแชท ‼️✨,suspicious,job_risk,0.48,short_message,SMS,0,0,0,0,1,0,0,1,52,emoji,มีบริบทเกี่ยวกับเงิน/โอน/บัญชี; มีบริบทสมัครงาน/รายได้; มีสัญญาณเสี่ยงแต่หลักฐานยังไม่ชัด
1771,หาคนช่วยงานอีเวนต์ในมอ มีรายละเอียดงานและสถานที่ชัดเจน verify pls line: @fakeid,normal,tu_job_real,0.06,emoji,Web Form,0,0,0,1,0,0,0,1,79,thai_english_mix,พบคำเกี่ยวกับ OTP/ยืนยันตัวตน; มีบริบทสมัครงาน/รายได้; บริบททั่วไปหรือมีการนัดรับ/ตรวจสอบได้
1772,รีบโอนก่อนนะ เหลือคนเดียวแล้ว 💸 ส่งในกลุ่มได้เลย,suspicious,marketplace_risk,0.75,emoji,Web Form,0,0,0,0,1,1,0,0,48,emoji,มีคำเร่งเร้า; มีบริบทเกี่ยวกับเงิน/โอน/บัญชี; มีสัญญาณเสี่ยงแต่หลักฐานยังไม่ชัด
1773,เจ้าหน้าที่มหาลัยขอ username password เพื่อตรวจสอบสถานะ ✨📌,scam,impersonation,0.86,emoji,TU Marketplace,0,0,0,0,0,0,0,0,58,emoji,
1774,ส่งเลขบัญชีมา เดี๋ยวโอนค่าหนังสือให้ครับ 📌😅,normal,tu_marketplace,0.25,emoji,Facebook Group,0,0,1,0,1,0,0,0,43,emoji,มีบริบทเกี่ยวกับเงิน/โอน/บัญชี; บริบททั่วไปหรือมีการนัดรับ/ตรวจสอบได้
1775,ประกาศจากคณะให้กรอกแบบประเมินรายวิชาในระบบทางการ 😅,normal,admin_real,0.04,emoji,X/Twitter,0,0,0,0,0,0,0,0,50,emoji,บริบททั่วไปหรือมีการนัดรับ/ตรวจสอบได้
1776,สมัครงาน part-time online จ่ายค่าสมัครก่อน 200 แล้วเริ่มงานได้เลย ASAP inbox ได้,scam,job_scam,0.83,formal,IG DM,0,0,0,0,0,0,0,1,80,thai_english_mix,มีบริบทสมัครงาน/รายได้
1777,คุณได้รับสิทธิ์ทุนพิเศษ โอนค่าดำเนินการ 500 บาทก่อนรับทุน inbox ได้,scam,fake_scholarship,0.97,thai_english_mix,IG DM,0,0,0,0,1,0,1,0,67,none,มีบริบทเกี่ยวกับเงิน/โอน/บัญชี
1778,วันนี้ห้องเรียน หอสมุดป๋วย เปิดไหมครับ ‼️,normal,tu_general,0.13,short_message,Email,0,0,0,0,0,0,0,0,41,emoji,บริบททั่วไปหรือมีการนัดรับ/ตรวจสอบได้
1779,งานออนไลน์ได้เงินวันละ 5000 ไม่ต้องสัมภาษณ์ สมัครด่วน 📌,scam,job_scam,0.86,casual,TU Marketplace,0,0,0,0,1,1,0,1,55,emoji,มีคำเร่งเร้า; มีบริบทเกี่ยวกับเงิน/โอน/บัญชี; มีบริบทสมัครงาน/รายได้
1780,ขายหนังสือ  CS251  มือสอง  นัดรับ  หอสมุดป๋วย  ได้,normal,tu_marketplace,0.21,slang,Email,0,0,0,0,0,0,0,0,50,spacing_noise,บริบททั่วไปหรือมีการนัดรับ/ตรวจสอบได้
1781, รับทุนการศึกษาเร่งด่วน  กรอกข้อมูลและเลขบัญชีที่  forms.example.invalid/fake ,scam,fake_scholarship,0.92,casual,IG DM,1,0,1,0,1,1,1,0,78,spacing_noise,มีลิงก์หรือการชวนคลิกลิงก์; มีคำเร่งเร้า; มีบริบทเกี่ยวกับเงิน/โอน/บัญชี
1782, งานออนไลน์รายได้สูงมาก  ไม่ต้องสัมภาษณ์  แค่ทักแชท  inbox ได้,suspicious,job_risk,0.75,slang,SMS,0,0,0,0,1,0,0,1,62,spacing_noise,มีบริบทเกี่ยวกับเงิน/โอน/บัญชี; มีบริบทสมัครงาน/รายได้; มีสัญญาณเสี่ยงแต่หลักฐานยังไม่ชัด
1783,ทักไลน์อย่างเดียวครับ ไม่ค่อยตอบในกลุ่ม 😅⚠️ line: @fakeid,suspicious,marketplace_risk,0.54,emoji,LINE,0,0,0,0,0,0,0,0,57,emoji,มีสัญญาณเสี่ยงแต่หลักฐานยังไม่ชัด
1784,เจ้าหน้าที่มหาลัยขอ username password เพื่อตรวจสอบสถานะ 📌🥺,scam,impersonation,0.96,short_message,Web Form,0,0,0,0,0,0,0,0,58,emoji,
1785,อาจารย์ส่ง link zoom ใน classroom แล้วนะ ASAP ส่งในกลุ่มได้เลย,normal,meeting,0.22,short_message,Email,1,0,0,0,0,0,0,0,62,thai_english_mix,มีลิงก์หรือการชวนคลิกลิงก์; บริบททั่วไปหรือมีการนัดรับ/ตรวจสอบได้
1786,โอนมัดจำค่าหอ 200 บาทได้ไหมครับ ส่งในกลุ่มได้เลย,normal,tu_marketplace,0.19,emoji,LINE,0,0,0,0,1,0,0,0,48,none,มีบริบทเกี่ยวกับเงิน/โอน/บัญชี; บริบททั่วไปหรือมีการนัดรับ/ตรวจสอบได้
1787,ระบบ TU แจ้งเตือน ให้ update password ผ่าน bit.ly/example_fake ด่วน 🥺✨,scam,phishing,0.88,casual,LINE,1,0,0,0,0,1,0,0,70,emoji,มีลิงก์หรือการชวนคลิกลิงก์; มีคำเร่งเร้า
1788,นัดรับหน้า ประตูเชียงราก ได้ครับ สะดวกช่วงเย็น 💸,normal,tu_marketplace,0.15,short_message,SMS,0,0,0,0,0,0,0,0,48,emoji,บริบททั่วไปหรือมีการนัดรับ/ตรวจสอบได้
1789,ทักไลน์อย่างเดียวครับ ไม่ค่อยตอบในกลุ่ม 🔥⚠️,suspicious,marketplace_risk,0.66,emoji,Discord,0,0,0,0,0,0,0,0,43,emoji,มีสัญญาณเสี่ยงแต่หลักฐานยังไม่ชัด
1790,รีบโอนก่อนนะ เหลือคนเดียวแล้ว 😅🚨,suspicious,marketplace_risk,0.7,formal,Discord,0,0,0,0,1,1,0,0,32,emoji,มีคำเร่งเร้า; มีบริบทเกี่ยวกับเงิน/โอน/บัญชี; มีสัญญาณเสี่ยงแต่หลักฐานยังไม่ชัด
1791,โอนมัดจำค่าหอ 100 บาทได้ไหมครับ 🥺😅,normal,tu_marketplace,0.04,thai_english_mix,Facebook Group,0,0,0,0,1,0,0,0,34,emoji,มีบริบทเกี่ยวกับเงิน/โอน/บัญชี; บริบททั่วไปหรือมีการนัดรับ/ตรวจสอบได้
1792,รับซื้อเครื่องคิดเลขมือสอง ขอราคาไม่แรง 🚨🥺,normal,tu_marketplace,0.2,emoji,TU Marketplace,0,0,0,0,0,0,0,0,42,emoji,บริบททั่วไปหรือมีการนัดรับ/ตรวจสอบได้
1793,วันนี้ห้องเรียน หอสมุดป๋วย เปิดไหมครับ 🥺⚠️,normal,tu_general,0.16,slang,X/Twitter,0,0,0,0,0,0,0,0,42,emoji,บริบททั่วไปหรือมีการนัดรับ/ตรวจสอบได้
1794,ใครเจอบัตรนักศึกษาที่ โรงอาหารกลาง ทักมาหน่อยครับ 🚨,normal,tu_general,0.24,casual,Discord,0,0,0,0,0,0,0,0,51,emoji,บริบททั่วไปหรือมีการนัดรับ/ตรวจสอบได้
1795,มีลิงก์ให้กรอกข้อมูลเพื่อรับสิทธิ์ ลองเช็คก่อนนะ 💬💸,suspicious,phishing_risk,0.61,casual,Facebook Group,1,0,0,0,0,0,0,0,51,emoji,มีลิงก์หรือการชวนคลิกลิงก์; มีสัญญาณเสี่ยงแต่หลักฐานยังไม่ชัด
1796,มีใครขายชีท CS332 บ้างครับ 🥺‼️,normal,tu_general,0.05,short_message,LINE,0,0,0,0,0,0,0,0,30,emoji,บริบททั่วไปหรือมีการนัดรับ/ตรวจสอบได้
1797,job online รายได้สูง ไม่ต้องมีประสบการณ์ โอนค่าประกันก่อนเริ่มงาน 👍😅,scam,job_scam,0.94,slang,X/Twitter,0,0,0,0,1,0,0,1,68,emoji,มีบริบทเกี่ยวกับเงิน/โอน/บัญชี; มีบริบทสมัครงาน/รายได้
1798,อ้างว่าเป็นรุ่นพี่คณะ ขอให้โอนเงินช่วยจองสิทธิ์ 📌🚨,suspicious,tu_scam_risk,0.58,formal,Discord,0,0,0,0,1,0,0,0,50,emoji,มีบริบทเกี่ยวกับเงิน/โอน/บัญชี; มีสัญญาณเสี่ยงแต่หลักฐานยังไม่ชัด
1799,มีคนขอรหัสยืนยัน บอกว่าเป็นแอดมินกลุ่ม 🥺👍,suspicious,otp_risk,0.46,slang,Discord,0,0,0,1,0,0,0,0,41,emoji,พบคำเกี่ยวกับ OTP/ยืนยันตัวตน; มีสัญญาณเสี่ยงแต่หลักฐานยังไม่ชัด
1800,มีลิงก์ให้กรอกข้อมูลเพื่อรับสิทธิ์ ลองเช็คก่อนนะ 👍🥺,suspicious,phishing_risk,0.71,emoji,Discord,1,0,0,0,0,0,0,0,51,emoji,มีลิงก์หรือการชวนคลิกลิงก์; มีสัญญาณเสี่ยงแต่หลักฐานยังไม่ชัด
1801,ส่งเลขบัญชีมา เดี๋ยวโอนค่าหนังสือให้ครับ ‼️🥺,normal,tu_marketplace,0.03,thai_english_mix,Discord,0,0,1,0,1,0,0,0,44,emoji,มีบริบทเกี่ยวกับเงิน/โอน/บัญชี; บริบททั่วไปหรือมีการนัดรับ/ตรวจสอบได้
1802,รับทุนการศึกษาเร่งด่วน กรอกข้อมูลและเลขบัญชีที่ bit.ly/example_fake 💬📌,scam,fake_scholarship,0.81,slang,IG DM,1,0,1,0,1,1,1,0,70,emoji,มีลิงก์หรือการชวนคลิกลิงก์; มีคำเร่งเร้า; มีบริบทเกี่ยวกับเงิน/โอน/บัญชี
1803,วันนี้ห้องเรียน หอสมุดป๋วย เปิดไหมครับ ✅,normal,tu_general,0.04,casual,X/Twitter,0,0,0,0,0,0,0,0,40,emoji,บริบททั่วไปหรือมีการนัดรับ/ตรวจสอบได้
1804,สมัครงาน part-time online จ่ายค่าสมัครก่อน 1000 แล้วเริ่มงานได้เลย 📌,scam,job_scam,0.84,casual,LINE,0,0,0,0,0,0,0,1,68,emoji,มีบริบทสมัครงาน/รายได้
1805,ขาย iPad ใช้เรียน นัดรับในมอได้ เช็คของก่อนจ่าย 📌😅,normal,tu_marketplace,0.2,casual,Web Form,0,0,0,0,0,0,0,0,50,emoji,บริบททั่วไปหรือมีการนัดรับ/ตรวจสอบได้
1806,กรุณายืนยัน OTP เพื่อปลดล็อกบัญชีทันที 🥺✅,scam,otp,0.95,slang,Email,0,0,1,1,0,1,0,0,41,emoji,พบคำเกี่ยวกับ OTP/ยืนยันตัวตน; มีคำเร่งเร้า
1807,โอนมัดจำค่าหอ 200 บาทได้ไหมครับ 📌,normal,tu_marketplace,0.19,slang,Email,0,0,0,0,1,0,0,0,33,emoji,มีบริบทเกี่ยวกับเงิน/โอน/บัญชี; บริบททั่วไปหรือมีการนัดรับ/ตรวจสอบได้
1808,ร้านกาแฟแถวรังสิตรับพาร์ทไทม์ ชั่วโมงละ 50 บาท มีสัมภาษณ์หน้าร้าน verify pls,normal,tu_job_real,0.08,thai_english_mix,Discord,0,0,0,1,1,0,0,1,76,thai_english_mix,พบคำเกี่ยวกับ OTP/ยืนยันตัวตน; มีบริบทเกี่ยวกับเงิน/โอน/บัญชี; มีบริบทสมัครงาน/รายได้; บริบททั่วไปหรือมีการนัดรับ/ตรวจสอบได้
1809,ขอโอนเต็มก่อน เดี๋ยวส่งเลขพัสดุให้ 😅 inbox ได้,suspicious,marketplace_risk,0.73,formal,Discord,0,0,0,0,1,0,0,0,46,emoji,มีบริบทเกี่ยวกับเงิน/โอน/บัญชี; มีสัญญาณเสี่ยงแต่หลักฐานยังไม่ชัด
1810,โอนมัดจำค่าหอ 1000 บาทได้ไหมครับ inbox ได้,normal,tu_marketplace,0.25,casual,Web Form,0,0,0,0,1,0,0,0,42,none,มีบริบทเกี่ยวกับเงิน/โอน/บัญชี; บริบททั่วไปหรือมีการนัดรับ/ตรวจสอบได้
1811,พัสดุติดปัญหา ชำระค่าธรรมเนียมที่ tu-form.example.invalid เพื่อรับของ 👍‼️,scam,delivery_scam,0.97,emoji,Facebook Group,1,0,0,0,0,0,0,0,73,emoji,มีลิงก์หรือการชวนคลิกลิงก์
1812,ของถูกมาก แต่ต้องจองภายในวันนี้ verify pls,suspicious,marketplace_risk,0.7,emoji,X/Twitter,0,0,0,1,0,1,0,0,42,thai_english_mix,พบคำเกี่ยวกับ OTP/ยืนยันตัวตน; มีคำเร่งเร้า; มีสัญญาณเสี่ยงแต่หลักฐานยังไม่ชัด
1813,หอพักแถวเชียงรากเดือนละไม่เกิน 3500 มีแนะนำไหม inbox ได้,normal,tu_general,0.21,thai_english_mix,TU Marketplace,0,0,0,0,0,0,0,0,56,none,บริบททั่วไปหรือมีการนัดรับ/ตรวจสอบได้
1814,คุณได้รับสิทธิ์ทุนพิเศษ โอนค่าดำเนินการ 1000 บาทก่อนรับทุน 💸,scam,fake_scholarship,0.96,thai_english_mix,LINE,0,0,0,0,1,0,1,0,60,emoji,มีบริบทเกี่ยวกับเงิน/โอน/บัญชี
1815, คลิกลิงก์นี้เพื่อยืนยันบัญชีนักศึกษา  [URL] ,scam,phishing,0.83,emoji,Web Form,1,0,1,0,0,0,0,0,45,spacing_noise,มีลิงก์หรือการชวนคลิกลิงก์
1816,ระบบแจ้งให้ยืนยันข้อมูลบางอย่างภายในวันนี้ verify pls,suspicious,phishing_risk,0.54,casual,SMS,0,0,0,1,0,1,0,0,53,thai_english_mix,พบคำเกี่ยวกับ OTP/ยืนยันตัวตน; มีคำเร่งเร้า; มีสัญญาณเสี่ยงแต่หลักฐานยังไม่ชัด
1817,โปรไฟล์ใหม่มาก แต่บอกว่าเป็นเจ้าหน้าที่มหาลัย 💬,suspicious,impersonation_risk,0.64,short_message,IG DM,0,0,0,0,0,0,0,0,47,emoji,มีสัญญาณเสี่ยงแต่หลักฐานยังไม่ชัด
1818,โอนมัดจำค่าหอ 300 บาทได้ไหมครับ 👍🙏,normal,tu_marketplace,0.28,thai_english_mix,Discord,0,0,0,0,1,0,0,0,34,emoji,มีบริบทเกี่ยวกับเงิน/โอน/บัญชี; บริบททั่วไปหรือมีการนัดรับ/ตรวจสอบได้
1819,นัดรับหน้า ประตูเชียงราก ได้ครับ สะดวกช่วงเย็น,normal,tu_marketplace,0.24,emoji,TU Marketplace,0,0,0,0,0,0,0,0,46,none,บริบททั่วไปหรือมีการนัดรับ/ตรวจสอบได้
1820,มีคนขอรหัสยืนยัน บอกว่าเป็นแอดมินกลุ่ม 👍💸,suspicious,otp_risk,0.59,thai_english_mix,LINE,0,0,0,1,0,0,0,0,41,emoji,พบคำเกี่ยวกับ OTP/ยืนยันตัวตน; มีสัญญาณเสี่ยงแต่หลักฐานยังไม่ชัด
1821,ราคาถูกกว่าปกติมาก แต่ไม่ให้วิดีโอคอลดูของ DM me inbox ได้,suspicious,marketplace_risk,0.68,casual,Discord,0,0,0,0,0,0,0,0,58,thai_english_mix,มีสัญญาณเสี่ยงแต่หลักฐานยังไม่ชัด
1822, รับซื้อเครื่องคิดเลขมือสอง  ขอราคาไม่แรง  ทัก DM,normal,tu_marketplace,0.28,casual,Web Form,0,0,0,0,0,0,0,0,49,spacing_noise,บริบททั่วไปหรือมีการนัดรับ/ตรวจสอบได้
1823,โอนเต็มก่อนเท่านั้น ไม่รับนัด ไม่รับวิดีโอคอล 🔥💬 line: @fakeid,scam,marketplace_scam,0.92,casual,SMS,0,0,0,0,1,0,0,0,62,emoji,มีบริบทเกี่ยวกับเงิน/โอน/บัญชี
1824,แอดมินคณะขอค่าจองสิทธิ์สอบ โอนมาที่ xxx-x-xxxxx-x ภายในวันนี้ 💸📌,scam,tu_scam,0.81,casual,Facebook Group,0,0,1,0,1,1,0,0,64,emoji,มีคำเร่งเร้า; มีบริบทเกี่ยวกับเงิน/โอน/บัญชี
1825,โอนเต็มก่อนเท่านั้น ไม่รับนัด ไม่รับวิดีโอคอล ส่งในกลุ่มได้เลย,scam,marketplace_scam,0.9,short_message,LINE,0,0,0,0,1,0,0,0,62,none,มีบริบทเกี่ยวกับเงิน/โอน/บัญชี
1826,มีลิงก์ให้กรอกข้อมูลเพื่อรับสิทธิ์ ลองเช็คก่อนนะ 👍💸,suspicious,phishing_risk,0.6,casual,X/Twitter,1,0,0,0,0,0,0,0,51,emoji,มีลิงก์หรือการชวนคลิกลิงก์; มีสัญญาณเสี่ยงแต่หลักฐานยังไม่ชัด
1827,ขอโอนเต็มก่อน เด๋วส่งเลขพัสดุให้ line: @fakeid,suspicious,marketplace_risk,0.73,slang,Facebook Group,0,0,0,0,1,0,0,0,46,typo,มีบริบทเกี่ยวกับเงิน/โอน/บัญชี; มีสัญญาณเสี่ยงแต่หลักฐานยังไม่ชัด
1828,รุ่นพี่ฝากบอกให้โอนค่าชีทด่วน ไม่งั้นหมดสิทธิ์ 😅,scam,tu_scam,0.95,thai_english_mix,TU Marketplace,0,0,0,0,1,1,0,0,48,emoji,มีคำเร่งเร้า; มีบริบทเกี่ยวกับเงิน/โอน/บัญชี
1829,รับซื้อเครื่องคิดเลขมือสอง ขอราคาไม่แรง ASAP,normal,tu_marketplace,0.17,slang,SMS,0,0,0,0,0,0,0,0,44,thai_english_mix,บริบททั่วไปหรือมีการนัดรับ/ตรวจสอบได้
1830,ร้านกาแฟแถวรังสิตรับพาร์ทไทม์ ชั่วโมงละ 80 บาท มีสัมภาษณ์หน้าร้าน 😅 ส่งในกลุ่มได้เลย,normal,tu_job_real,0.22,emoji,SMS,0,0,0,0,1,0,0,1,84,emoji,มีบริบทเกี่ยวกับเงิน/โอน/บัญชี; มีบริบทสมัครงาน/รายได้; บริบททั่วไปหรือมีการนัดรับ/ตรวจสอบได้
1831,ไม่สะดวกนัดรับ ขอส่งอย่างเดียว โอนก่อนส่งนะ ทัก DM,suspicious,marketplace_risk,0.65,casual,Facebook Group,0,0,0,0,1,0,0,0,50,none,มีบริบทเกี่ยวกับเงิน/โอน/บัญชี; มีสัญญาณเสี่ยงแต่หลักฐานยังไม่ชัด
1832,รับซื้อเครื่องคิดเลขมือสอง ขอราคาไม่แรง 🚨💬,normal,tu_marketplace,0.27,slang,LINE,0,0,0,0,0,0,0,0,42,emoji,บริบททั่วไปหรือมีการนัดรับ/ตรวจสอบได้
1833,คุณได้รับสิทธิ์ทุนพิเศษ โอนค่าดำเนินการ 1000 บาทก่อนรับทุน 😅,scam,fake_scholarship,0.87,short_message,SMS,0,0,0,0,1,0,1,0,60,emoji,มีบริบทเกี่ยวกับเงิน/โอน/บัญชี
1834,ใครเจอบัตรนักศึกษาที่ หอสมุดป๋วย ทักมาหน่อยครับ,normal,tu_general,0.26,slang,SMS,0,0,0,0,0,0,0,0,47,typo,บริบททั่วไปหรือมีการนัดรับ/ตรวจสอบได้
1835,คลิกลิงก์นี้เพื่อยืนยันบัญชีนักศึกษา [URL] line: @fakeid,scam,phishing,0.84,casual,Discord,1,0,1,0,0,0,0,0,56,none,มีลิงก์หรือการชวนคลิกลิงก์
1836,กดลิงก์รับเงินคืนค่าธรรมเนียมการศึกษา  example.invalid/verify,scam,refund_scam,0.9,slang,LINE,1,0,0,1,1,0,1,0,61,spacing_noise,พบคำเกี่ยวกับ OTP/ยืนยันตัวตน; มีลิงก์หรือการชวนคลิกลิงก์; มีบริบทเกี่ยวกับเงิน/โอน/บัญชี
1837,โปรไฟล์ใหม่มาก แต่บอกว่าเป็นเจ้าหน้าที่มหาลัย 🚨📌 ทัก DM,suspicious,impersonation_risk,0.47,thai_english_mix,Facebook Group,0,0,0,0,0,0,0,0,55,emoji,มีสัญญาณเสี่ยงแต่หลักฐานยังไม่ชัด
1838,อ้างว่าเป็นรุ่นพี่คณะ ขอให้โอนเงินช่วยจองสิทธิ์ 😅 ทัก DM,suspicious,tu_scam_risk,0.46,short_message,IG DM,0,0,0,0,1,0,0,0,56,emoji,มีบริบทเกี่ยวกับเงิน/โอน/บัญชี; มีสัญญาณเสี่ยงแต่หลักฐานยังไม่ชัด
1839,อาจารย์ส่ง link zoom ใน classroom แล้วนะ 🥺😅,normal,meeting,0.28,thai_english_mix,Web Form,1,0,0,0,0,0,0,0,43,emoji,มีลิงก์หรือการชวนคลิกลิงก์; บริบททั่วไปหรือมีการนัดรับ/ตรวจสอบได้
1840,งานออนไลน์ได้เงินวันละ 5000 ไม่ต้องสัมภาษณ์ สมัครด่วน ok? ส่งในกลุ่มได้เลย,scam,job_scam,0.89,formal,Discord,0,0,0,0,1,1,0,1,74,thai_english_mix,มีคำเร่งเร้า; มีบริบทเกี่ยวกับเงิน/โอน/บัญชี; มีบริบทสมัครงาน/รายได้
1841,ทักไลน์อย่างเดียวครับ ไม่ค่อยตอบในกลุ่ม ✅🙏,suspicious,marketplace_risk,0.58,casual,TU Marketplace,0,0,0,0,0,0,0,0,42,emoji,มีสัญญาณเสี่ยงแต่หลักฐานยังไม่ชัด
1842,รีบโอนก่อนนะ เหลือคนเดียวแล้ว ⚠️✅ ทัก DM,suspicious,marketplace_risk,0.58,emoji,Discord,0,0,0,0,1,1,0,0,40,emoji,มีคำเร่งเร้า; มีบริบทเกี่ยวกับเงิน/โอน/บัญชี; มีสัญญาณเสี่ยงแต่หลักฐานยังไม่ชัด
1843,คลิกลิงก์นี้เพื่อยืนยันบัญชีนักศึกษา example.invalid/verify DM me,scam,phishing,0.89,slang,TU Marketplace,1,0,1,1,0,0,0,0,65,thai_english_mix,พบคำเกี่ยวกับ OTP/ยืนยันตัวตน; มีลิงก์หรือการชวนคลิกลิงก์
1844,กดลิงก์รับเงินคืนค่าธรรมเนียมการศึกษา  bit.ly/example_fake,scam,refund_scam,0.8,formal,TU Marketplace,1,0,0,0,1,0,1,0,58,spacing_noise,มีลิงก์หรือการชวนคลิกลิงก์; มีบริบทเกี่ยวกับเงิน/โอน/บัญชี
1845,มีใครขายชีท CS222 บ้างครับ ‼️✅ inbox ได้,normal,tu_general,0.21,thai_english_mix,SMS,0,0,0,0,0,0,0,0,40,emoji,บริบททั่วไปหรือมีการนัดรับ/ตรวจสอบได้
1846,มีคนจองหลายคน ถ้าเอาโอนมัดจำมาก่อนได้เลย 💸,suspicious,marketplace_risk,0.66,casual,Email,0,0,0,0,1,0,0,0,42,emoji,มีบริบทเกี่ยวกับเงิน/โอน/บัญชี; มีสัญญาณเสี่ยงแต่หลักฐานยังไม่ชัด
1847,ขายหนังสือ CS222 มือสอง นัดรับ SC3 ได้,normal,tu_marketplace,0.27,formal,LINE,0,0,0,0,0,0,0,0,38,none,บริบททั่วไปหรือมีการนัดรับ/ตรวจสอบได้
1848,รับหิ้วของจากญี่ปุ่น สนใจทักได้ นัดรับได้ในมอ ASAP ทัก DM,normal,tu_general,0.12,emoji,Discord,0,0,0,0,0,0,0,0,57,thai_english_mix,บริบททั่วไปหรือมีการนัดรับ/ตรวจสอบได้
1849,ใครเจอบัตรนักศึกษาที่ BRT ทักมาหน่อยครับ pls,normal,tu_general,0.24,formal,Email,0,0,0,0,0,0,0,0,44,thai_english_mix,บริบททั่วไปหรือมีการนัดรับ/ตรวจสอบได้
1850,ส่งเลขบัญชีมา เดี๋ยวโอนค่าหนังสือให้ครับ 🚨,normal,tu_marketplace,0.11,thai_english_mix,IG DM,0,0,1,0,1,0,0,0,42,emoji,มีบริบทเกี่ยวกับเงิน/โอน/บัญชี; บริบททั่วไปหรือมีการนัดรับ/ตรวจสอบได้
1851,กดลิงก์รับเงินคืนค่าธรรมเนียมการศึกษา forms.example.invalid/fake ✨ ทัก DM,scam,refund_scam,0.88,short_message,Email,1,0,0,0,1,0,1,0,73,emoji,มีลิงก์หรือการชวนคลิกลิงก์; มีบริบทเกี่ยวกับเงิน/โอน/บัญชี
1852,ใครเจอบัตรนักศึกษาที่ บร.2 ทักมาหน่อยครับ 🥺,normal,tu_general,0.12,thai_english_mix,X/Twitter,0,0,0,0,0,0,0,0,43,emoji,บริบททั่วไปหรือมีการนัดรับ/ตรวจสอบได้
1853,ราคาถูกกว่าปกติมาก แต่ไม่ให้วิดีโอคอลดูของ 🥺‼️,suspicious,marketplace_risk,0.64,formal,Facebook Group,0,0,0,0,0,0,0,0,46,emoji,มีสัญญาณเสี่ยงแต่หลักฐานยังไม่ชัด
1854,กดลิงก์รับเงินคืนค่าธรรมเนียมการศึกษา forms.example.invalid/fake 📌‼️,scam,refund_scam,0.82,emoji,Email,1,0,0,0,1,0,1,0,68,emoji,มีลิงก์หรือการชวนคลิกลิงก์; มีบริบทเกี่ยวกับเงิน/โอน/บัญชี
1855,มีใครขายชีท SC135 บ้างครับ pls,normal,tu_general,0.27,thai_english_mix,SMS,0,0,0,0,0,0,0,0,30,thai_english_mix,บริบททั่วไปหรือมีการนัดรับ/ตรวจสอบได้
1856,บัญชีนี้ของแฟนเราเอง ปลอดภัยแน่นอน โอนมาเลย pls,scam,marketplace_scam,0.8,slang,SMS,0,0,1,0,1,0,0,0,47,thai_english_mix,มีบริบทเกี่ยวกับเงิน/โอน/บัญชี
1857,มีคนขอรหัสยืนยัน บอกว่าเป็นแอดมินกลุ่ม 🙏💸,suspicious,otp_risk,0.56,formal,TU Marketplace,0,0,0,1,0,0,0,0,41,emoji,พบคำเกี่ยวกับ OTP/ยืนยันตัวตน; มีสัญญาณเสี่ยงแต่หลักฐานยังไม่ชัด
1858,ระบบแจ้งให้ยืนยันข้อมูลบางอย่างภายในวันนี้ 📌✨,suspicious,phishing_risk,0.57,emoji,Facebook Group,0,0,0,0,0,1,0,0,45,emoji,มีคำเร่งเร้า; มีสัญญาณเสี่ยงแต่หลักฐานยังไม่ชัด
1859,ขอโอนเต็มก่อน เดี๋ยวส่งเลขพัสดุให้ 💸🚨,suspicious,marketplace_risk,0.49,slang,IG DM,0,0,0,0,1,0,0,0,37,emoji,มีบริบทเกี่ยวกับเงิน/โอน/บัญชี; มีสัญญาณเสี่ยงแต่หลักฐานยังไม่ชัด
1860,ของอยู่ต่างจังหวัด โอนก่อนส่งเท่านั้น ราคาพิเศษถึงวันนี้ ✅🚨,scam,marketplace_scam,0.94,casual,IG DM,0,0,0,0,1,0,0,0,59,emoji,มีบริบทเกี่ยวกับเงิน/โอน/บัญชี
1861,งานออนไลน์ได้เงินวันละ 3000 ไม่ต้องสัมภาษณ์ สมัครด่วน 🔥 line: @fakeid,scam,job_scam,0.84,emoji,Facebook Group,0,0,0,0,1,1,0,1,69,emoji,มีคำเร่งเร้า; มีบริบทเกี่ยวกับเงิน/โอน/บัญชี; มีบริบทสมัครงาน/รายได้
1862,นัดรับหน้า คณะวิทย์ ได้คับ สะดวกช่วงเย็น,normal,tu_marketplace,0.28,emoji,LINE,0,0,0,0,0,0,0,0,40,typo,บริบททั่วไปหรือมีการนัดรับ/ตรวจสอบได้
1863,ขายหนังสือ CS332 มือสอง นัดรับ ประตูเชียงราก ได้ 🙏,normal,tu_marketplace,0.16,slang,SMS,0,0,0,0,0,0,0,0,50,emoji,บริบททั่วไปหรือมีการนัดรับ/ตรวจสอบได้
1864,นัดรับหน้า หน้าโดม ได้ครับ สะดวกช่วงเย็น ‼️✨,normal,tu_marketplace,0.08,short_message,SMS,0,0,0,0,0,0,0,0,44,emoji,บริบททั่วไปหรือมีการนัดรับ/ตรวจสอบได้
1865,ขายหนังสือ TU100 มือสอง นัดรับ หอสมุดป๋วย ได้ ส่งในกลุ่มได้เลย,normal,tu_marketplace,0.27,slang,LINE,0,0,0,0,0,0,0,0,62,none,บริบททั่วไปหรือมีการนัดรับ/ตรวจสอบได้
1866,รีบโอนก่อนนะ เหลือคนเดียวแล้ว ASAP line: @fakeid,suspicious,marketplace_risk,0.71,slang,LINE,0,0,0,0,1,1,0,0,48,thai_english_mix,มีคำเร่งเร้า; มีบริบทเกี่ยวกับเงิน/โอน/บัญชี; มีสัญญาณเสี่ยงแต่หลักฐานยังไม่ชัด
1867,สมักงาน part-time online จ่ายค่าสมัครก่อน 200 แล้วเริ่มงานได้เลย ทัก DM,scam,job_scam,0.95,slang,Facebook Group,0,0,0,0,0,0,0,1,71,typo,มีบริบทสมัครงาน/รายได้
1868,มีคนจองหลายคน ถ้าเอาโอนมัดจำมาก่อนได้เลย ASAP inbox ได้,suspicious,marketplace_risk,0.49,casual,TU Marketplace,0,0,0,0,1,0,0,0,55,thai_english_mix,มีบริบทเกี่ยวกับเงิน/โอน/บัญชี; มีสัญญาณเสี่ยงแต่หลักฐานยังไม่ชัด
1869,กดลิ้งรับเงินคืนค่าธรรมเนียมการศึกษา bit.ly/example_fake,scam,refund_scam,0.9,thai_english_mix,Web Form,1,0,0,0,1,0,1,0,56,typo,มีลิงก์หรือการชวนคลิกลิงก์; มีบริบทเกี่ยวกับเงิน/โอน/บัญชี
1870,ระบบ TU แจ้งเตือน ให้ update password ผ่าน tu-form.example.invalid ด่วน 💬🥺 ส่งในกลุ่มได้เลย,scam,phishing,0.91,short_message,Discord,1,0,0,0,0,1,0,0,91,emoji,มีลิงก์หรือการชวนคลิกลิงก์; มีคำเร่งเร้า
1871,Your account has been suspended verify now example.invalid/verify 🥺🙏,scam,phishing,0.92,formal,Email,1,0,0,1,0,1,0,0,68,emoji,พบคำเกี่ยวกับ OTP/ยืนยันตัวตน; มีลิงก์หรือการชวนคลิกลิงก์; มีคำเร่งเร้า
1872,วันนี้ห้องเรียน  อาคารเรียนรวม  เปิดไหมครับ,normal,tu_general,0.18,emoji,Web Form,0,0,0,0,0,0,0,0,43,spacing_noise,บริบททั่วไปหรือมีการนัดรับ/ตรวจสอบได้
1873,job online รายได้สูง ไม่ต้องมีประสบการณ์ โอนค่าประกันก่อนเริ่มงาน ส่งในกลุ่มได้เลย,scam,job_scam,0.96,emoji,TU Marketplace,0,0,0,0,1,0,0,1,82,none,มีบริบทเกี่ยวกับเงิน/โอน/บัญชี; มีบริบทสมัครงาน/รายได้
1874, สมัครงาน  part-time  online  จ่ายค่าสมัครก่อน  200  แล้วเริ่มงานได้เลย ,scam,job_scam,0.92,short_message,Web Form,0,0,0,0,0,0,0,1,72,spacing_noise,มีบริบทสมัครงาน/รายได้
1875,ระบบแจ้งให้ยืนยันข้อมูลบางอย่างภายในวันนี้ ⚠️😅 inbox ได้,suspicious,phishing_risk,0.71,thai_english_mix,X/Twitter,0,0,0,0,0,1,0,0,56,emoji,มีคำเร่งเร้า; มีสัญญาณเสี่ยงแต่หลักฐานยังไม่ชัด
1876, ของถูกมาก  แต่ต้องจองภายในวันนี้  inbox ได้,suspicious,marketplace_risk,0.51,emoji,SMS,0,0,0,0,0,1,0,0,44,spacing_noise,มีคำเร่งเร้า; มีสัญญาณเสี่ยงแต่หลักฐานยังไม่ชัด
1877,มีใครขายชีท SC135 บ้างครับ verify pls,normal,tu_general,0.2,casual,TU Marketplace,0,0,0,1,0,0,0,0,37,thai_english_mix,พบคำเกี่ยวกับ OTP/ยืนยันตัวตน; บริบททั่วไปหรือมีการนัดรับ/ตรวจสอบได้
1878,"งานออนไลน์ได้เงินวันละ 10,000 ไม่ต้องสัมภาษณ์ สมัครด่วน 💬‼️",scam,job_scam,0.85,slang,LINE,0,0,0,0,1,1,0,1,59,emoji,มีคำเร่งเร้า; มีบริบทเกี่ยวกับเงิน/โอน/บัญชี; มีบริบทสมัครงาน/รายได้
1879, ระบบแจ้งให้ยืนยันข้อมูลบางอย่างภายในวันนี้  ทัก DM,suspicious,phishing_risk,0.54,short_message,Email,0,0,0,0,0,1,0,0,51,spacing_noise,มีคำเร่งเร้า; มีสัญญาณเสี่ยงแต่หลักฐานยังไม่ชัด
1880,โอนเต็มก่อนเท่านั้น ไม่รับนัด ไม่รับวิดีโอคอล ✨⚠️,scam,marketplace_scam,0.86,casual,IG DM,0,0,0,0,1,0,0,0,49,emoji,มีบริบทเกี่ยวกับเงิน/โอน/บัญชี
1881,รีบโอนก่อนนะ เหลือคนเดียวแล้ว ✅,suspicious,marketplace_risk,0.46,casual,TU Marketplace,0,0,0,0,1,1,0,0,31,emoji,มีคำเร่งเร้า; มีบริบทเกี่ยวกับเงิน/โอน/บัญชี; มีสัญญาณเสี่ยงแต่หลักฐานยังไม่ชัด
1882,job online รายได้สูง ไม่ต้องมีประสบการณ์ โอนนค่าประกันก่อนเริ่มงาน ส่งในกลุ่มได้เลย,scam,job_scam,0.87,thai_english_mix,TU Marketplace,0,0,0,0,1,0,0,1,83,typo,มีบริบทเกี่ยวกับเงิน/โอน/บัญชี; มีบริบทสมัครงาน/รายได้
1883,วันนี้ห้องเรียน อาคารเรียนรวม เปิดไหมครับ pls ส่งในกลุ่มได้เลย,normal,tu_general,0.15,emoji,IG DM,0,0,0,0,0,0,0,0,62,thai_english_mix,บริบททั่วไปหรือมีการนัดรับ/ตรวจสอบได้
1884,งานออนไลน์รายได้สูงมาก ไม่ต้องสัมภาษณ์ แค่ทักแชท 🚨⚠️,suspicious,job_risk,0.6,short_message,Facebook Group,0,0,0,0,1,0,0,1,52,emoji,มีบริบทเกี่ยวกับเงิน/โอน/บัญชี; มีบริบทสมัครงาน/รายได้; มีสัญญาณเสี่ยงแต่หลักฐานยังไม่ชัด
1885,ไม่สะดวกนัดรับ ขอส่งอย่างเดียว โอนก่อนส่งนะ verify pls,suspicious,marketplace_risk,0.57,casual,IG DM,0,0,0,1,1,0,0,0,54,thai_english_mix,พบคำเกี่ยวกับ OTP/ยืนยันตัวตน; มีบริบทเกี่ยวกับเงิน/โอน/บัญชี; มีสัญญาณเสี่ยงแต่หลักฐานยังไม่ชัด
1886,บอกว่ามีทุนพิเศษแต่ต้องรีบกรอกข้อมูล 📌✅,suspicious,tu_scam_risk,0.7,thai_english_mix,SMS,0,0,0,0,1,1,1,0,39,emoji,มีคำเร่งเร้า; มีบริบทเกี่ยวกับเงิน/โอน/บัญชี; มีสัญญาณเสี่ยงแต่หลักฐานยังไม่ชัด
1887,ขาย  iPad  ใช้เรียน  นัดรับในมอได้  เช็คของก่อนจ่าย,normal,tu_marketplace,0.25,short_message,Discord,0,0,0,0,0,0,0,0,51,spacing_noise,บริบททั่วไปหรือมีการนัดรับ/ตรวจสอบได้
1888,มีใครขายชีท TU100 บ้างครับ ทัก DM,normal,tu_general,0.13,thai_english_mix,Discord,0,0,0,0,0,0,0,0,33,none,บริบททั่วไปหรือมีการนัดรับ/ตรวจสอบได้
1889,ร้านกาแฟแถวรังสิตรับพาร์ทไทม์ ชั่วโมงละ 80 บาท มีสัมภาษณ์หน้าร้าน inbox ได้,normal,tu_job_real,0.1,slang,Facebook Group,0,0,0,0,1,0,0,1,75,none,มีบริบทเกี่ยวกับเงิน/โอน/บัญชี; มีบริบทสมัครงาน/รายได้; บริบททั่วไปหรือมีการนัดรับ/ตรวจสอบได้
1890,ขอแนวข้อสอบ TU100 หน่อยครับ ทัก DM,normal,tu_general,0.03,short_message,Email,0,0,0,0,0,0,0,0,34,none,บริบททั่วไปหรือมีการนัดรับ/ตรวจสอบได้
1891,บัญชีนี้ของแฟนเราเอง ปลอดภัยแน่นอน โอนมาเลย 🙏🔥,scam,marketplace_scam,0.93,formal,Discord,0,0,1,0,1,0,0,0,46,emoji,มีบริบทเกี่ยวกับเงิน/โอน/บัญชี
1892,วันนี้ห้องเรียน หอสมุดป๋วย เปิดไหมครับ 💬✅,normal,tu_general,0.23,formal,SMS,0,0,0,0,0,0,0,0,41,emoji,บริบททั่วไปหรือมีการนัดรับ/ตรวจสอบได้
1893,มีลิงก์ให้กรอกข้อมูลเพื่อรับสิทธิ์ ลองเช็คก่อนนะ inbox ได้,suspicious,phishing_risk,0.74,thai_english_mix,Discord,1,0,0,0,0,0,0,0,58,none,มีลิงก์หรือการชวนคลิกลิงก์; มีสัญญาณเสี่ยงแต่หลักฐานยังไม่ชัด
1894,ทักไลน์อย่างเดียวครับ ไม่ค่อยตอบในกลุ่ม ok? line: @fakeid,suspicious,marketplace_risk,0.49,casual,IG DM,0,0,0,0,0,0,0,0,57,thai_english_mix,มีสัญญาณเสี่ยงแต่หลักฐานยังไม่ชัด
1895,ประกาศจากคณะให้กรอกแบบประเมินรายวิชาในระบบทางการ DM me,normal,admin_real,0.12,short_message,Email,0,0,0,0,0,0,0,0,54,thai_english_mix,บริบททั่วไปหรือมีการนัดรับ/ตรวจสอบได้
1896,job online รายได้สูง ไม่ต้องมีประสบการณ์ โอนค่าประกันก่อนเริ่มงาน 💸,scam,job_scam,0.81,thai_english_mix,Discord,0,0,0,0,1,0,0,1,67,emoji,มีบริบทเกี่ยวกับเงิน/โอน/บัญชี; มีบริบทสมัครงาน/รายได้
1897,โอนเต็มก่อนเท่านั้น ไม่รับนัด ไม่รับวิดีโอคอล 🙏⚠️,scam,marketplace_scam,0.96,casual,SMS,0,0,0,0,1,0,0,0,49,emoji,มีบริบทเกี่ยวกับเงิน/โอน/บัญชี
1898,วันนี้ห้องเรียน SC3 เปิดไหมครับ ok? ส่งในกลุ่มได้เลย,normal,tu_general,0.02,formal,LINE,0,0,0,0,0,0,0,0,52,thai_english_mix,บริบททั่วไปหรือมีการนัดรับ/ตรวจสอบได้
1899,บัญชีคุณถูกระงับ กรุณายืนยันตัวตนทันทีที่ [URL] ‼️,scam,phishing,0.96,formal,Email,1,0,1,1,0,1,0,0,50,emoji,พบคำเกี่ยวกับ OTP/ยืนยันตัวตน; มีลิงก์หรือการชวนคลิกลิงก์; มีคำเร่งเร้า
1900,หอพักแถวเชียงรากเดือนละไม่เกิน 3500 มีแนะนำไหม 📌😅,normal,tu_general,0.26,emoji,Web Form,0,0,0,0,0,0,0,0,49,emoji,บริบททั่วไปหรือมีการนัดรับ/ตรวจสอบได้
1901,พัสดุติดปัญหา ชำระค่าธรรมเนียมที่ [URL] เพื่อรับของ 😅,scam,delivery_scam,0.91,emoji,Email,1,0,0,0,0,0,0,0,53,emoji,มีลิงก์หรือการชวนคลิกลิงก์
1902,รับทุนการศึกษาเร่งด่วน กรอกข้อมูลและเลขบัญชีที่ example.invalid/verify ทัก DM,scam,fake_scholarship,0.91,formal,Web Form,1,0,1,1,1,1,1,0,77,none,พบคำเกี่ยวกับ OTP/ยืนยันตัวตน; มีลิงก์หรือการชวนคลิกลิงก์; มีคำเร่งเร้า; มีบริบทเกี่ยวกับเงิน/โอน/บัญชี
1903,ขอแนวข้อสอบ CS222 หน่อยครับ verify pls,normal,tu_general,0.08,casual,X/Twitter,0,0,0,1,0,0,0,0,38,thai_english_mix,พบคำเกี่ยวกับ OTP/ยืนยันตัวตน; บริบททั่วไปหรือมีการนัดรับ/ตรวจสอบได้
1904,แอดมินคณะขอค่าจองสิทธิ์สอบ โอนมาที่ พร้อมเพย์ 08x-xxx-xxxx ภายในวันนี้ 🥺,scam,tu_scam,0.89,short_message,Facebook Group,0,1,1,0,1,1,0,0,72,emoji,มีคำเร่งเร้า; มีบริบทเกี่ยวกับเงิน/โอน/บัญชี
1905,สมัครงานง่ายๆ ได้เงินเร็ว แต่ต้องจ่ายค่าสมัครก่อน ✨✅,suspicious,job_risk,0.5,thai_english_mix,TU Marketplace,0,0,0,0,1,0,0,1,52,emoji,มีบริบทเกี่ยวกับเงิน/โอน/บัญชี; มีบริบทสมัครงาน/รายได้; มีสัญญาณเสี่ยงแต่หลักฐานยังไม่ชัด
1906,รีบโอนก่อนนะ เหลือคนเดียวแล้ว 💬‼️,suspicious,marketplace_risk,0.52,emoji,SMS,0,0,0,0,1,1,0,0,33,emoji,มีคำเร่งเร้า; มีบริบทเกี่ยวกับเงิน/โอน/บัญชี; มีสัญญาณเสี่ยงแต่หลักฐานยังไม่ชัด
1907,งานออนไลน์รายได้สูงมาก ไม่ต้องสัมภาษณ์ แค่ทักแชท 🔥🥺,suspicious,job_risk,0.5,slang,TU Marketplace,0,0,0,0,1,0,0,1,51,emoji,มีบริบทเกี่ยวกับเงิน/โอน/บัญชี; มีบริบทสมัครงาน/รายได้; มีสัญญาณเสี่ยงแต่หลักฐานยังไม่ชัด
1908,กรุณายืนยัน OTP เพื่อปลดล็อกบชทันที,scam,otp,0.85,emoji,LINE,0,0,0,1,0,1,0,0,35,typo,พบคำเกี่ยวกับ OTP/ยืนยันตัวตน; มีคำเร่งเร้า
1909,ราคาถูกกว่าปกติมาก แต่ไม่ให้วิดีโอคอลดูของ ASAP ส่งในกลุ่มได้เลย,suspicious,marketplace_risk,0.72,emoji,Facebook Group,0,0,0,0,0,0,0,0,64,thai_english_mix,มีสัญญาณเสี่ยงแต่หลักฐานยังไม่ชัด
1910,รหัสยืนยันถูกส่งไปแล้ว กรุณาแจ้งรหัสภายใน 5 นาที 💸✨,scam,otp,0.84,emoji,Web Form,0,0,0,1,0,1,0,0,51,emoji,พบคำเกี่ยวกับ OTP/ยืนยันตัวตน; มีคำเร่งเร้า
1911,Your account has been suspended verify now forms.example.invalid/fake ✨⚠️,scam,phishing,0.87,formal,IG DM,1,0,0,1,0,1,0,0,73,emoji,พบคำเกี่ยวกับ OTP/ยืนยันตัวตน; มีลิงก์หรือการชวนคลิกลิงก์; มีคำเร่งเร้า
1912,มีคนจองหลายคน ถ้าเอาโอนมัดจำมาก่อนได้เลย 💸🔥,suspicious,marketplace_risk,0.49,slang,Facebook Group,0,0,0,0,1,0,0,0,43,emoji,มีบริบทเกี่ยวกับเงิน/โอน/บัญชี; มีสัญญาณเสี่ยงแต่หลักฐานยังไม่ชัด
1913,ขายหนังสือ TU100 มือสอง นัดรับ หน้าโดม ได้ line: @fakeid,normal,tu_marketplace,0.29,thai_english_mix,SMS,0,0,0,0,0,0,0,0,56,none,บริบททั่วไปหรือมีการนัดรับ/ตรวจสอบได้
1914,ขายหนังสือ  CS251  มือสอง  นัดรับ  SC3  ได้,normal,tu_marketplace,0.12,casual,Discord,0,0,0,0,0,0,0,0,43,spacing_noise,บริบททั่วไปหรือมีการนัดรับ/ตรวจสอบได้
1915,วันนี้ห้องเรียน อาคารเรียนรวม เปิดไหมครับ ✨,normal,tu_general,0.04,thai_english_mix,Discord,0,0,0,0,0,0,0,0,43,emoji,บริบททั่วไปหรือมีการนัดรับ/ตรวจสอบได้
1916,ขอแนวข้อสอบ EL171 หน่อยครับ 🔥,normal,tu_general,0.09,formal,Web Form,0,0,0,0,0,0,0,0,29,emoji,บริบททั่วไปหรือมีการนัดรับ/ตรวจสอบได้
1917,ขาย iPad ใช้เรียน นัดรับในมอได้ เช็คของก่อนจ่าย line: @fakeid,normal,tu_marketplace,0.19,casual,Web Form,0,0,0,0,0,0,0,0,61,none,บริบททั่วไปหรือมีการนัดรับ/ตรวจสอบได้
1918, หอพักแถวเชียงรากเดือนละไม่เกิน  5000  มีแนะนำไหม  ส่งในกลุ่มได้เลย,normal,tu_general,0.03,formal,Facebook Group,0,0,0,0,0,0,0,0,67,spacing_noise,บริบททั่วไปหรือมีการนัดรับ/ตรวจสอบได้
1919,ของถูกมาก แต่ต้องจองภายในวันนี้ ASAP,suspicious,marketplace_risk,0.46,casual,Discord,0,0,0,0,0,1,0,0,36,thai_english_mix,มีคำเร่งเร้า; มีสัญญาณเสี่ยงแต่หลักฐานยังไม่ชัด
1920,คลิกลิงก์นี้เพื่อยืนยันบัญชีนักศึกษา tu-form.example.invalid ทัก DM,scam,phishing,0.94,short_message,X/Twitter,1,0,1,0,0,0,0,0,67,none,มีลิงก์หรือการชวนคลิกลิงก์
1921,รับทุนการศึกษาเร่งด่วน กรอกข้อมูลและเลขบัญชีที่ bit.ly/example_fake pls,scam,fake_scholarship,0.8,slang,X/Twitter,1,0,1,0,1,1,1,0,71,thai_english_mix,มีลิงก์หรือการชวนคลิกลิงก์; มีคำเร่งเร้า; มีบริบทเกี่ยวกับเงิน/โอน/บัญชี
1922,โอนมัดจำค่าหอ 200 บาทได้ไหมครับ ⚠️‼️,normal,tu_marketplace,0.24,casual,SMS,0,0,0,0,1,0,0,0,36,emoji,มีบริบทเกี่ยวกับเงิน/โอน/บัญชี; บริบททั่วไปหรือมีการนัดรับ/ตรวจสอบได้
1923,ขาย iPad ใช้เรียน นัดรับในมอได้ เช็คของก่อนจ่าย 😅 line: @fakeid,normal,tu_marketplace,0.23,emoji,Email,0,0,0,0,0,0,0,0,63,emoji,บริบททั่วไปหรือมีการนัดรับ/ตรวจสอบได้
1924,พัสดุติดปัญหา ชำระค่าธรรมเนียมที่ [URL] เพื่อรับของ verify pls,scam,delivery_scam,0.92,formal,TU Marketplace,1,0,0,1,0,0,0,0,62,thai_english_mix,พบคำเกี่ยวกับ OTP/ยืนยันตัวตน; มีลิงก์หรือการชวนคลิกลิงก์
1925,คุณได้รับสิทธิ์ทุนพิเศษ  โอนค่าดำเนินการ  100  บาทก่อนรับทุน,scam,fake_scholarship,0.81,short_message,Web Form,0,0,0,0,1,0,1,0,60,spacing_noise,มีบริบทเกี่ยวกับเงิน/โอน/บัญชี
1926,ใครเจอบัตรนักศึกษาที่ คณะวิทย์ ทักมาหน่อยครับ ASAP ทัก DM,normal,tu_general,0.09,emoji,X/Twitter,0,0,0,0,0,0,0,0,57,thai_english_mix,บริบททั่วไปหรือมีการนัดรับ/ตรวจสอบได้
1927,โปรไฟล์ใหม่มาก แต่บอกว่าเป็นเจ้าหน้าที่มหาลัย 🔥,suspicious,impersonation_risk,0.74,short_message,IG DM,0,0,0,0,0,0,0,0,47,emoji,มีสัญญาณเสี่ยงแต่หลักฐานยังไม่ชัด
1928,หอพักแถวเชียงรากเดือนละไม่เกิน 4500 มีแนะนำไหม DM me,normal,tu_general,0.11,slang,X/Twitter,0,0,0,0,0,0,0,0,52,thai_english_mix,บริบททั่วไปหรือมีการนัดรับ/ตรวจสอบได้
1929,โปรไฟล์ใหม่มาก แต่บอกว่าเป็นเจ้าหน้าที่มหาลัย 🙏💬,suspicious,impersonation_risk,0.7,emoji,Email,0,0,0,0,0,0,0,0,48,emoji,มีสัญญาณเสี่ยงแต่หลักฐานยังไม่ชัด
1930,บัญชีคุณถูกระงับ กรุณายืนยันตัวตนทันทีที่ forms.example.invalid/fake verify pls,scam,phishing,0.86,emoji,X/Twitter,1,0,1,1,0,1,0,0,79,thai_english_mix,พบคำเกี่ยวกับ OTP/ยืนยันตัวตน; มีลิงก์หรือการชวนคลิกลิงก์; มีคำเร่งเร้า
1931,โปรไฟล์ใหม่มาก แต่บอกว่าเป็นเจ้าหน้าที่มหาลัย ✅💬,suspicious,impersonation_risk,0.47,short_message,X/Twitter,0,0,0,0,0,0,0,0,48,emoji,มีสัญญาณเสี่ยงแต่หลักฐานยังไม่ชัด
1932,โอนมัดจำค่าหอ  1500  บาทได้ไหมครับ ทัก DM,normal,tu_marketplace,0.1,formal,X/Twitter,0,0,0,0,1,0,0,0,41,spacing_noise,มีบริบทเกี่ยวกับเงิน/โอน/บัญชี; บริบททั่วไปหรือมีการนัดรับ/ตรวจสอบได้
1933,โอนมัดจำค่าหอ 300 บาทได้ไหมครับ ASAP,normal,tu_marketplace,0.07,emoji,TU Marketplace,0,0,0,0,1,0,0,0,36,thai_english_mix,มีบริบทเกี่ยวกับเงิน/โอน/บัญชี; บริบททั่วไปหรือมีการนัดรับ/ตรวจสอบได้
1934, หาคนช่วยงานอีเวนต์ในมอ  มีรายละเอียดงานและสถานที่ชัดเจน  ส่งในกลุ่มได้เลย,normal,tu_job_real,0.28,short_message,Web Form,0,0,0,0,0,0,0,1,74,spacing_noise,มีบริบทสมัครงาน/รายได้; บริบททั่วไปหรือมีการนัดรับ/ตรวจสอบได้
1935,รหัสยืนยันถูกส่งไปแล้ว กรุณาแจ้งรหัสภายใน 5 นาที 🥺✅,scam,otp,0.93,thai_english_mix,Web Form,0,0,0,1,0,1,0,0,51,emoji,พบคำเกี่ยวกับ OTP/ยืนยันตัวตน; มีคำเร่งเร้า
1936,คุณได้รับสิทธิ์ทุนพิเศษ โอนค่าดำเนินการ 500 บาทก่อนรับทุน verify pls,scam,fake_scholarship,0.85,emoji,SMS,0,0,0,1,1,0,1,0,68,thai_english_mix,พบคำเกี่ยวกับ OTP/ยืนยันตัวตน; มีบริบทเกี่ยวกับเงิน/โอน/บัญชี
1937,บัญชีคุณถูกระงับ กรุณายืนยันตัวตนทันทีที่ bit.ly/example_fake ✅🥺,scam,phishing,0.83,casual,Web Form,1,0,1,1,0,1,0,0,64,emoji,พบคำเกี่ยวกับ OTP/ยืนยันตัวตน; มีลิงก์หรือการชวนคลิกลิงก์; มีคำเร่งเร้า
1938,job online รายได้สูง ไม่ต้องมีประสบการณ์ โอนนค่าประกันก่อนเริ่มงาน ทัก DM,scam,job_scam,0.84,slang,TU Marketplace,0,0,0,0,1,0,0,1,73,typo,มีบริบทเกี่ยวกับเงิน/โอน/บัญชี; มีบริบทสมัครงาน/รายได้
1939,โอนเต็มก่อนเท่านั้น ไม่รับนัด ไม่รับวิดีโอคอล verify pls,scam,marketplace_scam,0.95,casual,Web Form,0,0,0,1,1,0,0,0,56,thai_english_mix,พบคำเกี่ยวกับ OTP/ยืนยันตัวตน; มีบริบทเกี่ยวกับเงิน/โอน/บัญชี
1940,ขายหนังสือ MA211 มือสอง นัดรับ หอสมุดป๋วย ได้ ทัก DM,normal,tu_marketplace,0.07,emoji,Email,0,0,0,0,0,0,0,0,52,none,บริบททั่วไปหรือมีการนัดรับ/ตรวจสอบได้
1941,ระบบ TU แจ้งเตือน ให้ update password ผ่าน tu-form.example.invalid ด่วน 🥺💬,scam,phishing,0.96,emoji,LINE,1,0,0,0,0,1,0,0,74,emoji,มีลิงก์หรือการชวนคลิกลิงก์; มีคำเร่งเร้า
1942,วันนี้ห้องเรียน หอสมุดป๋วย เปิดไหมครับ ส่งในกลุ่มได้เลย,normal,tu_general,0.29,emoji,IG DM,0,0,0,0,0,0,0,0,55,none,บริบททั่วไปหรือมีการนัดรับ/ตรวจสอบได้
1943,ระบบ  TU  แจ้งเตือน  ให้  update  password  ผ่าน  forms.example.invalid/fake  ด่วน,scam,phishing,0.81,formal,Facebook Group,1,0,0,0,0,1,0,0,82,spacing_noise,มีลิงก์หรือการชวนคลิกลิงก์; มีคำเร่งเร้า
1944,สมัครงานง่ายๆ ได้เงินเร็ว แต่ต้องจ่ายค่าสมัครก่อน 👍🚨,suspicious,job_risk,0.54,slang,SMS,0,0,0,0,1,0,0,1,52,emoji,มีบริบทเกี่ยวกับเงิน/โอน/บัญชี; มีบริบทสมัครงาน/รายได้; มีสัญญาณเสี่ยงแต่หลักฐานยังไม่ชัด
1945,วันนี้ห้องเรียน อาคารเรียนรวม เปิดไหมครับ verify pls,normal,tu_general,0.28,short_message,IG DM,0,0,0,1,0,0,0,0,52,thai_english_mix,พบคำเกี่ยวกับ OTP/ยืนยันตัวตน; บริบททั่วไปหรือมีการนัดรับ/ตรวจสอบได้
1946,มีคนจองหลายคน ถ้าเอาโอนมัดจำมาก่อนได้เลย 🔥🥺,suspicious,marketplace_risk,0.52,emoji,X/Twitter,0,0,0,0,1,0,0,0,43,emoji,มีบริบทเกี่ยวกับเงิน/โอน/บัญชี; มีสัญญาณเสี่ยงแต่หลักฐานยังไม่ชัด
1947,พัสดุติดปัญหา ชำระค่าธรรมเนียมที่ example.invalid/verify เพื่อรับของ ส่งในกลุ่มได้เลย,scam,delivery_scam,0.94,emoji,Email,1,0,0,1,0,0,0,0,85,none,พบคำเกี่ยวกับ OTP/ยืนยันตัวตน; มีลิงก์หรือการชวนคลิกลิงก์
1948,รับซื้อเครื่องคิดเลขมือสอง ขอราคาไม่แรง verify pls,normal,tu_marketplace,0.22,thai_english_mix,TU Marketplace,0,0,0,1,0,0,0,0,50,thai_english_mix,พบคำเกี่ยวกับ OTP/ยืนยันตัวตน; บริบททั่วไปหรือมีการนัดรับ/ตรวจสอบได้
1949,มีลิงก์ให้กรอกข้อมูลเพื่อรับสิทธิ์ ลองเช็คก่อนนะ 💸 line: @fakeid,suspicious,phishing_risk,0.64,formal,Email,1,0,0,0,0,0,0,0,64,emoji,มีลิงก์หรือการชวนคลิกลิงก์; มีสัญญาณเสี่ยงแต่หลักฐานยังไม่ชัด
1950,อ้างว่าเป็นรุ่นพี่คณะ ขอให้โอนนเงินช่วยจองสิทธิ์ line: @fakeid,suspicious,tu_scam_risk,0.74,casual,Facebook Group,0,0,0,0,1,0,0,0,62,typo,มีบริบทเกี่ยวกับเงิน/โอน/บัญชี; มีสัญญาณเสี่ยงแต่หลักฐานยังไม่ชัด
1951,job online รายได้สูง ไม่ต้องมีประสบการณ์ โอนค่าประกันก่อนเริ่มงาน ‼️,scam,job_scam,0.84,emoji,Email,0,0,0,0,1,0,0,1,68,emoji,มีบริบทเกี่ยวกับเงิน/โอน/บัญชี; มีบริบทสมัครงาน/รายได้
1952,วันนี้ห้องเรียน หอสมุดป๋วย เปิดไหมครับ ✅ ทัก DM,normal,tu_general,0.14,formal,X/Twitter,0,0,0,0,0,0,0,0,47,emoji,บริบททั่วไปหรือมีการนัดรับ/ตรวจสอบได้
1953,ส่งเลขบัญชีมา เดี๋ยวโอนค่าหนังสือให้ครับ 💸📌,normal,tu_marketplace,0.24,emoji,IG DM,0,0,1,0,1,0,0,0,43,emoji,มีบริบทเกี่ยวกับเงิน/โอน/บัญชี; บริบททั่วไปหรือมีการนัดรับ/ตรวจสอบได้
1954,Your account has been suspended verify now [URL] inbox ได้,scam,phishing,0.91,casual,SMS,1,0,0,1,0,1,0,0,58,none,พบคำเกี่ยวกับ OTP/ยืนยันตัวตน; มีลิงก์หรือการชวนคลิกลิงก์; มีคำเร่งเร้า
1955,ขายหนังสือ CS254 มือสอง นัดรับ หน้าโดม ได้,normal,tu_marketplace,0.16,slang,Web Form,0,0,0,0,0,0,0,0,42,none,บริบททั่วไปหรือมีการนัดรับ/ตรวจสอบได้
1956,งานออนไลน์ได้เงินวันละ 5000 ไม่ต้องสัมภาษณ์ สมัครด่วน 🙏 line: @fakeid,scam,job_scam,0.84,formal,Web Form,0,0,0,0,1,1,0,1,69,emoji,มีคำเร่งเร้า; มีบริบทเกี่ยวกับเงิน/โอน/บัญชี; มีบริบทสมัครงาน/รายได้
1957,ระบบแจ้งให้ยืนยันข้อมูลบางอย่างภายในวันนี้ 📌‼️,suspicious,phishing_risk,0.64,short_message,Email,0,0,0,0,0,1,0,0,46,emoji,มีคำเร่งเร้า; มีสัญญาณเสี่ยงแต่หลักฐานยังไม่ชัด
1958,ส่งเลขบัญชีมา เดี๋ยวโอนค่าหนังสือให้ครับ ok?,normal,tu_marketplace,0.05,slang,Discord,0,0,1,0,1,0,0,0,44,thai_english_mix,มีบริบทเกี่ยวกับเงิน/โอน/บัญชี; บริบททั่วไปหรือมีการนัดรับ/ตรวจสอบได้
1959,คุณได้รับสิทธิ์ทุนพิเศษ โอนค่าดำเนินการ 300 บาทก่อนรับทุน 📌💬,scam,fake_scholarship,0.95,emoji,SMS,0,0,0,0,1,0,1,0,60,emoji,มีบริบทเกี่ยวกับเงิน/โอน/บัญชี
1960,ระบบแจ้งให้ยืนยันข้อมูลบางอย่างภายในวันนี้ 🚨⚠️,suspicious,phishing_risk,0.45,thai_english_mix,Facebook Group,0,0,0,0,0,1,0,0,46,emoji,มีคำเร่งเร้า; มีสัญญาณเสี่ยงแต่หลักฐานยังไม่ชัด
1961,ใครเจอบัตรนักศึกษาที่ ประตูเชียงราก ทักมาหน่อยครับ ทัก DM,normal,tu_general,0.25,short_message,TU Marketplace,0,0,0,0,0,0,0,0,57,none,บริบททั่วไปหรือมีการนัดรับ/ตรวจสอบได้
1962,วันนี้ห้องเรียน บร.2 เปิดไหมครับ verify pls,normal,tu_general,0.19,emoji,X/Twitter,0,0,0,1,0,0,0,0,43,thai_english_mix,พบคำเกี่ยวกับ OTP/ยืนยันตัวตน; บริบททั่วไปหรือมีการนัดรับ/ตรวจสอบได้
1963,มีลิงก์ Google Meet สำหรับประชุมไหมครับ ✅‼️,normal,meeting,0.17,slang,LINE,1,0,0,0,0,0,0,0,43,emoji,มีลิงก์หรือการชวนคลิกลิงก์; บริบททั่วไปหรือมีการนัดรับ/ตรวจสอบได้
1964,กดลิงก์รับเงินคืนค่าธรรมเนียมการศึกษา forms.example.invalid/fake 🙏,scam,refund_scam,0.85,short_message,Facebook Group,1,0,0,0,1,0,1,0,66,emoji,มีลิงก์หรือการชวนคลิกลิงก์; มีบริบทเกี่ยวกับเงิน/โอน/บัญชี
1965,งานออนไลน์รายได้สูงมาก ไม่ต้องสัมภาษณ์ แค่ทักแชท 💬😅,suspicious,job_risk,0.51,casual,Web Form,0,0,0,0,1,0,0,1,51,emoji,มีบริบทเกี่ยวกับเงิน/โอน/บัญชี; มีบริบทสมัครงาน/รายได้; มีสัญญาณเสี่ยงแต่หลักฐานยังไม่ชัด
1966,สมัครงาน part-time online จ่ายค่าสมัครก่อน 200 แล้วเริ่มงานได้เลย ✅,scam,job_scam,0.87,slang,Web Form,0,0,0,0,0,0,0,1,67,emoji,มีบริบทสมัครงาน/รายได้
1967,สมัครงาน part-time online จ่ายค่าสมัครก่อน 300 แล้วเริ่มงานได้เลย ⚠️🙏 ทัก DM,scam,job_scam,0.89,casual,TU Marketplace,0,0,0,0,0,0,0,1,76,emoji,มีบริบทสมัครงาน/รายได้
1968,ระบบ TU แจ้งเตือน ให้ update password ผ่าน forms.example.invalid/fake ด่วน 🔥🥺,scam,phishing,0.88,formal,LINE,1,0,0,0,0,1,0,0,77,emoji,มีลิงก์หรือการชวนคลิกลิงก์; มีคำเร่งเร้า
1969,สมัครงานง่ายๆ ได้เงินเร็ว แต่ต้องจ่ายค่าสมัครก่อน 👍📌,suspicious,job_risk,0.56,short_message,TU Marketplace,0,0,0,0,1,0,0,1,52,emoji,มีบริบทเกี่ยวกับเงิน/โอน/บัญชี; มีบริบทสมัครงาน/รายได้; มีสัญญาณเสี่ยงแต่หลักฐานยังไม่ชัด
1970,อ้างว่าเป็นรุ่นพี่คณะ ขอให้โอนเงินช่วยจองสิทธิ์ 🔥🚨 inbox ได้,suspicious,tu_scam_risk,0.5,formal,LINE,0,0,0,0,1,0,0,0,60,emoji,มีบริบทเกี่ยวกับเงิน/โอน/บัญชี; มีสัญญาณเสี่ยงแต่หลักฐานยังไม่ชัด
1971,มีใครขายชีท CS251 บ้างครับบบ ส่งในกลุ่มได้เลย,normal,tu_general,0.27,thai_english_mix,X/Twitter,0,0,0,0,0,0,0,0,45,repeat_chars,บริบททั่วไปหรือมีการนัดรับ/ตรวจสอบได้
1972, คลิกลิงก์นี้เพื่อยืนยันบัญชีนักศึกษา  tu-form.example.invalid ,scam,phishing,0.91,emoji,TU Marketplace,1,0,1,0,0,0,0,0,63,spacing_noise,มีลิงก์หรือการชวนคลิกลิงก์
1973,รุ่นพี่ฝากบอกให้โอนค่าชีทด่วน ไม่งั้นหมดสิทธิ์ 🔥💬,scam,tu_scam,0.88,thai_english_mix,SMS,0,0,0,0,1,1,0,0,49,emoji,มีคำเร่งเร้า; มีบริบทเกี่ยวกับเงิน/โอน/บัญชี
1974,กดลิงก์รับเงินคืนค่าธรรมเนียมการศึกษา example.invalid/verify,scam,refund_scam,0.92,thai_english_mix,Email,1,0,0,1,1,0,1,0,60,repeat_chars,พบคำเกี่ยวกับ OTP/ยืนยันตัวตน; มีลิงก์หรือการชวนคลิกลิงก์; มีบริบทเกี่ยวกับเงิน/โอน/บัญชี
1975,ใครเจอบัตรนักศึกษาที่ หน้าโดม ทักมาหน่อยครับ 😅💸,normal,tu_general,0.23,thai_english_mix,Discord,0,0,0,0,0,0,0,0,47,emoji,บริบททั่วไปหรือมีการนัดรับ/ตรวจสอบได้
1976,มีใครขายชีท CS332 บ้างครับ ⚠️✨,normal,tu_general,0.14,slang,Email,0,0,0,0,0,0,0,0,30,emoji,บริบททั่วไปหรือมีการนัดรับ/ตรวจสอบได้
1977,หอพักแถวเชียงรากเดือนละไม่เกิน 4000 มีแนะนำไหม ⚠️🥺,normal,tu_general,0.18,thai_english_mix,X/Twitter,0,0,0,0,0,0,0,0,50,emoji,บริบททั่วไปหรือมีการนัดรับ/ตรวจสอบได้
1978,ขาย iPad ใช้เรียน นัดรับในมอได้ เช็คของก่อนจ่าย 👍,normal,tu_marketplace,0.07,slang,Email,0,0,0,0,0,0,0,0,49,emoji,บริบททั่วไปหรือมีการนัดรับ/ตรวจสอบได้
1979,รับซื้อเครื่องคิดเลขมือสอง ขอราคาไม่แรง 📌🚨,normal,tu_marketplace,0.24,thai_english_mix,Web Form,0,0,0,0,0,0,0,0,42,emoji,บริบททั่วไปหรือมีการนัดรับ/ตรวจสอบได้
1980,สมัครงาน part-time online จ่ายค่าสมัครก่อน 500 แล้วเริ่มงานได้เลย 🙏💬,scam,job_scam,0.88,thai_english_mix,TU Marketplace,0,0,0,0,0,0,0,1,68,emoji,มีบริบทสมัครงาน/รายได้
1981,นัดรับหน้า โรงอาหารกลาง ได้คับ สะดวกช่วงเย็น line: @fakeid,normal,tu_marketplace,0.09,thai_english_mix,Email,0,0,0,0,0,0,0,0,58,typo,บริบททั่วไปหรือมีการนัดรับ/ตรวจสอบได้
1982,บอกว่ามีทุนพิเศษแต่ต้องรีบกรอกข้อมูล 💸💬,suspicious,tu_scam_risk,0.49,short_message,Facebook Group,0,0,0,0,1,1,1,0,39,emoji,มีคำเร่งเร้า; มีบริบทเกี่ยวกับเงิน/โอน/บัญชี; มีสัญญาณเสี่ยงแต่หลักฐานยังไม่ชัด
1983,ระบบ TU แจ้งเตือน ให้ update password ผ่าน tu-form.example.invalid ด่วน 🥺‼️,scam,phishing,0.9,slang,Email,1,0,0,0,0,1,0,0,75,emoji,มีลิงก์หรือการชวนคลิกลิงก์; มีคำเร่งเร้า
1984,ขายหนังสือ EL171 มือสอง นัดรับ คณะวิทย์ ได้ ส่งในกลุ่มได้เลย,normal,tu_marketplace,0.16,casual,Discord,0,0,0,0,0,0,0,0,60,none,บริบททั่วไปหรือมีการนัดรับ/ตรวจสอบได้
1985,บัญชีนี้ของแฟนเราเอง ปลอดภัยแน่นอน โอนมาเลย 🚨,scam,marketplace_scam,0.85,formal,IG DM,0,0,1,0,1,0,0,0,45,emoji,มีบริบทเกี่ยวกับเงิน/โอน/บัญชี
1986,สมัครงาน part-time online จ่ายค่าสมัครก่อน 200 แล้วเริ่มงานได้เลย DM me,scam,job_scam,0.97,casual,Email,0,0,0,0,0,0,0,1,71,thai_english_mix,มีบริบทสมัครงาน/รายได้
1987,สมัครงาน part-time online จ่ายค่าสมัครก่อน 500 แล้วเริ่มงานได้เลย 📌,scam,job_scam,0.89,short_message,Discord,0,0,0,0,0,0,0,1,67,emoji,มีบริบทสมัครงาน/รายได้
1988,พัสดุติดปัญหา ชำระค่าธรรมเนียมที่ example.invalid/verify เพื่อรับของ 📌,scam,delivery_scam,0.92,short_message,Discord,1,0,0,1,0,0,0,0,70,emoji,พบคำเกี่ยวกับ OTP/ยืนยันตัวตน; มีลิงก์หรือการชวนคลิกลิงก์
1989,หอพักแถวเชียงรากเดือนละไม่เกิน 4000 มีแนะะะนำไหม,normal,tu_general,0.07,thai_english_mix,X/Twitter,0,0,0,0,0,0,0,0,48,repeat_chars,บริบททั่วไปหรือมีการนัดรับ/ตรวจสอบได้
1990,นัดรับหน้า โรงอาหารกลาง ได้ครับ สะดวกช่วงเย็น 🚨,normal,tu_marketplace,0.14,formal,SMS,0,0,0,0,0,0,0,0,47,emoji,บริบททั่วไปหรือมีการนัดรับ/ตรวจสอบได้
1991,โอนมัดจำค่าหอ 1500 บาทได้ไหมครับ ✨,normal,tu_marketplace,0.06,thai_english_mix,Facebook Group,0,0,0,0,1,0,0,0,34,emoji,มีบริบทเกี่ยวกับเงิน/โอน/บัญชี; บริบททั่วไปหรือมีการนัดรับ/ตรวจสอบได้
1992,ขอแนวข้อสอบ CS251 หน่อยครับ ✨,normal,tu_general,0.02,formal,IG DM,0,0,0,0,0,0,0,0,29,emoji,บริบททั่วไปหรือมีการนัดรับ/ตรวจสอบได้
1993,ของถูกมาก แต่ต้องจองภายในวันนี้ ‼️✅,suspicious,marketplace_risk,0.5,formal,Facebook Group,0,0,0,0,0,1,0,0,35,emoji,มีคำเร่งเร้า; มีสัญญาณเสี่ยงแต่หลักฐานยังไม่ชัด
1994,กดลิงก์รับเงินคืนค่าธรรมเนียมการศึกษา tu-form.example.invalid ASAP,scam,refund_scam,0.94,casual,Facebook Group,1,0,0,0,1,0,1,0,66,thai_english_mix,มีลิงก์หรือการชวนคลิกลิงก์; มีบริบทเกี่ยวกับเงิน/โอน/บัญชี
1995,หาคนช่วยงานอีเวนต์ในมอ มีรายละเอียดงานและสถานที่ชัดเจน ✅‼️ ส่งในกลุ่มได้เลย,normal,tu_job_real,0.05,emoji,IG DM,0,0,0,0,0,0,0,1,75,emoji,มีบริบทสมัครงาน/รายได้; บริบททั่วไปหรือมีการนัดรับ/ตรวจสอบได้
1996,ขอเลขบัญชีพร้อมเพย์หน่อยครับ จะโอนค่าชีท ✨💸,normal,tu_marketplace,0.11,short_message,SMS,0,0,1,0,1,0,0,0,43,emoji,มีบริบทเกี่ยวกับเงิน/โอน/บัญชี; บริบททั่วไปหรือมีการนัดรับ/ตรวจสอบได้
1997,ส่งเลขบัญชีมา เดี๋ยวโอนค่าหนังสือให้ครับ 😅📌,normal,tu_marketplace,0.04,emoji,Discord,0,0,1,0,1,0,0,0,43,emoji,มีบริบทเกี่ยวกับเงิน/โอน/บัญชี; บริบททั่วไปหรือมีการนัดรับ/ตรวจสอบได้
1998,พัสดุติดปัญหา ชำระค่าธรรมเนียมที่ [URL] เพื่อรับของ 😅‼️,scam,delivery_scam,0.82,thai_english_mix,SMS,1,0,0,0,0,0,0,0,55,emoji,มีลิงก์หรือการชวนคลิกลิงก์
1999,แอดมินคณะขอค่าจองสิทธิ์สอบ โอนมาที่ พร้อมเพย์ 08x-xxx-xxxx ภายในวันนี้ ✨🔥,scam,tu_scam,0.8,short_message,Email,0,1,1,0,1,1,0,0,73,emoji,มีคำเร่งเร้า; มีบริบทเกี่ยวกับเงิน/โอน/บัญชี
2000,อ้างว่าเป็นรุ่นพี่คณะ ขอให้โอนเงินช่วยจองสิทธิ์ 🚨💬,suspicious,tu_scam_risk,0.68,formal,SMS,0,0,0,0,1,0,0,0,50,emoji,มีบริบทเกี่ยวกับเงิน/โอน/บัญชี; มีสัญญาณเสี่ยงแต่หลักฐานยังไม่ชัด
2001,ส่งเลขบัญชีมา เดี๋ยวโอนค่าหนังสือให้ครับ ‼️🙏,normal,tu_marketplace,0.03,emoji,Email,0,0,1,0,1,0,0,0,44,emoji,มีบริบทเกี่ยวกับเงิน/โอน/บัญชี; บริบททั่วไปหรือมีการนัดรับ/ตรวจสอบได้
2002,สมัครงาน part-time online จ่ายค่าสมัครก่อน 500 แล้วเริ่มงานได้เลย ✨,scam,job_scam,0.9,casual,Discord,0,0,0,0,0,0,0,1,67,emoji,มีบริบทสมัครงาน/รายได้
2003,งานออนไลน์ได้เงินวันละ 5000 ไม่ต้องสัมภาษณ์ สมัครด่วน 🚨✅,scam,job_scam,0.83,emoji,Discord,0,0,0,0,1,1,0,1,56,emoji,มีคำเร่งเร้า; มีบริบทเกี่ยวกับเงิน/โอน/บัญชี; มีบริบทสมัครงาน/รายได้
2004,รุ่นพี่ฝากบอกให้โอนค่าชีทด่วน ไม่งั้นหมดสิทธิ์ 📌‼️,scam,tu_scam,0.98,thai_english_mix,Email,0,0,0,0,1,1,0,0,50,emoji,มีคำเร่งเร้า; มีบริบทเกี่ยวกับเงิน/โอน/บัญชี
2005,พัสดุติดปัญหา ชำระค่าธรรมเนียมที่ forms.example.invalid/fake เพื่อรับของ 📌,scam,delivery_scam,0.93,emoji,Facebook Group,1,0,0,0,0,0,0,0,74,emoji,มีลิงก์หรือการชวนคลิกลิงก์
2006,รีบโอนก่อนนะ เหลือคนเดียวแล้ว ✅🙏,suspicious,marketplace_risk,0.73,short_message,Web Form,0,0,0,0,1,1,0,0,32,emoji,มีคำเร่งเร้า; มีบริบทเกี่ยวกับเงิน/โอน/บัญชี; มีสัญญาณเสี่ยงแต่หลักฐานยังไม่ชัด
2007,อาจารย์ส่ง link zoom ใน classroom แล้วนะ 🔥📌,normal,meeting,0.25,slang,IG DM,1,0,0,0,0,0,0,0,43,emoji,มีลิงก์หรือการชวนคลิกลิงก์; บริบททั่วไปหรือมีการนัดรับ/ตรวจสอบได้
2008,คุณได้รับสิทธิ์ทุนพิเศษ โอนค่าดำเนินการ 100 บาทก่อนรับทุน DM me ส่งในกลุ่มได้เลย,scam,fake_scholarship,0.86,casual,IG DM,0,0,0,0,1,0,1,0,80,thai_english_mix,มีบริบทเกี่ยวกับเงิน/โอน/บัญชี
2009,job online รายได้สูง ไม่ต้องมีประสบการณ์ โอนค่าประกันก่อนเริ่มงาน 📌,scam,job_scam,0.98,thai_english_mix,X/Twitter,0,0,0,0,1,0,0,1,67,emoji,มีบริบทเกี่ยวกับเงิน/โอน/บัญชี; มีบริบทสมัครงาน/รายได้
2010,มีใครขายชีท CS332 บ้างครับ inbox ได้,normal,tu_general,0.14,short_message,Discord,0,0,0,0,0,0,0,0,36,none,บริบททั่วไปหรือมีการนัดรับ/ตรวจสอบได้
2011,โอนเต็มก่อนเท่านั้น ไม่รับนัด ไม่รับวิดีโอคอล ASAP,scam,marketplace_scam,0.97,casual,Email,0,0,0,0,1,0,0,0,50,thai_english_mix,มีบริบทเกี่ยวกับเงิน/โอน/บัญชี
2012,ขอแนวข้อสอบ CS332 หน่อยครับบบ,normal,tu_general,0.14,formal,X/Twitter,0,0,0,0,0,0,0,0,29,repeat_chars,บริบททั่วไปหรือมีการนัดรับ/ตรวจสอบได้
2013,ขอแนวข้อสอบ CS254 หน่อยครับ ✅✨,normal,tu_general,0.3,formal,Email,0,0,0,0,0,0,0,0,30,emoji,บริบททั่วไปหรือมีการนัดรับ/ตรวจสอบได้
2014,สมัครงาน part-time online จ่ายค่าสมัครก่อน 100 แล้วเริ่มงานได้เลย ทัก DM,scam,job_scam,0.84,slang,Facebook Group,0,0,0,0,0,0,0,1,72,none,มีบริบทสมัครงาน/รายได้
2015,คุณได้รับสิทธิ์ทุนพิเศษ โอนค่าดำเนินการ 300 บาทก่อนรับทุน now,scam,fake_scholarship,0.92,emoji,SMS,0,0,0,0,1,1,1,0,61,thai_english_mix,มีคำเร่งเร้า; มีบริบทเกี่ยวกับเงิน/โอน/บัญชี
2016,ระบบ TU แจ้งเตือน ให้ update password ผ่าน tu-form.example.invalid ด่วน,scam,phishing,0.82,slang,LINE,1,0,0,0,0,1,0,0,71,none,มีลิงก์หรือการชวนคลิกลิงก์; มีคำเร่งเร้า
2017,ขอแนวข้อสอบ EL171 หน่อยครับ 🔥‼️,normal,tu_general,0.11,slang,LINE,0,0,0,0,0,0,0,0,31,emoji,บริบททั่วไปหรือมีการนัดรับ/ตรวจสอบได้
2018,คุณได้รับสิทธิ์ทุนพิเศษ โอนค่าดำเนินการ 100 บาทก่อนรับทุน 💬,scam,fake_scholarship,0.87,emoji,Email,0,0,0,0,1,0,1,0,59,emoji,มีบริบทเกี่ยวกับเงิน/โอน/บัญชี
2019,ขายหนังสือ MA211 มือสอง นัดรับ หน้าโดม ได้ DM me line: @fakeid,normal,tu_marketplace,0.25,formal,Email,0,0,0,0,0,0,0,0,62,thai_english_mix,บริบททั่วไปหรือมีการนัดรับ/ตรวจสอบได้
2020,หาคนช่วยงานอีเวนต์ในมอ มีรายละเอียดงานและสถานที่ชัดเจน 💬😅,normal,tu_job_real,0.27,casual,SMS,0,0,0,0,0,0,0,1,57,emoji,มีบริบทสมัครงาน/รายได้; บริบททั่วไปหรือมีการนัดรับ/ตรวจสอบได้
2021,คุณได้รับสิทธิ์ทุนพิเศษ โอนค่าดำเนินการ 500 บาทก่อนรับทุน DM me,scam,fake_scholarship,0.87,emoji,Facebook Group,0,0,0,0,1,0,1,0,63,thai_english_mix,มีบริบทเกี่ยวกับเงิน/โอน/บัญชี
2022, บัญชีคุณถูกระงับ  กรุณายืนยันตัวตนทันทีที่  [URL] ,scam,phishing,0.86,casual,IG DM,1,0,1,1,0,1,0,0,51,spacing_noise,พบคำเกี่ยวกับ OTP/ยืนยันตัวตน; มีลิงก์หรือการชวนคลิกลิงก์; มีคำเร่งเร้า
2023,ขอเลขบชพร้อมเพย์หน่อยคับ จะโอนนค่าชีท,normal,tu_marketplace,0.19,thai_english_mix,TU Marketplace,0,0,1,0,1,0,0,0,37,typo,มีบริบทเกี่ยวกับเงิน/โอน/บัญชี; บริบททั่วไปหรือมีการนัดรับ/ตรวจสอบได้
2024,อาจารย์ส่ง link zoom ใน classroom แล้วนะ ✨🚨,normal,meeting,0.3,casual,LINE,1,0,0,0,0,0,0,0,43,emoji,มีลิงก์หรือการชวนคลิกลิงก์; บริบททั่วไปหรือมีการนัดรับ/ตรวจสอบได้
2025,โอนเต็มก่อนเท่านั้น ไม่รับนัด ไม่รับวิดีโอคอล 📌✨,scam,marketplace_scam,0.96,formal,Facebook Group,0,0,0,0,1,0,0,0,48,emoji,มีบริบทเกี่ยวกับเงิน/โอน/บัญชี
2026,งานออนไลน์รายได้สูงมาก ไม่ต้องสัมภาษณ์ แค่ทักแชท 🙏,suspicious,job_risk,0.66,short_message,Email,0,0,0,0,1,0,0,1,50,emoji,มีบริบทเกี่ยวกับเงิน/โอน/บัญชี; มีบริบทสมัครงาน/รายได้; มีสัญญาณเสี่ยงแต่หลักฐานยังไม่ชัด
2027,ส่งรหัส OTP มาให้แอดมินเพื่อยืนยันตัวตนก่อนรับเงินคืน 🥺📌,scam,otp,0.87,emoji,Facebook Group,0,0,0,1,1,0,1,0,56,emoji,พบคำเกี่ยวกับ OTP/ยืนยันตัวตน; มีบริบทเกี่ยวกับเงิน/โอน/บัญชี
2028,หอพักแถวเชียงรากเดือนละไม่เกิน 4500 มีแนะนำไหม 🙏✨,normal,tu_general,0.05,short_message,Email,0,0,0,0,0,0,0,0,49,emoji,บริบททั่วไปหรือมีการนัดรับ/ตรวจสอบได้
2029,รับซื้อเครื่องคิดเลขมือสอง ขอราคาไม่แรง ✨📌,normal,tu_marketplace,0.04,casual,X/Twitter,0,0,0,0,0,0,0,0,42,emoji,บริบททั่วไปหรือมีการนัดรับ/ตรวจสอบได้
2030,ขาย iPad ใช้เรียน นัดรับในมอได้ เช็คของก่อนจ่าย pls,normal,tu_marketplace,0.24,slang,Email,0,0,0,0,0,0,0,0,51,thai_english_mix,บริบททั่วไปหรือมีการนัดรับ/ตรวจสอบได้
2031,โอนมัดจำค่าหอ 300 บาทได้ไหมครับ pls,normal,tu_marketplace,0.24,short_message,Web Form,0,0,0,0,1,0,0,0,35,thai_english_mix,มีบริบทเกี่ยวกับเงิน/โอน/บัญชี; บริบททั่วไปหรือมีการนัดรับ/ตรวจสอบได้
2032,วันนี้ห้องเรียน บร.2 เปิดไหมครับ 💬,normal,tu_general,0.08,emoji,SMS,0,0,0,0,0,0,0,0,34,emoji,บริบททั่วไปหรือมีการนัดรับ/ตรวจสอบได้
2033,Your account has been suspended verify now forms.example.invalid/fake now,scam,phishing,0.95,emoji,X/Twitter,1,0,0,1,0,1,0,0,73,thai_english_mix,พบคำเกี่ยวกับ OTP/ยืนยันตัวตน; มีลิงก์หรือการชวนคลิกลิงก์; มีคำเร่งเร้า
2034,โอนนมัดจำค่าหอ 500 บาทได้ไหมคับ,normal,tu_marketplace,0.19,formal,Web Form,0,0,0,0,1,0,0,0,31,typo,มีบริบทเกี่ยวกับเงิน/โอน/บัญชี; บริบททั่วไปหรือมีการนัดรับ/ตรวจสอบได้
2035,ร้านกาแฟแถวรังสิตรับพาร์ทไทม์  ชั่วโมงละ  50  บาท  มีสัมภาษณ์หน้าร้าน,normal,tu_job_real,0.16,emoji,LINE,0,0,0,0,1,0,0,1,69,spacing_noise,มีบริบทเกี่ยวกับเงิน/โอน/บัญชี; มีบริบทสมัครงาน/รายได้; บริบททั่วไปหรือมีการนัดรับ/ตรวจสอบได้
2036,งานออนไลน์ได้เงินวันละ 8000 ไม่ต้องสัมภาษณ์ สมัครด่วนนน,scam,job_scam,0.97,slang,Email,0,0,0,0,1,1,0,1,55,repeat_chars,มีคำเร่งเร้า; มีบริบทเกี่ยวกับเงิน/โอน/บัญชี; มีบริบทสมัครงาน/รายได้
2037,โปรไฟล์ใหม่มาก  แต่บอกว่าเป็นเจ้าหน้าที่มหาลัย,suspicious,impersonation_risk,0.69,casual,Facebook Group,0,0,0,0,0,0,0,0,46,spacing_noise,มีสัญญาณเสี่ยงแต่หลักฐานยังไม่ชัด
2038,นัดรับหน้า ประตูเชียงราก ได้ครับ สะดวกช่วงเย็น 💬,normal,tu_marketplace,0.25,thai_english_mix,Web Form,0,0,0,0,0,0,0,0,48,emoji,บริบททั่วไปหรือมีการนัดรับ/ตรวจสอบได้
2039,ร้านกาแฟแถวรังสิตรับพาร์ทไทม์ ชั่วโมงละ 80 บาท มีสัมภาษณ์หน้าร้าน line: @fakeid,normal,tu_job_real,0.28,casual,SMS,0,0,0,0,1,0,0,1,79,none,มีบริบทเกี่ยวกับเงิน/โอน/บัญชี; มีบริบทสมัครงาน/รายได้; บริบททั่วไปหรือมีการนัดรับ/ตรวจสอบได้
2040,ขอแนวข้อสอบ CS251 หน่อยครับ 📌,normal,tu_general,0.27,formal,TU Marketplace,0,0,0,0,0,0,0,0,29,emoji,บริบททั่วไปหรือมีการนัดรับ/ตรวจสอบได้
2041,สมักงาน part-time online จ่ายค่าสมัครก่อน 1500 แล้วเริ่มงานได้เลย,scam,job_scam,0.88,short_message,TU Marketplace,0,0,0,0,0,0,0,1,65,typo,มีบริบทสมัครงาน/รายได้
2042,กดลิงก์รับเงินคืนค่าธรรมเนียมการศึกษา [URL] ทัก DM,scam,refund_scam,0.86,short_message,X/Twitter,1,0,0,0,1,0,1,0,50,typo,มีลิงก์หรือการชวนคลิกลิงก์; มีบริบทเกี่ยวกับเงิน/โอน/บัญชี
2043,มีลิงก์ Google Meet สำหรับประชุมไหมครับ now ส่งในกลุ่มได้เลย,normal,meeting,0.06,formal,SMS,1,0,0,0,0,1,0,0,60,thai_english_mix,มีลิงก์หรือการชวนคลิกลิงก์; มีคำเร่งเร้า; บริบททั่วไปหรือมีการนัดรับ/ตรวจสอบได้
2044,รับซื้อเครื่องคิดเลขมือสอง ขอราคาไม่แรง 🔥🚨,normal,tu_marketplace,0.03,formal,Discord,0,0,0,0,0,0,0,0,42,emoji,บริบททั่วไปหรือมีการนัดรับ/ตรวจสอบได้
2045,มีคนจองหลายคน ถ้าเอาโอนมัดจำมาก่อนได้เลย 📌✨,suspicious,marketplace_risk,0.66,slang,IG DM,0,0,0,0,1,0,0,0,43,emoji,มีบริบทเกี่ยวกับเงิน/โอน/บัญชี; มีสัญญาณเสี่ยงแต่หลักฐานยังไม่ชัด
2046,ขอเลขบัญชีพร้อมเพย์หน่อยคับ จะโอนค่าชีท,normal,tu_marketplace,0.03,thai_english_mix,LINE,0,0,1,0,1,0,0,0,39,typo,มีบริบทเกี่ยวกับเงิน/โอน/บัญชี; บริบททั่วไปหรือมีการนัดรับ/ตรวจสอบได้
2047,มีใครขายชีท CS222 บ้างครับบบ,normal,tu_general,0.06,formal,LINE,0,0,0,0,0,0,0,0,28,repeat_chars,บริบททั่วไปหรือมีการนัดรับ/ตรวจสอบได้
2048,ขาย iPad ใช้เรียน นัดรับในมอได้ เช็คของก่อนจ่าย 👍 ทัก DM,normal,tu_marketplace,0.03,short_message,X/Twitter,0,0,0,0,0,0,0,0,56,emoji,บริบททั่วไปหรือมีการนัดรับ/ตรวจสอบได้
2049,ขายหนังสือ TU100 มือสอง นัดรับ SC3 ได้ line: @fakeid,normal,tu_marketplace,0.19,emoji,SMS,0,0,0,0,0,0,0,0,52,none,บริบททั่วไปหรือมีการนัดรับ/ตรวจสอบได้
2050,สมัครงานง่ายๆ ได้เงินเร็ว แต่ต้องจ่ายค่าสมัครก่อน 💬🚨,suspicious,job_risk,0.63,thai_english_mix,Discord,0,0,0,0,1,0,0,1,52,emoji,มีบริบทเกี่ยวกับเงิน/โอน/บัญชี; มีบริบทสมัครงาน/รายได้; มีสัญญาณเสี่ยงแต่หลักฐานยังไม่ชัด
2051,มีลิงก์ให้กรอกข้อมูลเพื่อรับสิทธิ์ ลองเช็คก่อนนะ ASAP,suspicious,phishing_risk,0.57,short_message,IG DM,1,0,0,0,0,0,0,0,53,thai_english_mix,มีลิงก์หรือการชวนคลิกลิงก์; มีสัญญาณเสี่ยงแต่หลักฐานยังไม่ชัด
2052,ระบบ TU แจ้งเตือน ให้ update password ผ่าน bit.ly/example_fake ด่วน ⚠️💸,scam,phishing,0.88,short_message,LINE,1,0,0,0,0,1,0,0,71,emoji,มีลิงก์หรือการชวนคลิกลิงก์; มีคำเร่งเร้า
2053,กรุณายืนยัน OTP เพื่อปลดล็อกบัญชีทันที 🚨💬,scam,otp,0.86,slang,X/Twitter,0,0,1,1,0,1,0,0,41,emoji,พบคำเกี่ยวกับ OTP/ยืนยันตัวตน; มีคำเร่งเร้า
2054,ส่งเลขบชมา เดี๋ยวโอนค่าหนังสือให้คับ,normal,tu_marketplace,0.29,formal,TU Marketplace,0,0,0,0,1,0,0,0,36,typo,มีบริบทเกี่ยวกับเงิน/โอน/บัญชี; บริบททั่วไปหรือมีการนัดรับ/ตรวจสอบได้
2055, กดลิงก์รับเงินคืนค่าธรรมเนียมการศึกษา  forms.example.invalid/fake  ทัก DM,scam,refund_scam,0.81,slang,SMS,1,0,0,0,1,0,1,0,74,spacing_noise,มีลิงก์หรือการชวนคลิกลิงก์; มีบริบทเกี่ยวกับเงิน/โอน/บัญชี
2056,รีบโอนก่อนนะะะ เหลือคนเดียวแล้ว line: @fakeid,suspicious,marketplace_risk,0.63,thai_english_mix,IG DM,0,0,0,0,1,1,0,0,45,repeat_chars,มีคำเร่งเร้า; มีบริบทเกี่ยวกับเงิน/โอน/บัญชี; มีสัญญาณเสี่ยงแต่หลักฐานยังไม่ชัด
2057,ประกาศจากคณะให้กรอกแบบประเมินรายวิชาในระบบทางการ ✅‼️,normal,admin_real,0.22,emoji,X/Twitter,0,0,0,0,0,0,0,0,52,emoji,บริบททั่วไปหรือมีการนัดรับ/ตรวจสอบได้
2058,สมัครงาน part-time online จ่ายค่าสมัครก่อน 1000 แล้วเริ่มงานได้เลย 💸,scam,job_scam,0.84,thai_english_mix,SMS,0,0,0,0,0,0,0,1,68,emoji,มีบริบทสมัครงาน/รายได้
2059,นัดรับหน้า SC3 ได้ครับ สะดวกช่วงเย็น pls,normal,tu_marketplace,0.1,formal,TU Marketplace,0,0,0,0,0,0,0,0,40,thai_english_mix,บริบททั่วไปหรือมีการนัดรับ/ตรวจสอบได้
2060,วันนี้ห้องเรียน SC3 เปิดไหมครับ now,normal,tu_general,0.21,thai_english_mix,SMS,0,0,0,0,0,1,0,0,35,thai_english_mix,มีคำเร่งเร้า; บริบททั่วไปหรือมีการนัดรับ/ตรวจสอบได้
2061,อาจารย์ส่ง link zoom ใน classroom แล้วนะ 👍,normal,meeting,0.28,emoji,SMS,1,0,0,0,0,0,0,0,42,emoji,มีลิงก์หรือการชวนคลิกลิงก์; บริบททั่วไปหรือมีการนัดรับ/ตรวจสอบได้
2062,นัดรับหน้า บร.2 ได้ครับบบ สะดวกช่วงเย็น ส่งในกลุ่มได้เลย,normal,tu_marketplace,0.06,thai_english_mix,SMS,0,0,0,0,0,0,0,0,56,repeat_chars,บริบททั่วไปหรือมีการนัดรับ/ตรวจสอบได้
2063,ขอแนวข้อสอบ CS332 หน่อยครับ ok? line: @fakeid,normal,tu_general,0.17,casual,IG DM,0,0,0,0,0,0,0,0,45,thai_english_mix,บริบททั่วไปหรือมีการนัดรับ/ตรวจสอบได้
2064,มีใครขายชีท CS254 บ้างครับ 🚨,normal,tu_general,0.12,emoji,X/Twitter,0,0,0,0,0,0,0,0,28,emoji,บริบททั่วไปหรือมีการนัดรับ/ตรวจสอบได้
2065,ทักไลน์อย่างเดียวครับ ไม่ค่อยตอบในกลุ่ม 👍📌,suspicious,marketplace_risk,0.71,emoji,X/Twitter,0,0,0,0,0,0,0,0,42,emoji,มีสัญญาณเสี่ยงแต่หลักฐานยังไม่ชัด
2066,มีคนจองหลายคน ถ้าเอาโอนมัดจำมาก่อนได้เลย ‼️😅,suspicious,marketplace_risk,0.66,slang,Email,0,0,0,0,1,0,0,0,44,emoji,มีบริบทเกี่ยวกับเงิน/โอน/บัญชี; มีสัญญาณเสี่ยงแต่หลักฐานยังไม่ชัด
2067,โอนเต็มก่อนเท่านั้น ไม่รับนัด ไม่รับวิดีโอคอล 🥺💬,scam,marketplace_scam,0.81,thai_english_mix,Web Form,0,0,0,0,1,0,0,0,48,emoji,มีบริบทเกี่ยวกับเงิน/โอน/บัญชี
2068, ส่งเลขบัญชีมา  เดี๋ยวโอนค่าหนังสือให้ครับ ,normal,tu_marketplace,0.09,short_message,Web Form,0,0,1,0,1,0,0,0,43,spacing_noise,มีบริบทเกี่ยวกับเงิน/โอน/บัญชี; บริบททั่วไปหรือมีการนัดรับ/ตรวจสอบได้
2069,บัญชีคุณถูกระงับ กรุณายืนยันตัวตนทันทีที่ forms.example.invalid/fake ASAP,scam,phishing,0.85,slang,TU Marketplace,1,0,1,1,0,1,0,0,73,thai_english_mix,พบคำเกี่ยวกับ OTP/ยืนยันตัวตน; มีลิงก์หรือการชวนคลิกลิงก์; มีคำเร่งเร้า
2070,งานออนไลน์ได้เงินวันละ 8000 ไม่ต้องสัมภาษณ์ สมัครด่วน 💬✨,scam,job_scam,0.83,thai_english_mix,Facebook Group,0,0,0,0,1,1,0,1,56,emoji,มีคำเร่งเร้า; มีบริบทเกี่ยวกับเงิน/โอน/บัญชี; มีบริบทสมัครงาน/รายได้
2071,นัดรับหน้า ประตูเชียงราก ได้ครับ สะดวกช่วงเย็น 👍,normal,tu_marketplace,0.05,formal,TU Marketplace,0,0,0,0,0,0,0,0,48,emoji,บริบททั่วไปหรือมีการนัดรับ/ตรวจสอบได้
2072, มีใครขายชีท  CS254  บ้างครับ ,normal,tu_general,0.29,slang,Web Form,0,0,0,0,0,0,0,0,30,spacing_noise,บริบททั่วไปหรือมีการนัดรับ/ตรวจสอบได้
2073,ส่งรหัส OTP มาให้แอดมินเพื่อยืนยันตัวตนก่อนรับเงินคืน 🙏 line: @fakeid,scam,otp,0.82,slang,SMS,0,0,0,1,1,0,1,0,69,emoji,พบคำเกี่ยวกับ OTP/ยืนยันตัวตน; มีบริบทเกี่ยวกับเงิน/โอน/บัญชี
2074,ใครเจอบัตรนักศึกษาที่ BRT ทักมาหน่อยครับ ✨,normal,tu_general,0.12,thai_english_mix,Facebook Group,0,0,0,0,0,0,0,0,42,emoji,บริบททั่วไปหรือมีการนัดรับ/ตรวจสอบได้
2075,นัดรับหน้า SC3 ได้ครับ สะดวกช่วงเย็น ส่งในกลุ่มได้เลย,normal,tu_marketplace,0.26,short_message,IG DM,0,0,0,0,0,0,0,0,53,none,บริบททั่วไปหรือมีการนัดรับ/ตรวจสอบได้
2076,มีลิงก์ให้กรอกข้อมูลเพื่อรับสิทธิ์ ลองเช็คก่อนนะ 📌⚠️,suspicious,phishing_risk,0.65,formal,Facebook Group,1,0,0,0,0,0,0,0,52,emoji,มีลิงก์หรือการชวนคลิกลิงก์; มีสัญญาณเสี่ยงแต่หลักฐานยังไม่ชัด
2077,ร้านกาแฟแถวรังสิตรับพาร์ทไทม์ ชั่วโมงละ 60 บาท มีสัมภาษณ์หน้าร้าน 🚨🥺,normal,tu_job_real,0.15,emoji,Web Form,0,0,0,0,1,0,0,1,68,emoji,มีบริบทเกี่ยวกับเงิน/โอน/บัญชี; มีบริบทสมัครงาน/รายได้; บริบททั่วไปหรือมีการนัดรับ/ตรวจสอบได้
2078,มีคนขอรหัสยืนยัน บอกว่าเป็นแอดมินกลุ่ม 🚨✅,suspicious,otp_risk,0.7,formal,X/Twitter,0,0,0,1,0,0,0,0,41,emoji,พบคำเกี่ยวกับ OTP/ยืนยันตัวตน; มีสัญญาณเสี่ยงแต่หลักฐานยังไม่ชัด
2079,Your account has been suspended verify now bit.ly/example_fake 🙏🥺,scam,phishing,0.99,formal,X/Twitter,1,0,0,1,0,1,0,0,65,emoji,พบคำเกี่ยวกับ OTP/ยืนยันตัวตน; มีลิงก์หรือการชวนคลิกลิงก์; มีคำเร่งเร้า
2080,ระบบแจ้งให้ยืนยันข้อมูลบางอย่างภายในวันนี้ ✅📌,suspicious,phishing_risk,0.65,casual,X/Twitter,0,0,0,0,0,1,0,0,45,emoji,มีคำเร่งเร้า; มีสัญญาณเสี่ยงแต่หลักฐานยังไม่ชัด
2081,โอนมัดจำค่าหอ 500 บาทได้ไหมครับ ⚠️🚨,normal,tu_marketplace,0.16,slang,Web Form,0,0,0,0,1,0,0,0,35,emoji,มีบริบทเกี่ยวกับเงิน/โอน/บัญชี; บริบททั่วไปหรือมีการนัดรับ/ตรวจสอบได้
2082,พัสดุติดปัญหา ชำระค่าธรรมเนียมที่ forms.example.invalid/fake เพื่อรับของ 👍,scam,delivery_scam,0.8,short_message,IG DM,1,0,0,0,0,0,0,0,74,emoji,มีลิงก์หรือการชวนคลิกลิงก์
2083,ทักไลน์อย่างเดียวครับ ไม่ค่อยตอบในกลุ่ม 💸,suspicious,marketplace_risk,0.69,thai_english_mix,Discord,0,0,0,0,0,0,0,0,41,emoji,มีสัญญาณเสี่ยงแต่หลักฐานยังไม่ชัด
2084,ขายหนังสือ CS251 มือสอง นัดรับ ประตูเชียงราก ได้,normal,tu_marketplace,0.3,emoji,Web Form,0,0,0,0,0,0,0,0,48,none,บริบททั่วไปหรือมีการนัดรับ/ตรวจสอบได้
2085,โอนมัดจำค่าหอ 100 บาทได้ไหมครับ inbox ได้,normal,tu_marketplace,0.13,formal,Discord,0,0,0,0,1,0,0,0,41,none,มีบริบทเกี่ยวกับเงิน/โอน/บัญชี; บริบททั่วไปหรือมีการนัดรับ/ตรวจสอบได้
2086,คลิกลิงก์นี้เพื่อยืนยันบัญชีนักศึกษา tu-form.example.invalid now inbox ได้,scam,phishing,0.9,emoji,Discord,1,0,1,0,0,1,0,0,74,thai_english_mix,มีลิงก์หรือการชวนคลิกลิงก์; มีคำเร่งเร้า
2087,บัญชีคุณถูกระงับ กรุณายืนยันตัวตนทันทีที่ tu-form.example.invalid DM me,scam,phishing,0.89,thai_english_mix,LINE,1,0,1,1,0,1,0,0,71,thai_english_mix,พบคำเกี่ยวกับ OTP/ยืนยันตัวตน; มีลิงก์หรือการชวนคลิกลิงก์; มีคำเร่งเร้า
2088,หอพักแถวเชียงรากเดือนละไม่เกิน 4500 มีแนะนำไหม 🚨,normal,tu_general,0.3,thai_english_mix,SMS,0,0,0,0,0,0,0,0,48,emoji,บริบททั่วไปหรือมีการนัดรับ/ตรวจสอบได้
2089,กดลิงก์รับเงินคืนค่าธรรมเนียมการศึกษา bit.ly/example_fake ✨,scam,refund_scam,0.92,emoji,IG DM,1,0,0,0,1,0,1,0,59,emoji,มีลิงก์หรือการชวนคลิกลิงก์; มีบริบทเกี่ยวกับเงิน/โอน/บัญชี
2090,มีคนจองหลายคน ถ้าเอาโอนมัดจำมาก่อนได้เลย DM me,suspicious,marketplace_risk,0.7,formal,X/Twitter,0,0,0,0,1,0,0,0,46,thai_english_mix,มีบริบทเกี่ยวกับเงิน/โอน/บัญชี; มีสัญญาณเสี่ยงแต่หลักฐานยังไม่ชัด
2091,คุณได้รับสิทธิ์ทุนพิเศษ โอนค่าดำเนินการ 500 บาทก่อนรับทุน now,scam,fake_scholarship,0.97,short_message,Discord,0,0,0,0,1,1,1,0,61,thai_english_mix,มีคำเร่งเร้า; มีบริบทเกี่ยวกับเงิน/โอน/บัญชี
2092,ของถูกมาก แต่ต้องจองภายในวันนี้ ⚠️📌,suspicious,marketplace_risk,0.46,thai_english_mix,TU Marketplace,0,0,0,0,0,1,0,0,35,emoji,มีคำเร่งเร้า; มีสัญญาณเสี่ยงแต่หลักฐานยังไม่ชัด
2093,กดลิงก์รับเงินคืนค่าธรรมเนียมการศึกษา [URL] 💸,scam,refund_scam,0.97,emoji,Email,1,0,0,0,1,0,1,0,45,emoji,มีลิงก์หรือการชวนคลิกลิงก์; มีบริบทเกี่ยวกับเงิน/โอน/บัญชี
2094,รุ่นพี่ฝากบอกให้โอนค่าชีทด่วน ไม่งั้นหมดสิทธิ์ ‼️🚨,scam,tu_scam,0.91,short_message,Facebook Group,0,0,0,0,1,1,0,0,50,emoji,มีคำเร่งเร้า; มีบริบทเกี่ยวกับเงิน/โอน/บัญชี
2095,รับทุนการศึกษาเร่งด่วน กรอกข้อมูลและเลขบัญชีที่ tu-form.example.invalid 📌🚨 ทัก DM,scam,fake_scholarship,0.88,short_message,Web Form,1,0,1,0,1,1,1,0,81,emoji,มีลิงก์หรือการชวนคลิกลิงก์; มีคำเร่งเร้า; มีบริบทเกี่ยวกับเงิน/โอน/บัญชี
2096,ขายหนังสือ CS251 มือสอง นัดรับ SC3 ได้ 💬,normal,tu_marketplace,0.09,emoji,TU Marketplace,0,0,0,0,0,0,0,0,40,emoji,บริบททั่วไปหรือมีการนัดรับ/ตรวจสอบได้
2097,ใครเจอบัตรนักศึกษาที่ คณะวิทย์ ทักมาหน่อยครับบบ,normal,tu_general,0.03,short_message,X/Twitter,0,0,0,0,0,0,0,0,47,repeat_chars,บริบททั่วไปหรือมีการนัดรับ/ตรวจสอบได้
2098,พัสดุติดปัญหา ชำระค่าธรรมเนียมที่ bit.ly/example_fake เพื่อรับของ inbox ได้,scam,delivery_scam,0.89,formal,Web Form,1,0,0,0,0,0,0,0,75,none,มีลิงก์หรือการชวนคลิกลิงก์
2099,คุณได้รับสิทธิ์ทุนพิเศษ โอนค่าดำเนินการ 200 บาทก่อนรับทุน ส่งในกลุ่มได้เลย,scam,fake_scholarship,0.92,casual,Email,0,0,0,0,1,0,1,0,74,none,มีบริบทเกี่ยวกับเงิน/โอน/บัญชี
2100,สมัครงาน part-time online จ่ายค่าสมัครก่อน 500 แล้วเริ่มงานได้เลย 🚨💸,scam,job_scam,0.9,formal,Web Form,0,0,0,0,0,0,0,1,68,emoji,มีบริบทสมัครงาน/รายได้
2101,ขายหนังสือ EL171 มือสอง นัดรับ คณะวิทย์ ได้ ✨,normal,tu_marketplace,0.2,thai_english_mix,TU Marketplace,0,0,0,0,0,0,0,0,45,emoji,บริบททั่วไปหรือมีการนัดรับ/ตรวจสอบได้
2102,กรุณายืนยัน OTP เพื่อปลดล็อกบัญชีทันที ‼️🚨 ส่งในกลุ่มได้เลย,scam,otp,0.85,casual,TU Marketplace,0,0,1,1,0,1,0,0,59,emoji,พบคำเกี่ยวกับ OTP/ยืนยันตัวตน; มีคำเร่งเร้า
2103,อาจารย์ส่ง link zoom ใน classroom แล้วนะ 👍💬,normal,meeting,0.2,formal,SMS,1,0,0,0,0,0,0,0,43,emoji,มีลิงก์หรือการชวนคลิกลิงก์; บริบททั่วไปหรือมีการนัดรับ/ตรวจสอบได้
2104,ส่งรหัส OTP มาให้แอดมินเพื่อยืนยันตัวตนก่อนรับเงินคืน 🚨,scam,otp,0.91,short_message,SMS,0,0,0,1,1,0,1,0,55,emoji,พบคำเกี่ยวกับ OTP/ยืนยันตัวตน; มีบริบทเกี่ยวกับเงิน/โอน/บัญชี
2105,กดลิงก์รับเงินคืนค่าธรรมเนียมการศึกษา tu-form.example.invalid ✨🙏,scam,refund_scam,0.8,slang,Email,1,0,0,0,1,0,1,0,64,emoji,มีลิงก์หรือการชวนคลิกลิงก์; มีบริบทเกี่ยวกับเงิน/โอน/บัญชี
2106,วันนี้ห้องเรียน บร.2 เปิดไหมครับ ok?,normal,tu_general,0.24,slang,Web Form,0,0,0,0,0,0,0,0,36,thai_english_mix,บริบททั่วไปหรือมีการนัดรับ/ตรวจสอบได้
2107,นัดรับหน้า หน้าโดม ได้ครับ สะดวกช่วงเย็น now,normal,tu_marketplace,0.21,formal,Email,0,0,0,0,0,1,0,0,44,thai_english_mix,มีคำเร่งเร้า; บริบททั่วไปหรือมีการนัดรับ/ตรวจสอบได้
2108,ขาย iPad ใช้เรียน นัดรับในมอได้ เช็คของก่อนจ่าย 🙏💬,normal,tu_marketplace,0.29,emoji,Email,0,0,0,0,0,0,0,0,50,emoji,บริบททั่วไปหรือมีการนัดรับ/ตรวจสอบได้
2109,คลิกลิงก์นี้เพื่อยืนยัันบัญชีนักศึกษา forms.example.invalid/fake,scam,phishing,0.81,casual,TU Marketplace,1,0,1,0,0,0,0,0,64,typo,มีลิงก์หรือการชวนคลิกลิงก์
2110,ราคาถูกกว่าปกติมาก  แต่ไม่ให้วิดีโอคอลดูของ ทัก DM,suspicious,marketplace_risk,0.55,short_message,LINE,0,0,0,0,0,0,0,0,50,spacing_noise,มีสัญญาณเสี่ยงแต่หลักฐานยังไม่ชัด
2111,มีลิงก์ Google Meet สำหรับประชุมไหมครับ ⚠️,normal,meeting,0.05,thai_english_mix,Discord,1,0,0,0,0,0,0,0,42,emoji,มีลิงก์หรือการชวนคลิกลิงก์; บริบททั่วไปหรือมีการนัดรับ/ตรวจสอบได้
2112,งานออนไลน์รายได้สูงมาก ไม่ต้องสัมภาษณ์ แค่ทักแชท ✅‼️,suspicious,job_risk,0.61,slang,X/Twitter,0,0,0,0,1,0,0,1,52,emoji,มีบริบทเกี่ยวกับเงิน/โอน/บัญชี; มีบริบทสมัครงาน/รายได้; มีสัญญาณเสี่ยงแต่หลักฐานยังไม่ชัด
2113,มีใครขายชีท EL171 บ้างครับ 🥺✅,normal,tu_general,0.19,slang,X/Twitter,0,0,0,0,0,0,0,0,29,emoji,บริบททั่วไปหรือมีการนัดรับ/ตรวจสอบได้
2114,งานออนไลน์รายได้สูงมาก ไม่ต้องสัมภาษณ์ แค่ทักแชท pls ทัก DM,suspicious,job_risk,0.54,thai_english_mix,Facebook Group,0,0,0,0,1,0,0,1,59,thai_english_mix,มีบริบทเกี่ยวกับเงิน/โอน/บัญชี; มีบริบทสมัครงาน/รายได้; มีสัญญาณเสี่ยงแต่หลักฐานยังไม่ชัด
2115,โอนเต็มก่อนเท่านั้น ไม่รับนัด ไม่รับวิดีโอคอล 🥺,scam,marketplace_scam,0.98,slang,TU Marketplace,0,0,0,0,1,0,0,0,47,emoji,มีบริบทเกี่ยวกับเงิน/โอน/บัญชี
2116,ขอแนวข้อสอบ MA211 หน่อยครับ ‼️🚨 inbox ได้,normal,tu_general,0.23,thai_english_mix,Email,0,0,0,0,0,0,0,0,41,emoji,บริบททั่วไปหรือมีการนัดรับ/ตรวจสอบได้
2117,ร้านกาแฟแถวรังสิตรับพาร์ทไทม์ ชั่วโมงละ 70 บาท มีสัมภาษณ์หน้าร้าน ส่งในกลุ่มได้เลย,normal,tu_job_real,0.2,slang,LINE,0,0,0,0,1,0,0,1,82,none,มีบริบทเกี่ยวกับเงิน/โอน/บัญชี; มีบริบทสมัครงาน/รายได้; บริบททั่วไปหรือมีการนัดรับ/ตรวจสอบได้
2118,บอกว่ามีทุนพิเศษแต่ต้องรีบกรอกข้อมูล 🥺🚨,suspicious,tu_scam_risk,0.47,slang,Facebook Group,0,0,0,0,1,1,1,0,39,emoji,มีคำเร่งเร้า; มีบริบทเกี่ยวกับเงิน/โอน/บัญชี; มีสัญญาณเสี่ยงแต่หลักฐานยังไม่ชัด
2119,ขายหนังสือ MA211 มือสอง นัดรับ บร.2 ได้,normal,tu_marketplace,0.16,thai_english_mix,SMS,0,0,0,0,0,0,0,0,39,none,บริบททั่วไปหรือมีการนัดรับ/ตรวจสอบได้
2120,ขอเลขบัญชีพร้อมเพย์หน่อยครับ จะโอนค่าชีท 💬⚠️,normal,tu_marketplace,0.24,thai_english_mix,X/Twitter,0,0,1,0,1,0,0,0,44,emoji,มีบริบทเกี่ยวกับเงิน/โอน/บัญชี; บริบททั่วไปหรือมีการนัดรับ/ตรวจสอบได้
2121,มีคนขอรหัสยืนยัน บอกว่าเป็นแอดมินกลุ่ม ✨,suspicious,otp_risk,0.52,formal,Discord,0,0,0,1,0,0,0,0,40,emoji,พบคำเกี่ยวกับ OTP/ยืนยันตัวตน; มีสัญญาณเสี่ยงแต่หลักฐานยังไม่ชัด
2122,พัสดุติดปัญหา ชำระค่าธรรมเนียมที่ tu-form.example.invalid เพื่อรับของ 🚨,scam,delivery_scam,0.9,slang,Discord,1,0,0,0,0,0,0,0,71,emoji,มีลิงก์หรือการชวนคลิกลิงก์
2123,"งานออนไลน์ได้เงินวันละ 10,000 ไม่ต้องสัมภาษณ์ สมัครด่วน 🙏💸",scam,job_scam,0.99,casual,Email,0,0,0,0,1,1,0,1,58,emoji,มีคำเร่งเร้า; มีบริบทเกี่ยวกับเงิน/โอน/บัญชี; มีบริบทสมัครงาน/รายได้
2124,รีบโอนก่อนนะ เหลือคนเดียวแล้ว ⚠️,suspicious,marketplace_risk,0.54,emoji,X/Twitter,0,0,0,0,1,1,0,0,32,emoji,มีคำเร่งเร้า; มีบริบทเกี่ยวกับเงิน/โอน/บัญชี; มีสัญญาณเสี่ยงแต่หลักฐานยังไม่ชัด
2125,มีคนจองหลายคน ถ้าเอาโอนมัดจำมาก่อนได้เลย 📌✅,suspicious,marketplace_risk,0.48,formal,X/Twitter,0,0,0,0,1,0,0,0,43,emoji,มีบริบทเกี่ยวกับเงิน/โอน/บัญชี; มีสัญญาณเสี่ยงแต่หลักฐานยังไม่ชัด
2126,ขอเลขบัญชีพร้อมเพย์หน่อยครับ จะโอนค่าชีท 🔥⚠️,normal,tu_marketplace,0.07,formal,SMS,0,0,1,0,1,0,0,0,44,emoji,มีบริบทเกี่ยวกับเงิน/โอน/บัญชี; บริบททั่วไปหรือมีการนัดรับ/ตรวจสอบได้
2127,ขอแนวข้อสอบ TU100 หน่อยครับ ⚠️🙏,normal,tu_general,0.18,formal,Web Form,0,0,0,0,0,0,0,0,31,emoji,บริบททั่วไปหรือมีการนัดรับ/ตรวจสอบได้
2128,หาคนช่วยงานอีเวนต์ในมอ มีรายละเอียดงานและสถานที่ชัดเจน 🥺‼️,normal,tu_job_real,0.13,casual,X/Twitter,0,0,0,0,0,0,0,1,58,emoji,มีบริบทสมัครงาน/รายได้; บริบททั่วไปหรือมีการนัดรับ/ตรวจสอบได้
2129,รับซื้อเครื่องคิดเลขมือสอง ขอราคาไม่แรง ✅,normal,tu_marketplace,0.05,slang,SMS,0,0,0,0,0,0,0,0,41,emoji,บริบททั่วไปหรือมีการนัดรับ/ตรวจสอบได้
2130,วันนี้ห้องเรียน SC3 เปิดไหมครับ 👍💸,normal,tu_general,0.2,formal,TU Marketplace,0,0,0,0,0,0,0,0,34,emoji,บริบททั่วไปหรือมีการนัดรับ/ตรวจสอบได้
2131,กรุณายืนยัน OTP เพื่อปลดล็อกบัญชีทันที ⚠️💸,scam,otp,0.92,thai_english_mix,SMS,0,0,1,1,0,1,0,0,42,emoji,พบคำเกี่ยวกับ OTP/ยืนยันตัวตน; มีคำเร่งเร้า
2132,ขอโอนเต็มก่อน เดี๋ยวส่งเลขพัสดุให้ ✅✨,suspicious,marketplace_risk,0.63,formal,TU Marketplace,0,0,0,0,1,0,0,0,37,emoji,มีบริบทเกี่ยวกับเงิน/โอน/บัญชี; มีสัญญาณเสี่ยงแต่หลักฐานยังไม่ชัด
2133,ของอยู่ต่างจังหวัด โอนก่อนส่งเท่านั้น ราคาพิเศษถึงวันนี้ ✅,scam,marketplace_scam,0.9,casual,X/Twitter,0,0,0,0,1,0,0,0,58,emoji,มีบริบทเกี่ยวกับเงิน/โอน/บัญชี
2134,ทักไลน์อย่างเดียวครับ ไม่ค่อยตอบในกลุ่ม ⚠️🚨,suspicious,marketplace_risk,0.47,formal,TU Marketplace,0,0,0,0,0,0,0,0,43,emoji,มีสัญญาณเสี่ยงแต่หลักฐานยังไม่ชัด
2135,มีคนขอรหัสยืนยัน บอกว่าเป็นแอดมินกลุ่ม 😅🚨,suspicious,otp_risk,0.66,emoji,Discord,0,0,0,1,0,0,0,0,41,emoji,พบคำเกี่ยวกับ OTP/ยืนยันตัวตน; มีสัญญาณเสี่ยงแต่หลักฐานยังไม่ชัด
2136,อ้างว่าเป็นรุ่นพี่คณะ ขอให้โอนเงินช่วยจองสิทธิ์ ✨✅,suspicious,tu_scam_risk,0.63,emoji,Discord,0,0,0,0,1,0,0,0,50,emoji,มีบริบทเกี่ยวกับเงิน/โอน/บัญชี; มีสัญญาณเสี่ยงแต่หลักฐานยังไม่ชัด
2137,มีใครขายชีท MA211 บ้างครับ ASAP ทัก DM,normal,tu_general,0.24,emoji,LINE,0,0,0,0,0,0,0,0,38,thai_english_mix,บริบททั่วไปหรือมีการนัดรับ/ตรวจสอบได้
2138,พัสดุติดปัญหา ชำระค่าธรรมเนียมที่ forms.example.invalid/fake เพื่อรับของ 😅,scam,delivery_scam,0.84,emoji,TU Marketplace,1,0,0,0,0,0,0,0,74,emoji,มีลิงก์หรือการชวนคลิกลิงก์
2139,รีบโอนก่อนนะ เหลือคนเดียวแล้ว 🔥📌,suspicious,marketplace_risk,0.71,casual,Web Form,0,0,0,0,1,1,0,0,32,emoji,มีคำเร่งเร้า; มีบริบทเกี่ยวกับเงิน/โอน/บัญชี; มีสัญญาณเสี่ยงแต่หลักฐานยังไม่ชัด
2140,ระบบ TU แจ้งเตือน ให้ update password ผ่าน bit.ly/example_fake ด่วนนน,scam,phishing,0.82,casual,Facebook Group,1,0,0,0,0,1,0,0,69,repeat_chars,มีลิงก์หรือการชวนคลิกลิงก์; มีคำเร่งเร้า
2141,ขายหนังสือ TU100 มือสอง นัดรับ SC3 ได้ 🚨,normal,tu_marketplace,0.05,casual,Facebook Group,0,0,0,0,0,0,0,0,40,emoji,บริบททั่วไปหรือมีการนัดรับ/ตรวจสอบได้
2142,โอนมัดจำค่าหอ 200 บาทได้ไหมครับ,normal,tu_marketplace,0.14,slang,Facebook Group,0,0,0,0,1,0,0,0,31,none,มีบริบทเกี่ยวกับเงิน/โอน/บัญชี; บริบททั่วไปหรือมีการนัดรับ/ตรวจสอบได้
2143, คุณได้รับสิทธิ์ทุนพิเศษ  โอนค่าดำเนินการ  300  บาทก่อนรับทุน ,scam,fake_scholarship,0.85,slang,LINE,0,0,0,0,1,0,1,0,62,spacing_noise,มีบริบทเกี่ยวกับเงิน/โอน/บัญชี
2144,โอนมัดจำค่าหอ  1000  บาทได้ไหมครับ,normal,tu_marketplace,0.22,emoji,IG DM,0,0,0,0,1,0,0,0,34,spacing_noise,มีบริบทเกี่ยวกับเงิน/โอน/บัญชี; บริบททั่วไปหรือมีการนัดรับ/ตรวจสอบได้
2145, บัญชีคุณถูกระงับ  กรุณายืนยันตัวตนทันทีที่  example.invalid/verify  line: @fakeid,scam,phishing,0.96,slang,Web Form,1,0,1,1,0,1,0,0,82,spacing_noise,พบคำเกี่ยวกับ OTP/ยืนยันตัวตน; มีลิงก์หรือการชวนคลิกลิงก์; มีคำเร่งเร้า
2146,มีคนจองหลายคน ถ้าเอาโอนมัดจำมาก่อนได้เลย verify pls,suspicious,marketplace_risk,0.66,slang,IG DM,0,0,0,1,1,0,0,0,51,thai_english_mix,พบคำเกี่ยวกับ OTP/ยืนยันตัวตน; มีบริบทเกี่ยวกับเงิน/โอน/บัญชี; มีสัญญาณเสี่ยงแต่หลักฐานยังไม่ชัด
2147,มีลิงก์ให้กรอกข้อมูลเพื่อรับสิทธิ์ ลองเช็คก่อนนะ ⚠️👍,suspicious,phishing_risk,0.59,slang,Email,1,0,0,0,0,0,0,0,52,emoji,มีลิงก์หรือการชวนคลิกลิงก์; มีสัญญาณเสี่ยงแต่หลักฐานยังไม่ชัด
2148,ส่งเลขบัญชีมา เดี๋ยวโอนค่าหนังสือให้ครับ ✅⚠️,normal,tu_marketplace,0.07,thai_english_mix,SMS,0,0,1,0,1,0,0,0,44,emoji,มีบริบทเกี่ยวกับเงิน/โอน/บัญชี; บริบททั่วไปหรือมีการนัดรับ/ตรวจสอบได้
2149,คุณได้รับสิทธิ์ทุนพิเศษ โอนค่าดำเนินการ 500 บาทก่อนรับทุน 🥺 ส่งในกลุ่มได้เลย,scam,fake_scholarship,0.86,slang,Facebook Group,0,0,0,0,1,0,1,0,76,emoji,มีบริบทเกี่ยวกับเงิน/โอน/บัญชี
2150,รับทุนการศึกษาเร่งด่วน กรอกข้อมูลและเลขบัญชีที่ bit.ly/example_fake 💬⚠️,scam,fake_scholarship,0.89,emoji,SMS,1,0,1,0,1,1,1,0,71,emoji,มีลิงก์หรือการชวนคลิกลิงก์; มีคำเร่งเร้า; มีบริบทเกี่ยวกับเงิน/โอน/บัญชี
2151,ราคาถูกกว่าปกติมาก แต่ไม่ให้วิดีโอคอลดูของ 👍,suspicious,marketplace_risk,0.73,short_message,Web Form,0,0,0,0,0,0,0,0,44,emoji,มีสัญญาณเสี่ยงแต่หลักฐานยังไม่ชัด
2152,รับทุนการศึกษาเร่งด่วน กรอกข้อมูลและเลขบัญชีที่ forms.example.invalid/fake line: @fakeid,scam,fake_scholarship,0.89,thai_english_mix,TU Marketplace,1,0,1,0,1,1,1,0,88,none,มีลิงก์หรือการชวนคลิกลิงก์; มีคำเร่งเร้า; มีบริบทเกี่ยวกับเงิน/โอน/บัญชี
2153, ใครเจอบัตรนักศึกษาที่  คณะวิทย์  ทักมาหน่อยครับ  inbox ได้,normal,tu_general,0.19,short_message,TU Marketplace,0,0,0,0,0,0,0,0,59,spacing_noise,บริบททั่วไปหรือมีการนัดรับ/ตรวจสอบได้
2154,บัญชีนี้ของแฟนเราเอง ปลอดภัยแน่นอน โอนมาเลย 🙏,scam,marketplace_scam,0.9,formal,IG DM,0,0,1,0,1,0,0,0,45,emoji,มีบริบทเกี่ยวกับเงิน/โอน/บัญชี
2155,ส่งรหัส OTP มาให้แอดมินเพื่อยืนยัันตัวตนก่อนรับเงินคืน inbox ได้,scam,otp,0.97,thai_english_mix,Facebook Group,0,0,0,1,1,0,1,0,64,typo,พบคำเกี่ยวกับ OTP/ยืนยันตัวตน; มีบริบทเกี่ยวกับเงิน/โอน/บัญชี
2156,คลิกลิงก์นี้เพื่อยืนยันบัญชีนักศึกษา example.invalid/verify ทัก DM,scam,phishing,0.93,emoji,SMS,1,0,1,1,0,0,0,0,66,none,พบคำเกี่ยวกับ OTP/ยืนยันตัวตน; มีลิงก์หรือการชวนคลิกลิงก์
2157,สมัครงาน part-time online จ่ายค่าสมัครก่อน 1500 แล้วเริ่มงานได้เลย 🥺,scam,job_scam,0.88,slang,X/Twitter,0,0,0,0,0,0,0,1,68,emoji,มีบริบทสมัครงาน/รายได้
2158,ระบบ TU แจ้งเตือน ให้ update password ผ่าน bit.ly/example_fake ด่วน 😅,scam,phishing,0.82,formal,Email,1,0,0,0,0,1,0,0,69,emoji,มีลิงก์หรือการชวนคลิกลิงก์; มีคำเร่งเร้า
2159,ร้านกาแฟแถวรังสิตรับพาร์ทไทม์  ชั่วโมงละ  70  บาท  มีสัมภาษณ์หน้าร้าน,normal,tu_job_real,0.21,thai_english_mix,SMS,0,0,0,0,1,0,0,1,69,spacing_noise,มีบริบทเกี่ยวกับเงิน/โอน/บัญชี; มีบริบทสมัครงาน/รายได้; บริบททั่วไปหรือมีการนัดรับ/ตรวจสอบได้
2160,เจ้าหน้าที่มหาลัยขอ username password เพื่อตรวจสอบสถานะ 💸🚨,scam,impersonation,0.88,formal,TU Marketplace,0,0,0,0,0,0,0,0,58,emoji,
2161,รับทุนการศึกษาเร่งด่วน กรอกข้อมูลและเลขบัญชีที่ forms.example.invalid/fake 🔥 inbox ได้,scam,fake_scholarship,0.82,short_message,IG DM,1,0,1,0,1,1,1,0,86,emoji,มีลิงก์หรือการชวนคลิกลิงก์; มีคำเร่งเร้า; มีบริบทเกี่ยวกับเงิน/โอน/บัญชี
2162,ขอเลขบัญชีพร้อมเพย์หน่อยครับ จะโอนค่าชีท 😅💸,normal,tu_marketplace,0.05,short_message,SMS,0,0,1,0,1,0,0,0,43,emoji,มีบริบทเกี่ยวกับเงิน/โอน/บัญชี; บริบททั่วไปหรือมีการนัดรับ/ตรวจสอบได้
2163,โอนมัดจำค่าหอ 1500 บาทได้ไหมครับ,normal,tu_marketplace,0.24,emoji,Discord,0,0,0,0,1,0,0,0,32,none,มีบริบทเกี่ยวกับเงิน/โอน/บัญชี; บริบททั่วไปหรือมีการนัดรับ/ตรวจสอบได้
2164,ประกาศจากคณะให้กรอกแบบประเมินรายวิชาในระบบทางการ ‼️⚠️ line: @fakeid,normal,admin_real,0.07,thai_english_mix,IG DM,0,0,0,0,0,0,0,0,67,emoji,บริบททั่วไปหรือมีการนัดรับ/ตรวจสอบได้
2165,ขอแนวข้อสอบ EL171 หน่อยครับ 🔥✅,normal,tu_general,0.05,thai_english_mix,SMS,0,0,0,0,0,0,0,0,30,emoji,บริบททั่วไปหรือมีการนัดรับ/ตรวจสอบได้
2166,คลิกลิ้งนี้เพื่อยืนยัันบัญชีนักศึกษา example.invalid/verify,scam,phishing,0.9,short_message,LINE,1,0,1,1,0,0,0,0,59,typo,พบคำเกี่ยวกับ OTP/ยืนยันตัวตน; มีลิงก์หรือการชวนคลิกลิงก์
2167,แอดมินคณะขอค่าจองสิทธิ์สอบ โอนมาที่ บัญชี xxx123 ภายในวันนี้ ส่งในกลุ่มได้เลย,scam,tu_scam,0.9,emoji,TU Marketplace,0,0,1,0,1,1,0,0,77,none,มีคำเร่งเร้า; มีบริบทเกี่ยวกับเงิน/โอน/บัญชี
2168,พัสดุติดปัญหา ชำระค่าธรรมเนียมที่ [URL] เพื่อรับของ 👍📌,scam,delivery_scam,0.98,slang,Web Form,1,0,0,0,0,0,0,0,54,emoji,มีลิงก์หรือการชวนคลิกลิงก์
2169,อ้างว่าเป็นรุ่นพี่คณะ ขอให้โอนเงินช่วยจองสิทธิ์ 🚨🙏,suspicious,tu_scam_risk,0.7,short_message,TU Marketplace,0,0,0,0,1,0,0,0,50,emoji,มีบริบทเกี่ยวกับเงิน/โอน/บัญชี; มีสัญญาณเสี่ยงแต่หลักฐานยังไม่ชัด
2170,มีคนขอรหัสยืนยัน บอกว่าเป็นแอดมินกลุ่ม 👍🥺,suspicious,otp_risk,0.5,short_message,LINE,0,0,0,1,0,0,0,0,41,emoji,พบคำเกี่ยวกับ OTP/ยืนยันตัวตน; มีสัญญาณเสี่ยงแต่หลักฐานยังไม่ชัด
2171,มีลิงก์ให้กรอกข้อมูลเพื่อรับสิทธิ์ ลองเช็คก่อนนะ ok? ส่งในกลุ่มได้เลย,suspicious,phishing_risk,0.47,short_message,LINE,1,0,0,0,0,0,0,0,69,thai_english_mix,มีลิงก์หรือการชวนคลิกลิงก์; มีสัญญาณเสี่ยงแต่หลักฐานยังไม่ชัด
2172,หอพักแถวเชียงรากเดือนละไม่เกิน 4500 มีแนะนำไหม line: @fakeid,normal,tu_general,0.19,emoji,LINE,0,0,0,0,0,0,0,0,60,none,บริบททั่วไปหรือมีการนัดรับ/ตรวจสอบได้
2173,รีบโอนก่อนนะ เหลือคนเดียวแล้ว 🔥💸,suspicious,marketplace_risk,0.67,emoji,Email,0,0,0,0,1,1,0,0,32,emoji,มีคำเร่งเร้า; มีบริบทเกี่ยวกับเงิน/โอน/บัญชี; มีสัญญาณเสี่ยงแต่หลักฐานยังไม่ชัด
2174,กดลิงก์รับเงินคืนค่าธรรมเนียมการศึกษา example.invalid/verify 👍,scam,refund_scam,0.98,slang,SMS,1,0,0,1,1,0,1,0,62,emoji,พบคำเกี่ยวกับ OTP/ยืนยันตัวตน; มีลิงก์หรือการชวนคลิกลิงก์; มีบริบทเกี่ยวกับเงิน/โอน/บัญชี
2175, ขอแนวข้อสอบ  TU100  หน่อยครับ ,normal,tu_general,0.23,thai_english_mix,LINE,0,0,0,0,0,0,0,0,31,spacing_noise,บริบททั่วไปหรือมีการนัดรับ/ตรวจสอบได้
2176,รับทุนการศึกษาเร่งด่วน กรอกข้อมูลและเลขบัญชีที่ forms.example.invalid/fake ✅⚠️,scam,fake_scholarship,0.99,formal,Web Form,1,0,1,0,1,1,1,0,78,emoji,มีลิงก์หรือการชวนคลิกลิงก์; มีคำเร่งเร้า; มีบริบทเกี่ยวกับเงิน/โอน/บัญชี
2177,มีลิงก์ Google Meet สำหรับประชุมไหมครับ 👍🙏,normal,meeting,0.15,formal,SMS,1,0,0,0,0,0,0,0,42,emoji,มีลิงก์หรือการชวนคลิกลิงก์; บริบททั่วไปหรือมีการนัดรับ/ตรวจสอบได้
2178,สมัครงาน part-time online จ่ายค่าสมัครก่อน 1500 แล้วเริ่มงานได้เลย verify pls,scam,job_scam,0.86,emoji,Discord,0,0,0,1,0,0,0,1,77,thai_english_mix,พบคำเกี่ยวกับ OTP/ยืนยันตัวตน; มีบริบทสมัครงาน/รายได้
2179,มีคนจองหลายคน ถ้าเอาโอนมัดจำมาก่อนได้เลย 📌,suspicious,marketplace_risk,0.73,casual,TU Marketplace,0,0,0,0,1,0,0,0,42,emoji,มีบริบทเกี่ยวกับเงิน/โอน/บัญชี; มีสัญญาณเสี่ยงแต่หลักฐานยังไม่ชัด
2180,มีคนจองหลายคน ถ้าเอาโอนมัดจำมาก่อนได้เลย ทัก DM,suspicious,marketplace_risk,0.49,thai_english_mix,TU Marketplace,0,0,0,0,1,0,0,0,47,none,มีบริบทเกี่ยวกับเงิน/โอน/บัญชี; มีสัญญาณเสี่ยงแต่หลักฐานยังไม่ชัด
2181,โอนมัดจำค่าหอ 100 บาทได้ไหมครับ ok? ทัก DM,normal,tu_marketplace,0.29,short_message,Facebook Group,0,0,0,0,1,0,0,0,42,thai_english_mix,มีบริบทเกี่ยวกับเงิน/โอน/บัญชี; บริบททั่วไปหรือมีการนัดรับ/ตรวจสอบได้
2182,หอพักแถวเชียงรากเดือนละไม่เกิน 4000 มีแนะนำไหม inbox ได้,normal,tu_general,0.21,casual,LINE,0,0,0,0,0,0,0,0,56,none,บริบททั่วไปหรือมีการนัดรับ/ตรวจสอบได้
2183,ราคาถูกกว่าปกติมาก  แต่ไม่ให้วิดีโอคอลดูของ line: @fakeid,suspicious,marketplace_risk,0.47,emoji,Facebook Group,0,0,0,0,0,0,0,0,57,spacing_noise,มีสัญญาณเสี่ยงแต่หลักฐานยังไม่ชัด
2184,คลิกลิงก์นี้เพื่อยืนยันบัญชีนักศึกษา bit.ly/example_fake 😅🥺,scam,phishing,0.97,casual,Web Form,1,0,1,0,0,0,0,0,59,emoji,มีลิงก์หรือการชวนคลิกลิงก์
2185,รับทุนการศึกษาเร่งด่วน กรอกข้อมูลและเลขบัญชีที่ tu-form.example.invalid now,scam,fake_scholarship,0.85,thai_english_mix,Web Form,1,0,1,0,1,1,1,0,75,thai_english_mix,มีลิงก์หรือการชวนคลิกลิงก์; มีคำเร่งเร้า; มีบริบทเกี่ยวกับเงิน/โอน/บัญชี
2186,ของอยู่ต่างจังหวัด โอนก่อนส่งเท่านั้น ราคาพิเศษถึงวันนี้ ✅ ทัก DM,scam,marketplace_scam,0.85,slang,TU Marketplace,0,0,0,0,1,0,0,0,65,emoji,มีบริบทเกี่ยวกับเงิน/โอน/บัญชี
2187,ใครเจอบัตรนักศึกษาที่ BRT ทักมาหน่อยครับ 🔥📌,normal,tu_general,0.06,formal,SMS,0,0,0,0,0,0,0,0,43,emoji,บริบททั่วไปหรือมีการนัดรับ/ตรวจสอบได้
2188,ไม่สะดวกนัดรับ ขอส่งอย่างเดียว โอนก่อนส่งนะ 🥺😅,suspicious,marketplace_risk,0.48,thai_english_mix,SMS,0,0,0,0,1,0,0,0,46,emoji,มีบริบทเกี่ยวกับเงิน/โอน/บัญชี; มีสัญญาณเสี่ยงแต่หลักฐานยังไม่ชัด
2189,ไม่สะดวกนัดรับ ขอส่งอย่างเดียว โอนก่อนส่งนะ ‼️ line: @fakeid,suspicious,marketplace_risk,0.6,formal,X/Twitter,0,0,0,0,1,0,0,0,60,emoji,มีบริบทเกี่ยวกับเงิน/โอน/บัญชี; มีสัญญาณเสี่ยงแต่หลักฐานยังไม่ชัด
2190,ขอโอนนเต็มก่อน เด๋วส่งเลขพัสดุให้ inbox ได้,suspicious,marketplace_risk,0.69,short_message,Email,0,0,0,0,1,0,0,0,43,typo,มีบริบทเกี่ยวกับเงิน/โอน/บัญชี; มีสัญญาณเสี่ยงแต่หลักฐานยังไม่ชัด
2191,ขายหนังสือ TU100 มือสอง นัดรับ โรงอาหารกลาง ได้ 🚨,normal,tu_marketplace,0.09,casual,Email,0,0,0,0,0,0,0,0,49,emoji,บริบททั่วไปหรือมีการนัดรับ/ตรวจสอบได้
2192,ขาย iPad ใช้เรียน นัดรับในมอได้ เช็คของก่อนจ่าย ✨⚠️,normal,tu_marketplace,0.13,short_message,TU Marketplace,0,0,0,0,0,0,0,0,51,emoji,บริบททั่วไปหรือมีการนัดรับ/ตรวจสอบได้
2193,มีคนขอรหัสยืนยัน บอกว่าเป็นแอดมินกลุ่ม 🙏 inbox ได้,suspicious,otp_risk,0.6,thai_english_mix,Discord,0,0,0,1,0,0,0,0,50,emoji,พบคำเกี่ยวกับ OTP/ยืนยันตัวตน; มีสัญญาณเสี่ยงแต่หลักฐานยังไม่ชัด
2194,ขอโอนเต็มก่อน เดี๋ยวส่งเลขพัสดุให้ ok?,suspicious,marketplace_risk,0.45,short_message,SMS,0,0,0,0,1,0,0,0,38,thai_english_mix,มีบริบทเกี่ยวกับเงิน/โอน/บัญชี; มีสัญญาณเสี่ยงแต่หลักฐานยังไม่ชัด
2195,ใครเจอบัตรนักศึกษาที่ หน้าโดม ทักมาหน่อยครับ 📌,normal,tu_general,0.1,slang,SMS,0,0,0,0,0,0,0,0,46,emoji,บริบททั่วไปหรือมีการนัดรับ/ตรวจสอบได้
2196,วันนี้ห้องเรียน หอสมุดป๋วย เปิดไหมครับ ✅🔥,normal,tu_general,0.1,formal,LINE,0,0,0,0,0,0,0,0,41,emoji,บริบททั่วไปหรือมีการนัดรับ/ตรวจสอบได้
2197,เจ้าหน้าที่มหาลัยขอ username password เพื่อตรวจสอบสถานะ ‼️,scam,impersonation,0.87,thai_english_mix,Facebook Group,0,0,0,0,0,0,0,0,58,emoji,
2198,พัสดุติดปัญหา ชำระค่าธรรมเนียมที่ bit.ly/example_fake เพื่อรับของ ✨,scam,delivery_scam,0.89,short_message,Facebook Group,1,0,0,0,0,0,0,0,67,emoji,มีลิงก์หรือการชวนคลิกลิงก์
2199,รับหิ้วของจากญี่ปุ่น  สนใจทักได้  นัดรับได้ในมอ line: @fakeid,normal,tu_general,0.17,short_message,TU Marketplace,0,0,0,0,0,0,0,0,61,spacing_noise,บริบททั่วไปหรือมีการนัดรับ/ตรวจสอบได้
2200,ร้านกาแฟแถวรังสิตรับพาร์ทไทม์ ชั่วโมงละ 70 บาท มีสัมภาษณ์หน้าร้าน ✅🚨,normal,tu_job_real,0.28,slang,Email,0,0,0,0,1,0,0,1,68,emoji,มีบริบทเกี่ยวกับเงิน/โอน/บัญชี; มีบริบทสมัครงาน/รายได้; บริบททั่วไปหรือมีการนัดรับ/ตรวจสอบได้
2201,อ้างว่าเป็นรุ่นพี่คณะ ขอให้โอนเงินช่วยจองสิทธิ์ 🥺✅,suspicious,tu_scam_risk,0.73,short_message,Facebook Group,0,0,0,0,1,0,0,0,50,emoji,มีบริบทเกี่ยวกับเงิน/โอน/บัญชี; มีสัญญาณเสี่ยงแต่หลักฐานยังไม่ชัด
2202,ส่งเลขบัญชีมา เดี๋ยวโอนค่าหนังสือให้ครับ ⚠️😅,normal,tu_marketplace,0.25,thai_english_mix,IG DM,0,0,1,0,1,0,0,0,44,emoji,มีบริบทเกี่ยวกับเงิน/โอน/บัญชี; บริบททั่วไปหรือมีการนัดรับ/ตรวจสอบได้
2203,ไม่สะดวกนัดรับ ขอส่งอย่างเดียว โอนก่อนส่งนะ 👍,suspicious,marketplace_risk,0.48,casual,LINE,0,0,0,0,1,0,0,0,45,emoji,มีบริบทเกี่ยวกับเงิน/โอน/บัญชี; มีสัญญาณเสี่ยงแต่หลักฐานยังไม่ชัด
2204,มีคนขอรหัสยืนยัน บอกว่าเป็นแอดมินกลุ่ม 🔥,suspicious,otp_risk,0.55,formal,X/Twitter,0,0,0,1,0,0,0,0,40,emoji,พบคำเกี่ยวกับ OTP/ยืนยันตัวตน; มีสัญญาณเสี่ยงแต่หลักฐานยังไม่ชัด
2205,มีลิงก์ Google Meet สำหรับประชุมไหมครับ pls line: @fakeid,normal,meeting,0.24,formal,TU Marketplace,1,0,0,0,0,0,0,0,57,thai_english_mix,มีลิงก์หรือการชวนคลิกลิงก์; บริบททั่วไปหรือมีการนัดรับ/ตรวจสอบได้
2206,ขายหนังสือ MA211 มือสอง นัดรับ โรงอาหารกลาง ได้,normal,tu_marketplace,0.06,short_message,IG DM,0,0,0,0,0,0,0,0,47,none,บริบททั่วไปหรือมีการนัดรับ/ตรวจสอบได้
2207,ระบบ TU แจ้งเตือน ให้ update password ผ่าน bit.ly/example_fake ด่วน ✅⚠️,scam,phishing,0.95,thai_english_mix,Email,1,0,0,0,0,1,0,0,71,emoji,มีลิงก์หรือการชวนคลิกลิงก์; มีคำเร่งเร้า
2208,มีใครขายชีท CS254 บ้างครับ 💸🙏,normal,tu_general,0.27,formal,Web Form,0,0,0,0,0,0,0,0,29,emoji,บริบททั่วไปหรือมีการนัดรับ/ตรวจสอบได้
2209,Your account has been suspended verify now [URL] 🙏,scam,phishing,0.98,thai_english_mix,Email,1,0,0,1,0,1,0,0,50,emoji,พบคำเกี่ยวกับ OTP/ยืนยันตัวตน; มีลิงก์หรือการชวนคลิกลิงก์; มีคำเร่งเร้า
2210,คุณได้รับสิทธิ์ทุนพิเศษ โอนค่าดำเนินการ 200 บาทก่อนรับทุน ✨,scam,fake_scholarship,0.83,slang,LINE,0,0,0,0,1,0,1,0,59,emoji,มีบริบทเกี่ยวกับเงิน/โอน/บัญชี
2211,ทักไลน์อย่างเดียวครับ ไม่ค่อยตอบในกลุ่ม 💬🚨,suspicious,marketplace_risk,0.51,emoji,Facebook Group,0,0,0,0,0,0,0,0,42,emoji,มีสัญญาณเสี่ยงแต่หลักฐานยังไม่ชัด
2212,รับซื้อเครื่องคิดเลขมือสอง ขอราคาไม่แรง 🔥👍,normal,tu_marketplace,0.2,formal,Facebook Group,0,0,0,0,0,0,0,0,42,emoji,บริบททั่วไปหรือมีการนัดรับ/ตรวจสอบได้
2213,Your account has been suspended verify now tu-form.example.invalid verify pls,scam,phishing,0.95,slang,Facebook Group,1,0,0,1,0,1,0,0,77,thai_english_mix,พบคำเกี่ยวกับ OTP/ยืนยันตัวตน; มีลิงก์หรือการชวนคลิกลิงก์; มีคำเร่งเร้า
2214,อ้างว่าเป็นรุ่นพี่คณะ ขอให้โอนเงินช่วยจองสิทธิ์ 👍📌,suspicious,tu_scam_risk,0.59,formal,Email,0,0,0,0,1,0,0,0,50,emoji,มีบริบทเกี่ยวกับเงิน/โอน/บัญชี; มีสัญญาณเสี่ยงแต่หลักฐานยังไม่ชัด
2215,ขอแนวข้อสอบ CS251 หน่อยครับ 💸 line: @fakeid,normal,tu_general,0.29,emoji,Facebook Group,0,0,0,0,0,0,0,0,43,emoji,บริบททั่วไปหรือมีการนัดรับ/ตรวจสอบได้
2216,หาคนช่วยงานอีเวนต์ในมอ มีรายละเอียดงานและสถานที่ชัดเจน 🥺,normal,tu_job_real,0.22,short_message,TU Marketplace,0,0,0,0,0,0,0,1,56,emoji,มีบริบทสมัครงาน/รายได้; บริบททั่วไปหรือมีการนัดรับ/ตรวจสอบได้
2217,มีใครขายชีท CS222 บ้างคับ,normal,tu_general,0.29,casual,Web Form,0,0,0,0,0,0,0,0,25,typo,บริบททั่วไปหรือมีการนัดรับ/ตรวจสอบได้
2218,บัญชีคุณถูกระงับ กรุณายืนยันตัวตนทันทีที่ tu-form.example.invalid ✨,scam,phishing,0.83,slang,X/Twitter,1,0,1,1,0,1,0,0,67,emoji,พบคำเกี่ยวกับ OTP/ยืนยันตัวตน; มีลิงก์หรือการชวนคลิกลิงก์; มีคำเร่งเร้า
2219,สมัครงาน part-time online จ่ายค่าสมัครก่อน 200 แล้วเริ่มงานได้เลย verify pls,scam,job_scam,0.88,thai_english_mix,TU Marketplace,0,0,0,1,0,0,0,1,76,thai_english_mix,พบคำเกี่ยวกับ OTP/ยืนยันตัวตน; มีบริบทสมัครงาน/รายได้
2220,ของถูกมาก แต่ต้องจองภายในวันนี้ 🚨💸 ทัก DM,suspicious,marketplace_risk,0.74,short_message,Web Form,0,0,0,0,0,1,0,0,41,emoji,มีคำเร่งเร้า; มีสัญญาณเสี่ยงแต่หลักฐานยังไม่ชัด
2221,ทักไลน์อย่างเดียวครับ ไม่ค่อยตอบในกลุ่ม 😅,suspicious,marketplace_risk,0.47,thai_english_mix,Web Form,0,0,0,0,0,0,0,0,41,emoji,มีสัญญาณเสี่ยงแต่หลักฐานยังไม่ชัด
2222,คุณได้รับสิทธิ์ทุนพิเศษ โอนค่าดำเนินการ 200 บาทก่อนรับทุน 💬,scam,fake_scholarship,0.85,emoji,Email,0,0,0,0,1,0,1,0,59,emoji,มีบริบทเกี่ยวกับเงิน/โอน/บัญชี
2223,ขายหนังสือ CS251 มือสอง นัดรับ SC3 ได้,normal,tu_marketplace,0.09,casual,TU Marketplace,0,0,0,0,0,0,0,0,38,typo,บริบททั่วไปหรือมีการนัดรับ/ตรวจสอบได้
2224,รีบโอนก่อนนะ เหลือคนเดียวแล้ว 😅👍,suspicious,marketplace_risk,0.62,thai_english_mix,Discord,0,0,0,0,1,1,0,0,32,emoji,มีคำเร่งเร้า; มีบริบทเกี่ยวกับเงิน/โอน/บัญชี; มีสัญญาณเสี่ยงแต่หลักฐานยังไม่ชัด
2225,โอนมัดจำค่าหอ 1000 บาทได้ไหมครับ 🥺,normal,tu_marketplace,0.06,casual,Facebook Group,0,0,0,0,1,0,0,0,34,emoji,มีบริบทเกี่ยวกับเงิน/โอน/บัญชี; บริบททั่วไปหรือมีการนัดรับ/ตรวจสอบได้
2226,รับซื้อเครื่องคิดเลขมือสอง ขอราคาไม่แรง 📌🙏,normal,tu_marketplace,0.13,casual,Web Form,0,0,0,0,0,0,0,0,42,emoji,บริบททั่วไปหรือมีการนัดรับ/ตรวจสอบได้
2227,คลิกลิงก์นี้เพื่อยืนยันบัญชีนักศึกษา bit.ly/example_fake now inbox ได้,scam,phishing,0.87,short_message,SMS,1,0,1,0,0,1,0,0,70,thai_english_mix,มีลิงก์หรือการชวนคลิกลิงก์; มีคำเร่งเร้า
2228,ขอโอนเต็มก่อน เดี๋ยวส่งเลขพัสดุให้ 👍🔥,suspicious,marketplace_risk,0.74,formal,LINE,0,0,0,0,1,0,0,0,37,emoji,มีบริบทเกี่ยวกับเงิน/โอน/บัญชี; มีสัญญาณเสี่ยงแต่หลักฐานยังไม่ชัด
2229,ขอแนวข้อสอบ CS251 หน่อยครับ,normal,tu_general,0.15,thai_english_mix,Email,0,0,0,0,0,0,0,0,27,none,บริบททั่วไปหรือมีการนัดรับ/ตรวจสอบได้
2230,ระบบแจ้งให้ยืนยันข้อมูลบางอย่างภายในวันนี้ ‼️🔥,suspicious,phishing_risk,0.74,short_message,Web Form,0,0,0,0,0,1,0,0,46,emoji,มีคำเร่งเร้า; มีสัญญาณเสี่ยงแต่หลักฐานยังไม่ชัด
2231,คุณได้รับสิทธิ์ทุนพิเศษ โอนค่าดำเนินการ 300 บาทก่อนรับทุน 📌 inbox ได้,scam,fake_scholarship,0.87,formal,TU Marketplace,0,0,0,0,1,0,1,0,69,emoji,มีบริบทเกี่ยวกับเงิน/โอน/บัญชี
2232,ทักไลน์อย่างเดียวครับ  ไม่ค่อยตอบในกลุ่ม,suspicious,marketplace_risk,0.48,formal,Email,0,0,0,0,0,0,0,0,40,spacing_noise,มีสัญญาณเสี่ยงแต่หลักฐานยังไม่ชัด
2233,บัญชีคุณถูกระงับ  กรุณายืนยันตัวตนทันทีที่  example.invalid/verify,scam,phishing,0.87,slang,SMS,1,0,1,1,0,1,0,0,66,spacing_noise,พบคำเกี่ยวกับ OTP/ยืนยันตัวตน; มีลิงก์หรือการชวนคลิกลิงก์; มีคำเร่งเร้า
2234,นัดรับหน้า ประตูเชียงราก ได้ครับ สะดวกช่วงเย็น ASAP line: @fakeid,normal,tu_marketplace,0.14,short_message,SMS,0,0,0,0,0,0,0,0,65,thai_english_mix,บริบททั่วไปหรือมีการนัดรับ/ตรวจสอบได้
2235,ใครเจอบัตรนักศึกษาที่ คณะวิทย์ ทักมาหน่อยครับ ✅,normal,tu_general,0.14,slang,LINE,0,0,0,0,0,0,0,0,47,emoji,บริบททั่วไปหรือมีการนัดรับ/ตรวจสอบได้
2236,สมัครงาน part-time online จ่ายค่าสมัครก่อน 300 แล้วเริ่มงานได้เลย ✅💬,scam,job_scam,0.97,slang,IG DM,0,0,0,0,0,0,0,1,68,emoji,มีบริบทสมัครงาน/รายได้
2237,ขอแนวข้อสอบ CS251 หน่อยครับ now,normal,tu_general,0.3,formal,Web Form,0,0,0,0,0,1,0,0,31,thai_english_mix,มีคำเร่งเร้า; บริบททั่วไปหรือมีการนัดรับ/ตรวจสอบได้
2238,บอกว่ามีทุนพิเศษแต่ต้องรีบกรอกข้อมูล 📌😅,suspicious,tu_scam_risk,0.45,short_message,IG DM,0,0,0,0,1,1,1,0,39,emoji,มีคำเร่งเร้า; มีบริบทเกี่ยวกับเงิน/โอน/บัญชี; มีสัญญาณเสี่ยงแต่หลักฐานยังไม่ชัด
2239,อ้างว่าเป็นรุ่นพี่คณะ ขอให้โอนเงินช่วยจองสิทธิ์ inbox ได้,suspicious,tu_scam_risk,0.48,thai_english_mix,Discord,0,0,0,0,1,0,0,0,57,none,มีบริบทเกี่ยวกับเงิน/โอน/บัญชี; มีสัญญาณเสี่ยงแต่หลักฐานยังไม่ชัด
2240,กรุณายืนยัน OTP เพื่อปลดล็อกบัญชีทันที 👍🥺,scam,otp,0.83,formal,Facebook Group,0,0,1,1,0,1,0,0,41,emoji,พบคำเกี่ยวกับ OTP/ยืนยันตัวตน; มีคำเร่งเร้า
2241,ระบบ TU แจ้งเตือน ให้ update password ผ่าน forms.example.invalid/fake ด่วน ✅👍,scam,phishing,0.86,slang,SMS,1,0,0,0,0,1,0,0,77,emoji,มีลิงก์หรือการชวนคลิกลิงก์; มีคำเร่งเร้า
2242,ราคาถูกกว่าปกติมาก แต่ไม่ให้วิดีโอคอลดูของ 💸 line: @fakeid,suspicious,marketplace_risk,0.57,formal,SMS,0,0,0,0,0,0,0,0,58,emoji,มีสัญญาณเสี่ยงแต่หลักฐานยังไม่ชัด
2243,ใครเจอบัตรนักศึกษาที่ BRT ทักมาหน่อยครับ now ทัก DM,normal,tu_general,0.05,slang,X/Twitter,0,0,0,0,0,1,0,0,51,thai_english_mix,มีคำเร่งเร้า; บริบททั่วไปหรือมีการนัดรับ/ตรวจสอบได้
2244,ขายหนังสือ CS332 มือสอง นัดรับ โรงอาหารกลาง ได้ 🔥💸,normal,tu_marketplace,0.2,short_message,LINE,0,0,0,0,0,0,0,0,50,emoji,บริบททั่วไปหรือมีการนัดรับ/ตรวจสอบได้
2245,นัดรับหน้า บร.2 ได้ครับ สะดวกช่วงเย็น ok?,normal,tu_marketplace,0.13,slang,SMS,0,0,0,0,0,0,0,0,41,thai_english_mix,บริบททั่วไปหรือมีการนัดรับ/ตรวจสอบได้
2246,กรุณายืนยัน OTP เพื่อปลดล็อกบัญชีทันที 🚨📌,scam,otp,0.87,emoji,X/Twitter,0,0,1,1,0,1,0,0,41,emoji,พบคำเกี่ยวกับ OTP/ยืนยันตัวตน; มีคำเร่งเร้า
2247,มีลิงก์ Google Meet สำหรับประชุมไหมครับ 👍,normal,meeting,0.3,thai_english_mix,Facebook Group,1,0,0,0,0,0,0,0,41,emoji,มีลิงก์หรือการชวนคลิกลิงก์; บริบททั่วไปหรือมีการนัดรับ/ตรวจสอบได้
2248,นัดรับหน้า โรงอาหารกลาง ได้คับ สะดวกช่วงเย็น,normal,tu_marketplace,0.02,thai_english_mix,Facebook Group,0,0,0,0,0,0,0,0,44,typo,บริบททั่วไปหรือมีการนัดรับ/ตรวจสอบได้
2249,บัญชีนี้ของแฟนเราเอง ปลอดภัยแน่นอน โอนมาเลย ‼️✅,scam,marketplace_scam,0.8,casual,Facebook Group,0,0,1,0,1,0,0,0,47,emoji,มีบริบทเกี่ยวกับเงิน/โอน/บัญชี
2250,job online รายได้สูง ไม่ต้องมีประสบการณ์ โอนค่าประกันก่อนเริ่มงาน ✅📌 ทัก DM,scam,job_scam,0.9,thai_english_mix,TU Marketplace,0,0,0,0,1,0,0,1,75,emoji,มีบริบทเกี่ยวกับเงิน/โอน/บัญชี; มีบริบทสมัครงาน/รายได้
2251, หาคนช่วยงานอีเวนต์ในมอ  มีรายละเอียดงานและสถานที่ชัดเจน ,normal,tu_job_real,0.04,short_message,Facebook Group,0,0,0,0,0,0,0,1,57,spacing_noise,มีบริบทสมัครงาน/รายได้; บริบททั่วไปหรือมีการนัดรับ/ตรวจสอบได้
2252,ใครเจอบัตรนักศึกษาที่ BRT ทักมาหน่อยครับ 🥺💬,normal,tu_general,0.13,slang,Email,0,0,0,0,0,0,0,0,43,emoji,บริบททั่วไปหรือมีการนัดรับ/ตรวจสอบได้
2253,มีลิงก์ให้กรอกข้อมูลเพื่อรับสิทธิ์ ลองเช็คก่อนนะ 💬,suspicious,phishing_risk,0.61,formal,LINE,1,0,0,0,0,0,0,0,50,emoji,มีลิงก์หรือการชวนคลิกลิงก์; มีสัญญาณเสี่ยงแต่หลักฐานยังไม่ชัด
2254,มีคนจองหลายคน ถ้าเอาโอนมัดจำมาก่อนได้เลย 💬✨,suspicious,marketplace_risk,0.48,thai_english_mix,Facebook Group,0,0,0,0,1,0,0,0,43,emoji,มีบริบทเกี่ยวกับเงิน/โอน/บัญชี; มีสัญญาณเสี่ยงแต่หลักฐานยังไม่ชัด
2255,ขายหนังสือ EL171 มือสอง นัดรับ บร.2 ได้ line: @fakeid,normal,tu_marketplace,0.15,formal,Web Form,0,0,0,0,0,0,0,0,53,none,บริบททั่วไปหรือมีการนัดรับ/ตรวจสอบได้
2256,ขายหนังสือ CS332 มือสอง นัดรับ BRT ได้ ‼️,normal,tu_marketplace,0.26,short_message,IG DM,0,0,0,0,0,0,0,0,41,emoji,บริบททั่วไปหรือมีการนัดรับ/ตรวจสอบได้
2257,บอกว่ามีทุนพิเศษแต่ต้องรีบกรอกข้อมูล ✅🥺,suspicious,tu_scam_risk,0.69,thai_english_mix,IG DM,0,0,0,0,1,1,1,0,39,emoji,มีคำเร่งเร้า; มีบริบทเกี่ยวกับเงิน/โอน/บัญชี; มีสัญญาณเสี่ยงแต่หลักฐานยังไม่ชัด
2258,ขาย iPad ใช้เรียน นัดรับในมอได้ เช็คของก่อนจ่าย 🔥⚠️,normal,tu_marketplace,0.17,slang,Discord,0,0,0,0,0,0,0,0,51,emoji,บริบททั่วไปหรือมีการนัดรับ/ตรวจสอบได้
2259, ระบบ  TU  แจ้งเตือน  ให้  update  password  ผ่าน  bit.ly/example_fake  ด่วน ,scam,phishing,0.96,thai_english_mix,IG DM,1,0,0,0,0,1,0,0,77,spacing_noise,มีลิงก์หรือการชวนคลิกลิงก์; มีคำเร่งเร้า
2260, พัสดุติดปัญหา  ชำระค่าธรรมเนียมที่  tu-form.example.invalid  เพื่อรับของ ,scam,delivery_scam,0.96,emoji,TU Marketplace,1,0,0,0,0,0,0,0,74,spacing_noise,มีลิงก์หรือการชวนคลิกลิงก์
2261,อ้างว่าเป็นรุ่นพี่คณะ ขอให้โอนเงินช่วยจองสิทธิ์ DM me ส่งในกลุ่มได้เลย,suspicious,tu_scam_risk,0.58,formal,LINE,0,0,0,0,1,0,0,0,70,thai_english_mix,มีบริบทเกี่ยวกับเงิน/โอน/บัญชี; มีสัญญาณเสี่ยงแต่หลักฐานยังไม่ชัด
2262,พัสดุติดปัญหา ชำระค่าธรรมเนียมที่ tu-form.example.invalid เพื่อรับของ pls,scam,delivery_scam,0.82,slang,SMS,1,0,0,0,0,0,0,0,73,thai_english_mix,มีลิงก์หรือการชวนคลิกลิงก์
2263,ขอแนวข้อสอบ TU100 หน่อยครับ 🙏🚨,normal,tu_general,0.29,emoji,TU Marketplace,0,0,0,0,0,0,0,0,30,emoji,บริบททั่วไปหรือมีการนัดรับ/ตรวจสอบได้
2264,ของถูกมาก  แต่ต้องจองภายในวันนี้,suspicious,marketplace_risk,0.55,formal,LINE,0,0,0,0,0,1,0,0,32,spacing_noise,มีคำเร่งเร้า; มีสัญญาณเสี่ยงแต่หลักฐานยังไม่ชัด
2265,คุณได้รับสิทธิ์ทุนพิเศษ โอนค่าดำเนินการ 500 บาทก่อนรับทุน 👍 ทัก DM,scam,fake_scholarship,0.83,slang,SMS,0,0,0,0,1,0,1,0,66,emoji,มีบริบทเกี่ยวกับเงิน/โอน/บัญชี
2266,ขอแนวข้อสอบ CS332 หน่อยครับ pls,normal,tu_general,0.21,emoji,Email,0,0,0,0,0,0,0,0,31,thai_english_mix,บริบททั่วไปหรือมีการนัดรับ/ตรวจสอบได้
2267,ใครเจอบัตรนักศึกษาที่ โรงอาหารกลาง ทักมาน่อยคับ line: @fakeid,normal,tu_general,0.18,formal,Discord,0,0,0,0,0,0,0,0,61,typo,บริบททั่วไปหรือมีการนัดรับ/ตรวจสอบได้
2268,ใครเจอบัตรนักศึกษาที่ BRT ทักมาหน่อยครับ ✅,normal,tu_general,0.25,slang,SMS,0,0,0,0,0,0,0,0,42,emoji,บริบททั่วไปหรือมีการนัดรับ/ตรวจสอบได้
2269,รหัสยืนยันถูกส่งไปแล้ว กรุณาแจ้งรหัสภายใน 5 นาที ‼️✅,scam,otp,0.91,formal,IG DM,0,0,0,1,0,1,0,0,52,emoji,พบคำเกี่ยวกับ OTP/ยืนยันตัวตน; มีคำเร่งเร้า
2270,ใครเจอบัตรนักศึกษาที่ SC3 ทักมาหน่อยคับ,normal,tu_general,0.29,thai_english_mix,IG DM,0,0,0,0,0,0,0,0,39,typo,บริบททั่วไปหรือมีการนัดรับ/ตรวจสอบได้
2271,บัญชีนี้ของแฟนเราเอง ปลอดภัยแน่นอน โอนมาเลย inbox ได้,scam,marketplace_scam,0.95,formal,LINE,0,0,1,0,1,0,0,0,53,none,มีบริบทเกี่ยวกับเงิน/โอน/บัญชี
2272,ใครเจอบัตรนักศึกษาที่ หอสมุดป๋วย ทักมาหน่อยครับ DM me,normal,tu_general,0.3,short_message,Discord,0,0,0,0,0,0,0,0,53,thai_english_mix,บริบททั่วไปหรือมีการนัดรับ/ตรวจสอบได้
2273,ขอเลขบัญชีพร้อมเพย์หน่อยครับ จะโอนค่าชีท ✅,normal,tu_marketplace,0.09,casual,Facebook Group,0,0,1,0,1,0,0,0,42,emoji,มีบริบทเกี่ยวกับเงิน/โอน/บัญชี; บริบททั่วไปหรือมีการนัดรับ/ตรวจสอบได้
2274,งานออนไลน์รายได้สูงมาก ไม่ต้องสัมภาษณ์ แค่ทักแชท 🔥🥺 ทัก DM,suspicious,job_risk,0.69,casual,IG DM,0,0,0,0,1,0,0,1,58,emoji,มีบริบทเกี่ยวกับเงิน/โอน/บัญชี; มีบริบทสมัครงาน/รายได้; มีสัญญาณเสี่ยงแต่หลักฐานยังไม่ชัด
2275,ร้านกาแฟแถวรังสิตรับพาร์ทไทม์ ชั่วโมงละ 80 บาท มีสัมภาษณ์หน้าร้าน ⚠️✅,normal,tu_job_real,0.16,emoji,Facebook Group,0,0,0,0,1,0,0,1,69,emoji,มีบริบทเกี่ยวกับเงิน/โอน/บัญชี; มีบริบทสมัครงาน/รายได้; บริบททั่วไปหรือมีการนัดรับ/ตรวจสอบได้
2276,บอกว่ามีทุนพิเศษแต่ต้องรีบกรอกข้อมูล 🥺💬,suspicious,tu_scam_risk,0.65,slang,Web Form,0,0,0,0,1,1,1,0,39,emoji,มีคำเร่งเร้า; มีบริบทเกี่ยวกับเงิน/โอน/บัญชี; มีสัญญาณเสี่ยงแต่หลักฐานยังไม่ชัด
2277,รับทุนการศึกษาเร่งด่วน กรอกข้อมูลและเลขบัญชีที่ example.invalid/verify ✅,scam,fake_scholarship,0.98,short_message,Facebook Group,1,0,1,1,1,1,1,0,72,emoji,พบคำเกี่ยวกับ OTP/ยืนยันตัวตน; มีลิงก์หรือการชวนคลิกลิงก์; มีคำเร่งเร้า; มีบริบทเกี่ยวกับเงิน/โอน/บัญชี
2278,คุณได้รับสิทธิ์ทุนพิเศษ โอนค่าดำเนินการ 200 บาทก่อนรับทุน,scam,fake_scholarship,0.86,emoji,IG DM,0,0,0,0,1,0,1,0,57,repeat_chars,มีบริบทเกี่ยวกับเงิน/โอน/บัญชี
2279,มีใครขายชีท SC135 บ้างคับ,normal,tu_general,0.02,short_message,IG DM,0,0,0,0,0,0,0,0,25,typo,บริบททั่วไปหรือมีการนัดรับ/ตรวจสอบได้
2280,กดลิงก์รับเงินคืนค่าธรรมเนียมการศึกษา  tu-form.example.invalid ส่งในกลุ่มได้เลย,scam,refund_scam,0.88,thai_english_mix,SMS,1,0,0,0,1,0,1,0,79,spacing_noise,มีลิงก์หรือการชวนคลิกลิงก์; มีบริบทเกี่ยวกับเงิน/โอน/บัญชี
2281,ขอแนวข้อสอบ SC135 หน่อยครับ ทัก DM,normal,tu_general,0.05,short_message,Discord,0,0,0,0,0,0,0,0,34,none,บริบททั่วไปหรือมีการนัดรับ/ตรวจสอบได้
2282,ระบบ TU แจ้งเตือน ให้ update password ผ่าน [URL] ด่วน 🥺‼️,scam,phishing,0.88,emoji,X/Twitter,1,0,0,0,0,1,0,0,57,emoji,มีลิงก์หรือการชวนคลิกลิงก์; มีคำเร่งเร้า
2283,ระบบแจ้งให้ยืนยันข้อมูลบางอย่างภายในวันนี้ DM me inbox ได้,suspicious,phishing_risk,0.67,formal,SMS,0,0,0,0,0,1,0,0,58,thai_english_mix,มีคำเร่งเร้า; มีสัญญาณเสี่ยงแต่หลักฐานยังไม่ชัด
2284,Your account has been suspended verify now bit.ly/example_fake ทัก DM,scam,phishing,0.84,short_message,IG DM,1,0,0,1,0,1,0,0,69,none,พบคำเกี่ยวกับ OTP/ยืนยันตัวตน; มีลิงก์หรือการชวนคลิกลิงก์; มีคำเร่งเร้า
2285,ใครเจอบัตรนักศึกษาที่ หน้าโดม ทักมาหน่อยครับ 🥺💸 inbox ได้,normal,tu_general,0.03,thai_english_mix,TU Marketplace,0,0,0,0,0,0,0,0,57,emoji,บริบททั่วไปหรือมีการนัดรับ/ตรวจสอบได้
2286,วันนี้ห้องเรียน บร.2 เปิดไหมครับ 💸,normal,tu_general,0.04,casual,SMS,0,0,0,0,0,0,0,0,34,emoji,บริบททั่วไปหรือมีการนัดรับ/ตรวจสอบได้
2287,มีลิงก์ให้กรอกข้อมูลเพื่อรับสิทธิ์ ลองเช็คก่อนนะ 🚨😅,suspicious,phishing_risk,0.51,slang,IG DM,1,0,0,0,0,0,0,0,51,emoji,มีลิงก์หรือการชวนคลิกลิงก์; มีสัญญาณเสี่ยงแต่หลักฐานยังไม่ชัด
2288,วันนี้ห้องเรียน อาคารเรียนรวม เปิดไหมครับ ✅ inbox ได้,normal,tu_general,0.2,short_message,Email,0,0,0,0,0,0,0,0,53,emoji,บริบททั่วไปหรือมีการนัดรับ/ตรวจสอบได้
2289,รับซื้อเครื่องคิดเลขมือสอง  ขอราคาไม่แรง line: @fakeid,normal,tu_marketplace,0.18,slang,IG DM,0,0,0,0,0,0,0,0,54,spacing_noise,บริบททั่วไปหรือมีการนัดรับ/ตรวจสอบได้
2290,ราคาถูกกว่าปกติมาก แต่ไม่ให้วิดีโอคอลดูของ ✨🥺,suspicious,marketplace_risk,0.5,formal,Facebook Group,0,0,0,0,0,0,0,0,45,emoji,มีสัญญาณเสี่ยงแต่หลักฐานยังไม่ชัด
2291,มีลิงก์ให้กรอกข้อมูลเพื่อรับสิทธิ์ ลองเช็คก่อนนะ ok?,suspicious,phishing_risk,0.5,thai_english_mix,Email,1,0,0,0,0,0,0,0,52,thai_english_mix,มีลิงก์หรือการชวนคลิกลิงก์; มีสัญญาณเสี่ยงแต่หลักฐานยังไม่ชัด
2292,สมัครงาน part-time online จ่ายค่าสมัครก่อน 500 แล้วเริ่มงานได้เลย now,scam,job_scam,0.91,short_message,IG DM,0,0,0,0,0,1,0,1,69,thai_english_mix,มีคำเร่งเร้า; มีบริบทสมัครงาน/รายได้
2293,ขายหนังสือ EL171 มือสอง นัดรับ หอสมุดป๋วย ได้ 👍🙏,normal,tu_marketplace,0.25,slang,Web Form,0,0,0,0,0,0,0,0,48,emoji,บริบททั่วไปหรือมีการนัดรับ/ตรวจสอบได้
2294,ขอเลขบชพร้อมเพย์น่อยครับ จะโอนค่าชีท,normal,tu_marketplace,0.25,short_message,LINE,0,0,1,0,1,0,0,0,36,typo,มีบริบทเกี่ยวกับเงิน/โอน/บัญชี; บริบททั่วไปหรือมีการนัดรับ/ตรวจสอบได้
2295,เจ้าหน้าที่มหาลัยขอ username password เพื่อตรวจสอบสถานะ 🙏‼️,scam,impersonation,0.99,short_message,TU Marketplace,0,0,0,0,0,0,0,0,59,emoji,
2296,โอนมัดจำค่าหอ  200  บาทได้ไหมครับ,normal,tu_marketplace,0.11,slang,X/Twitter,0,0,0,0,1,0,0,0,33,spacing_noise,มีบริบทเกี่ยวกับเงิน/โอน/บัญชี; บริบททั่วไปหรือมีการนัดรับ/ตรวจสอบได้
2297,โปรไฟล์ใหม่มาก แต่บอกว่าเป็นเจ้าหน้าที่มหาลัย 🚨‼️,suspicious,impersonation_risk,0.71,casual,LINE,0,0,0,0,0,0,0,0,49,emoji,มีสัญญาณเสี่ยงแต่หลักฐานยังไม่ชัด
2298,ระบบ  TU  แจ้งเตือน  ให้  update  password  ผ่าน  forms.example.invalid/fake  ด่วน line: @fakeid,scam,phishing,0.86,emoji,X/Twitter,1,0,0,0,0,1,0,0,96,spacing_noise,มีลิงก์หรือการชวนคลิกลิงก์; มีคำเร่งเร้า
2299,นัดรับหน้า คณะวิทย์ ได้ครับ สะดวกช่วงเย็น 🥺 ทัก DM,normal,tu_marketplace,0.11,emoji,Discord,0,0,0,0,0,0,0,0,50,emoji,บริบททั่วไปหรือมีการนัดรับ/ตรวจสอบได้
2300,รับทุนการศึกษาเร่งด่วน กรอกข้อมูลและเลขบัญชีที่ example.invalid/verify,scam,fake_scholarship,0.97,thai_english_mix,LINE,1,0,1,1,1,1,1,0,70,none,พบคำเกี่ยวกับ OTP/ยืนยันตัวตน; มีลิงก์หรือการชวนคลิกลิงก์; มีคำเร่งเร้า; มีบริบทเกี่ยวกับเงิน/โอน/บัญชี
2301,เจ้าหน้าที่มหาลัยขอ username password เพื่อตรวจสอบสถานะ DM me inbox ได้,scam,impersonation,0.89,slang,X/Twitter,0,0,0,0,0,0,0,0,71,thai_english_mix,
2302,ประกาศจากคณะให้กรอกแบบประเมินรายวิชาในระบบทางการ ✨📌,normal,admin_real,0.04,formal,Discord,0,0,0,0,0,0,0,0,51,emoji,บริบททั่วไปหรือมีการนัดรับ/ตรวจสอบได้
2303,คลิกลิงก์นี้เพื่อยืนยันบัญชีนักศึกษา [URL] pls,scam,phishing,0.98,casual,X/Twitter,1,0,1,0,0,0,0,0,46,thai_english_mix,มีลิงก์หรือการชวนคลิกลิงก์
2304,รหัสยืนยันถูกส่งไปแล้ว กรุณาแจ้งรหัสภายใน 5 นาที line: @fakeid,scam,otp,0.82,casual,Facebook Group,0,0,0,1,0,1,0,0,62,none,พบคำเกี่ยวกับ OTP/ยืนยันตัวตน; มีคำเร่งเร้า
2305,รีบโอนก่อนนะ  เหลือคนเดียวแล้ว inbox ได้,suspicious,marketplace_risk,0.69,slang,Email,0,0,0,0,1,1,0,0,40,spacing_noise,มีคำเร่งเร้า; มีบริบทเกี่ยวกับเงิน/โอน/บัญชี; มีสัญญาณเสี่ยงแต่หลักฐานยังไม่ชัด
2306,รุ่นพี่ฝากบอกให้โอนค่าชีทด่วน ไม่งั้นหมดสิทธิ์ ทัก DM,scam,tu_scam,0.99,emoji,Email,0,0,0,0,1,1,0,0,53,typo,มีคำเร่งเร้า; มีบริบทเกี่ยวกับเงิน/โอน/บัญชี
2307,ส่งเลขบัญชีมา เดี๋ยวโอนค่าหนังสือให้ครับ 🔥🙏,normal,tu_marketplace,0.05,emoji,X/Twitter,0,0,1,0,1,0,0,0,43,emoji,มีบริบทเกี่ยวกับเงิน/โอน/บัญชี; บริบททั่วไปหรือมีการนัดรับ/ตรวจสอบได้
2308,ขายหนังสือ CS251 มือสอง นัดรับ ประตูเชียงราก ได้ 📌💸,normal,tu_marketplace,0.1,thai_english_mix,Discord,0,0,0,0,0,0,0,0,51,emoji,บริบททั่วไปหรือมีการนัดรับ/ตรวจสอบได้
2309,คุณได้รับสิทธิ์ทุนพิเศษ โอนนค่าดำเนินการ 1000 บาทก่อนรับทุน ส่งในกลุ่มได้เลย,scam,fake_scholarship,0.86,thai_english_mix,LINE,0,0,0,0,1,0,1,0,76,typo,มีบริบทเกี่ยวกับเงิน/โอน/บัญชี
2310,"งานออนไลน์ได้เงินวันละ 10,000 ไม่ต้องสัมภาษณ์ สมัครด่วน line: @fakeid",scam,job_scam,0.93,formal,TU Marketplace,0,0,0,0,1,1,0,1,69,none,มีคำเร่งเร้า; มีบริบทเกี่ยวกับเงิน/โอน/บัญชี; มีบริบทสมัครงาน/รายได้
2311,ของถูกมาก แต่ต้องจองภายในวันนี้ 📌🙏,suspicious,marketplace_risk,0.6,emoji,TU Marketplace,0,0,0,0,0,1,0,0,34,emoji,มีคำเร่งเร้า; มีสัญญาณเสี่ยงแต่หลักฐานยังไม่ชัด
2312,รีบโอนก่อนนะ เหลือคนเดียวแล้ว ASAP,suspicious,marketplace_risk,0.51,casual,Email,0,0,0,0,1,1,0,0,34,thai_english_mix,มีคำเร่งเร้า; มีบริบทเกี่ยวกับเงิน/โอน/บัญชี; มีสัญญาณเสี่ยงแต่หลักฐานยังไม่ชัด
2313,ขอโอนเต็มก่อน เดี๋ยวส่งเลขพัสดุให้ 💸😅,suspicious,marketplace_risk,0.45,formal,Web Form,0,0,0,0,1,0,0,0,37,emoji,มีบริบทเกี่ยวกับเงิน/โอน/บัญชี; มีสัญญาณเสี่ยงแต่หลักฐานยังไม่ชัด
2314,มีใครขายชีท CS251 บ้างครับ ‼️🔥,normal,tu_general,0.15,emoji,SMS,0,0,0,0,0,0,0,0,30,emoji,บริบททั่วไปหรือมีการนัดรับ/ตรวจสอบได้
2315,ขายหนังสือ CS332 มือสอง นัดรับ BRT ได้ 🔥,normal,tu_marketplace,0.24,short_message,Web Form,0,0,0,0,0,0,0,0,40,emoji,บริบททั่วไปหรือมีการนัดรับ/ตรวจสอบได้
2316,ใครเจอบัตรนักศึกษาที่ ประตูเชียงราก ทักมาหน่อยครับ,normal,tu_general,0.07,formal,LINE,0,0,0,0,0,0,0,0,50,none,บริบททั่วไปหรือมีการนัดรับ/ตรวจสอบได้
2317,โอนมัดจำค่าหอ 1500 บาทได้ไหมครับ ‼️🙏,normal,tu_marketplace,0.24,formal,Facebook Group,0,0,0,0,1,0,0,0,36,emoji,มีบริบทเกี่ยวกับเงิน/โอน/บัญชี; บริบททั่วไปหรือมีการนัดรับ/ตรวจสอบได้
2318,ขาย iPad ใช้เรียน นัดรับในมอได้ เช็คของก่อนจ่าย verify pls,normal,tu_marketplace,0.02,emoji,IG DM,0,0,0,1,0,0,0,0,58,thai_english_mix,พบคำเกี่ยวกับ OTP/ยืนยันตัวตน; บริบททั่วไปหรือมีการนัดรับ/ตรวจสอบได้
2319,รับซื้อเครื่องคิดเลขมือสอง ขอราคาไม่แรง 💬🥺,normal,tu_marketplace,0.13,emoji,Web Form,0,0,0,0,0,0,0,0,42,emoji,บริบททั่วไปหรือมีการนัดรับ/ตรวจสอบได้
2320,นัดรับหน้า SC3 ได้ครับ สะดวกช่วงเย็น DM me,normal,tu_marketplace,0.29,formal,TU Marketplace,0,0,0,0,0,0,0,0,42,thai_english_mix,บริบททั่วไปหรือมีการนัดรับ/ตรวจสอบได้
2321,สมัครงานง่ายๆ ได้เงินเร็ว แต่ต้องจ่ายค่าสมัครก่อน 🚨💸,suspicious,job_risk,0.65,emoji,TU Marketplace,0,0,0,0,1,0,0,1,52,emoji,มีบริบทเกี่ยวกับเงิน/โอน/บัญชี; มีบริบทสมัครงาน/รายได้; มีสัญญาณเสี่ยงแต่หลักฐานยังไม่ชัด
2322,งานออนไลน์รายได้สูงมาก ไม่ต้องสัมภาษณ์ แค่ทักแชท 🙏💸,suspicious,job_risk,0.61,slang,Email,0,0,0,0,1,0,0,1,51,emoji,มีบริบทเกี่ยวกับเงิน/โอน/บัญชี; มีบริบทสมัครงาน/รายได้; มีสัญญาณเสี่ยงแต่หลักฐานยังไม่ชัด
2323,สมัครงาน part-time online จ่ายค่าสมัครก่อน 1500 แล้วเริ่มงานได้เลย ✨,scam,job_scam,0.89,emoji,IG DM,0,0,0,0,0,0,0,1,68,emoji,มีบริบทสมัครงาน/รายได้
2324,งานออนไลน์รายได้สูงมาก ไม่ต้องสัมภาษณ์ แค่ทักแชท ✅💸,suspicious,job_risk,0.6,slang,Email,0,0,0,0,1,0,0,1,51,emoji,มีบริบทเกี่ยวกับเงิน/โอน/บัญชี; มีบริบทสมัครงาน/รายได้; มีสัญญาณเสี่ยงแต่หลักฐานยังไม่ชัด
2325,ระบบแจ้งให้ยืนยันข้อมูลบางอย่างภายในวันนี้ ‼️ ทัก DM,suspicious,phishing_risk,0.52,thai_english_mix,SMS,0,0,0,0,0,1,0,0,52,emoji,มีคำเร่งเร้า; มีสัญญาณเสี่ยงแต่หลักฐานยังไม่ชัด
2326,โอนเต็มก่อนเท่านั้น ไม่รับนัด ไม่รับวิดีโอคอล 🙏✨,scam,marketplace_scam,0.99,thai_english_mix,IG DM,0,0,0,0,1,0,0,0,48,emoji,มีบริบทเกี่ยวกับเงิน/โอน/บัญชี
2327,นัดรับหน้า บร.2 ได้ครับ สะดวกช่วงเย็น 🥺😅,normal,tu_marketplace,0.22,short_message,Discord,0,0,0,0,0,0,0,0,40,emoji,บริบททั่วไปหรือมีการนัดรับ/ตรวจสอบได้
2328,กดลิงก์รับเงินคืนค่าธรรมเนียมการศึกษา [URL] ✨🥺,scam,refund_scam,0.83,emoji,X/Twitter,1,0,0,0,1,0,1,0,46,emoji,มีลิงก์หรือการชวนคลิกลิงก์; มีบริบทเกี่ยวกับเงิน/โอน/บัญชี
2329,บอกว่ามีทุนพิเศษแต่ต้องรีบกรอกข้อมูล ✅,suspicious,tu_scam_risk,0.59,emoji,Email,0,0,0,0,1,1,1,0,38,emoji,มีคำเร่งเร้า; มีบริบทเกี่ยวกับเงิน/โอน/บัญชี; มีสัญญาณเสี่ยงแต่หลักฐานยังไม่ชัด
2330, ขายหนังสือ  TU100  มือสอง  นัดรับ  บร.2  ได้ ,normal,tu_marketplace,0.19,short_message,IG DM,0,0,0,0,0,0,0,0,46,spacing_noise,บริบททั่วไปหรือมีการนัดรับ/ตรวจสอบได้
2331,ขอโอนนเต็มก่อน เด๋วส่งเลขพัสดุให้,suspicious,marketplace_risk,0.73,slang,Email,0,0,0,0,1,0,0,0,33,typo,มีบริบทเกี่ยวกับเงิน/โอน/บัญชี; มีสัญญาณเสี่ยงแต่หลักฐานยังไม่ชัด
2332,บัญชีนี้ของแฟนเราเอง ปลอดภัยแน่นอน โอนมาเลย 😅 ทัก DM,scam,marketplace_scam,0.81,short_message,X/Twitter,0,0,1,0,1,0,0,0,52,emoji,มีบริบทเกี่ยวกับเงิน/โอน/บัญชี
2333,อ้างว่าเป็นรุ่นพี่คณะ ขอให้โอนเงินช่วยจองสิทธิ์ verify pls ส่งในกลุ่มได้เลย,suspicious,tu_scam_risk,0.56,casual,TU Marketplace,0,0,0,1,1,0,0,0,75,thai_english_mix,พบคำเกี่ยวกับ OTP/ยืนยันตัวตน; มีบริบทเกี่ยวกับเงิน/โอน/บัญชี; มีสัญญาณเสี่ยงแต่หลักฐานยังไม่ชัด
2334,ขอแนวข้อสอบ CS222 หน่อยครับ inbox ได้,normal,tu_general,0.23,thai_english_mix,SMS,0,0,0,0,0,0,0,0,37,none,บริบททั่วไปหรือมีการนัดรับ/ตรวจสอบได้
2335,งานออนไลน์ได้เงินวันละ  5000  ไม่ต้องสัมภาษณ์  สมัครด่วน ทัก DM,scam,job_scam,0.84,casual,Discord,0,0,0,0,1,1,0,1,63,spacing_noise,มีคำเร่งเร้า; มีบริบทเกี่ยวกับเงิน/โอน/บัญชี; มีบริบทสมัครงาน/รายได้
2336,โปรไฟล์ใหม่มาก แต่บอกว่าเป็นเจ้าหน้าที่มหาลัย inbox ได้,suspicious,impersonation_risk,0.7,casual,IG DM,0,0,0,0,0,0,0,0,55,none,มีสัญญาณเสี่ยงแต่หลักฐานยังไม่ชัด
2337,คลิกลิงก์นี้เพื่อยืนยันบัญชีนักศึกษา bit.ly/example_fake ‼️👍,scam,phishing,0.92,thai_english_mix,LINE,1,0,1,0,0,0,0,0,60,emoji,มีลิงก์หรือการชวนคลิกลิงก์
2338,วันนี้ห้องเรียน  SC3  เปิดไหมครับ ส่งในกลุ่มได้เลย,normal,tu_general,0.26,casual,Discord,0,0,0,0,0,0,0,0,50,spacing_noise,บริบททั่วไปหรือมีการนัดรับ/ตรวจสอบได้
2339,หอพักแถวเชียงรากเดือนละไม่เกิน  3500  มีแนะนำไหม ทัก DM,normal,tu_general,0.11,slang,SMS,0,0,0,0,0,0,0,0,55,spacing_noise,บริบททั่วไปหรือมีการนัดรับ/ตรวจสอบได้
2340,บอกว่ามีทุนพิเศษแต่ต้องรีบกรอกข้อมูล 🙏 inbox ได้,suspicious,tu_scam_risk,0.68,casual,LINE,0,0,0,0,1,1,1,0,48,emoji,มีคำเร่งเร้า; มีบริบทเกี่ยวกับเงิน/โอน/บัญชี; มีสัญญาณเสี่ยงแต่หลักฐานยังไม่ชัด
2341,บชคุณถูกระงับ กรุณายืนยัันตัวตนทันทีที่ bit.ly/example_fake ส่งในกลุ่มได้เลย,scam,phishing,0.96,emoji,X/Twitter,1,0,0,0,0,1,0,0,76,typo,มีลิงก์หรือการชวนคลิกลิงก์; มีคำเร่งเร้า
2342,โปรไฟล์ใหม่มาก แต่บอกว่าเป็นเจ้าหน้าที่มหาลัย ⚠️,suspicious,impersonation_risk,0.49,thai_english_mix,TU Marketplace,0,0,0,0,0,0,0,0,48,emoji,มีสัญญาณเสี่ยงแต่หลักฐานยังไม่ชัด
2343,รีบโอนก่อนนะ เหลือคนเดียวแล้ว ASAP ทัก DM,suspicious,marketplace_risk,0.75,formal,LINE,0,0,0,0,1,1,0,0,41,thai_english_mix,มีคำเร่งเร้า; มีบริบทเกี่ยวกับเงิน/โอน/บัญชี; มีสัญญาณเสี่ยงแต่หลักฐานยังไม่ชัด
2344,คุณได้รับสิทธิ์ทุนพิเศษ โอนค่าดำเนินการ 1000 บาทก่อนรับทุน ✅📌,scam,fake_scholarship,0.93,formal,SMS,0,0,0,0,1,0,1,0,61,emoji,มีบริบทเกี่ยวกับเงิน/โอน/บัญชี
2345,รหัสยืนยันถูกส่งไปแล้ว กรุณาแจ้งรหัสภายใน 5 นาที ok? ส่งในกลุ่มได้เลย,scam,otp,0.95,short_message,SMS,0,0,0,1,0,1,0,0,69,thai_english_mix,พบคำเกี่ยวกับ OTP/ยืนยันตัวตน; มีคำเร่งเร้า
2346,ทักไลน์อย่างเดียวครับ ไม่ค่อยตอบในกลุ่ม 👍🔥,suspicious,marketplace_risk,0.53,short_message,Email,0,0,0,0,0,0,0,0,42,emoji,มีสัญญาณเสี่ยงแต่หลักฐานยังไม่ชัด
2347,"งานออนไลน์ได้เงินวันละ 10,000 ไม่ต้องสัมภาษณ์ สมัครด่วน ‼️💬",scam,job_scam,0.89,short_message,Discord,0,0,0,0,1,1,0,1,59,emoji,มีคำเร่งเร้า; มีบริบทเกี่ยวกับเงิน/โอน/บัญชี; มีบริบทสมัครงาน/รายได้
2348,คุณได้รับสิทธิ์ทุนพิเศษ โอนค่าดำเนินการ 200 บาทก่อนรับทุน ทัก DM,scam,fake_scholarship,0.82,formal,Facebook Group,0,0,0,0,1,0,1,0,64,none,มีบริบทเกี่ยวกับเงิน/โอน/บัญชี
2349,นัดรับหน้า ประตูเชียงราก ได้ครับ สะดวกช่วงเย็น ‼️,normal,tu_marketplace,0.23,formal,SMS,0,0,0,0,0,0,0,0,49,emoji,บริบททั่วไปหรือมีการนัดรับ/ตรวจสอบได้
2350,บัญชีคุณถูกระงับ กรุณายืนยันตัวตนทันทีที่ example.invalid/verify ✅‼️,scam,phishing,0.81,slang,Email,1,0,1,1,0,1,0,0,68,emoji,พบคำเกี่ยวกับ OTP/ยืนยันตัวตน; มีลิงก์หรือการชวนคลิกลิงก์; มีคำเร่งเร้า
2351,โอนเต็มก่อนเท่านั้น ไม่รับนัด ไม่รับวิดีโอคอล pls,scam,marketplace_scam,0.89,slang,IG DM,0,0,0,0,1,0,0,0,49,thai_english_mix,มีบริบทเกี่ยวกับเงิน/โอน/บัญชี
2352,รับทุนการศึกษาเร่งด่วน กรอกข้อมูลและเลขบัญชีที่ [URL] line: @fakeid,scam,fake_scholarship,0.94,thai_english_mix,Discord,1,0,1,0,1,1,1,0,67,none,มีลิงก์หรือการชวนคลิกลิงก์; มีคำเร่งเร้า; มีบริบทเกี่ยวกับเงิน/โอน/บัญชี
2353,ไม่สะดวกนัดรับ ขอส่งอย่างเดียว โอนก่อนส่งนะ 📌,suspicious,marketplace_risk,0.65,slang,LINE,0,0,0,0,1,0,0,0,45,emoji,มีบริบทเกี่ยวกับเงิน/โอน/บัญชี; มีสัญญาณเสี่ยงแต่หลักฐานยังไม่ชัด
2354,Your account has been suspended verify now bit.ly/example_fake 🔥,scam,phishing,0.87,thai_english_mix,Email,1,0,0,1,0,1,0,0,64,emoji,พบคำเกี่ยวกับ OTP/ยืนยันตัวตน; มีลิงก์หรือการชวนคลิกลิงก์; มีคำเร่งเร้า
2355,ขอเลขบัญชีพร้อมเพย์หน่อยครับ จะโอนค่าชีท ⚠️💬,normal,tu_marketplace,0.14,emoji,Discord,0,0,1,0,1,0,0,0,44,emoji,มีบริบทเกี่ยวกับเงิน/โอน/บัญชี; บริบททั่วไปหรือมีการนัดรับ/ตรวจสอบได้
2356,ระบบ TU แจ้งเตือน ให้ update password ผ่าน forms.example.invalid/fake ด่วน 😅,scam,phishing,0.85,emoji,SMS,1,0,0,0,0,1,0,0,76,emoji,มีลิงก์หรือการชวนคลิกลิงก์; มีคำเร่งเร้า
2357,ของอยู่ต่างจังหวัด โอนก่อนส่งเท่านั้น ราคาพิเศษถึงวันนี้ 😅👍,scam,marketplace_scam,0.99,short_message,Web Form,0,0,0,0,1,0,0,0,59,emoji,มีบริบทเกี่ยวกับเงิน/โอน/บัญชี
2358,ระบบ TU แจ้งเตือน ให้ update password ผ่าน forms.example.invalid/fake ด่วน 💸✨,scam,phishing,0.85,slang,Discord,1,0,0,0,0,1,0,0,77,emoji,มีลิงก์หรือการชวนคลิกลิงก์; มีคำเร่งเร้า
2359,มีใครขายชีท CS222 บ้างครับ 💬🥺,normal,tu_general,0.25,short_message,X/Twitter,0,0,0,0,0,0,0,0,29,emoji,บริบททั่วไปหรือมีการนัดรับ/ตรวจสอบได้
2360,ขอโอนเต็มก่อน เดี๋ยวส่งเลขพัสดุให้ 🙏🚨,suspicious,marketplace_risk,0.49,slang,Email,0,0,0,0,1,0,0,0,37,emoji,มีบริบทเกี่ยวกับเงิน/โอน/บัญชี; มีสัญญาณเสี่ยงแต่หลักฐานยังไม่ชัด
2361,เจ้าหน้าที่มหาลัยขอ  username  password  เพื่อตรวจสอบสถานะ,scam,impersonation,0.95,casual,Discord,0,0,0,0,0,0,0,0,58,spacing_noise,
2362,คลิกลิงก์นี้เพื่อยืนยันบัญชีนักศึกษา forms.example.invalid/fake ‼️✨,scam,phishing,0.82,casual,SMS,1,0,1,0,0,0,0,0,67,emoji,มีลิงก์หรือการชวนคลิกลิงก์
2363,รับทุนการศึกษาเร่งด่วน กรอกข้อมูลและเลขบัญชีที่ bit.ly/example_fake 😅🥺,scam,fake_scholarship,0.96,short_message,X/Twitter,1,0,1,0,1,1,1,0,70,emoji,มีลิงก์หรือการชวนคลิกลิงก์; มีคำเร่งเร้า; มีบริบทเกี่ยวกับเงิน/โอน/บัญชี
2364,ใครเจอบัตรนักศึกษาที่ บร.2 ทักมาหน่อยครับ 😅🔥,normal,tu_general,0.23,slang,Discord,0,0,0,0,0,0,0,0,44,emoji,บริบททั่วไปหรือมีการนัดรับ/ตรวจสอบได้
2365,มีคนขอรหัสยืนยัน บอกว่าเป็นแอดมินกลุ่ม 🚨 ทัก DM,suspicious,otp_risk,0.54,emoji,SMS,0,0,0,1,0,0,0,0,47,emoji,พบคำเกี่ยวกับ OTP/ยืนยันตัวตน; มีสัญญาณเสี่ยงแต่หลักฐานยังไม่ชัด
2366,มีคนจองหลายคน ถ้าเอาโอนมัดจำมาก่อนได้เลย 🙏🔥,suspicious,marketplace_risk,0.6,formal,Web Form,0,0,0,0,1,0,0,0,43,emoji,มีบริบทเกี่ยวกับเงิน/โอน/บัญชี; มีสัญญาณเสี่ยงแต่หลักฐานยังไม่ชัด
2367,ขอโอนเต็มก่อน เดี๋ยวส่งเลขพัสดุให้ 🔥,suspicious,marketplace_risk,0.62,formal,IG DM,0,0,0,0,1,0,0,0,36,emoji,มีบริบทเกี่ยวกับเงิน/โอน/บัญชี; มีสัญญาณเสี่ยงแต่หลักฐานยังไม่ชัด
2368,รุ่นพี่ฝากบอกให้โอนค่าชีทด่วน ไม่งั้นหมดสิทธิ์ ⚠️‼️ ทัก DM,scam,tu_scam,0.95,casual,Web Form,0,0,0,0,1,1,0,0,58,emoji,มีคำเร่งเร้า; มีบริบทเกี่ยวกับเงิน/โอน/บัญชี
2369,บัญชีคุณถูกระงับ กรุณายืนยันตัวตนทันทีที่ tu-form.example.invalid 😅✅,scam,phishing,0.95,emoji,LINE,1,0,1,1,0,1,0,0,68,emoji,พบคำเกี่ยวกับ OTP/ยืนยันตัวตน; มีลิงก์หรือการชวนคลิกลิงก์; มีคำเร่งเร้า
2370,คุณได้รับสิทธิ์ทุนพิเศษ โอนค่าดำเนินการ 1000 บาทก่อนรับทุน ok?,scam,fake_scholarship,0.83,thai_english_mix,LINE,0,0,0,0,1,0,1,0,62,thai_english_mix,มีบริบทเกี่ยวกับเงิน/โอน/บัญชี
2371,วันนี้ห้องเรียน หอสมุดป๋วย เปิดไหมครับ pls inbox ได้,normal,tu_general,0.09,emoji,TU Marketplace,0,0,0,0,0,0,0,0,52,thai_english_mix,บริบททั่วไปหรือมีการนัดรับ/ตรวจสอบได้
2372,ขอแนวข้อสอบ MA211 หน่อยครับ 💸,normal,tu_general,0.15,thai_english_mix,LINE,0,0,0,0,0,0,0,0,29,emoji,บริบททั่วไปหรือมีการนัดรับ/ตรวจสอบได้
2373,มีลิ้งให้กรอกข้อมูลเพื่อรับสิทธิ์ ลองเช็คก่อนนะ,suspicious,phishing_risk,0.65,formal,Email,0,0,0,0,0,0,0,0,47,typo,มีสัญญาณเสี่ยงแต่หลักฐานยังไม่ชัด
2374,ของอยู่ต่างจังหวัด โอนก่อนส่งเท่านั้น ราคาพิเศษถึงวันนี้ pls inbox ได้,scam,marketplace_scam,0.97,slang,SMS,0,0,0,0,1,0,0,0,70,thai_english_mix,มีบริบทเกี่ยวกับเงิน/โอน/บัญชี
2375,นัดรับหน้า บร.2 ได้ครับ สะดวกช่วงเย็น pls line: @fakeid,normal,tu_marketplace,0.13,thai_english_mix,IG DM,0,0,0,0,0,0,0,0,55,thai_english_mix,บริบททั่วไปหรือมีการนัดรับ/ตรวจสอบได้
2376,ระบบ TU แจ้งเตือน ให้ update password ผ่าน forms.example.invalid/fake ด่วนนน,scam,phishing,0.94,slang,Facebook Group,1,0,0,0,0,1,0,0,76,repeat_chars,มีลิงก์หรือการชวนคลิกลิงก์; มีคำเร่งเร้า
2377,มีลิงก์ให้กรอกข้อมูลเพื่อรับสิทธิ์ ลองเช็คก่อนนะ 🥺🔥,suspicious,phishing_risk,0.7,short_message,IG DM,1,0,0,0,0,0,0,0,51,emoji,มีลิงก์หรือการชวนคลิกลิงก์; มีสัญญาณเสี่ยงแต่หลักฐานยังไม่ชัด
2378,ส่งเลขบัญชีมา เด๋วโอนค่าหนังสือให้คับ,normal,tu_marketplace,0.12,emoji,X/Twitter,0,0,1,0,1,0,0,0,37,typo,มีบริบทเกี่ยวกับเงิน/โอน/บัญชี; บริบททั่วไปหรือมีการนัดรับ/ตรวจสอบได้
2379,มีลิงก์ให้กรอกข้อมูลเพื่อรับสิทธิ์ ลองเช็คก่อนนะ ‼️⚠️,suspicious,phishing_risk,0.63,short_message,Email,1,0,0,0,0,0,0,0,53,emoji,มีลิงก์หรือการชวนคลิกลิงก์; มีสัญญาณเสี่ยงแต่หลักฐานยังไม่ชัด
2380,job online รายได้สูง ไม่ต้องมีประสบการณ์ โอนค่าประกันก่อนเริ่มงาน 📌✅,scam,job_scam,0.88,formal,Web Form,0,0,0,0,1,0,0,1,68,emoji,มีบริบทเกี่ยวกับเงิน/โอน/บัญชี; มีบริบทสมัครงาน/รายได้
2381,มีลิงก์ Google Meet สำหรับประชุมไหมคับ,normal,meeting,0.13,thai_english_mix,X/Twitter,1,0,0,0,0,0,0,0,38,typo,มีลิงก์หรือการชวนคลิกลิงก์; บริบททั่วไปหรือมีการนัดรับ/ตรวจสอบได้
2382,แอดมินคณะขอค่าจองสิทธิ์สอบ โอนมาที่ บัญชี xxx123 ภายในวันนี้ ⚠️,scam,tu_scam,0.94,short_message,IG DM,0,0,1,0,1,1,0,0,63,emoji,มีคำเร่งเร้า; มีบริบทเกี่ยวกับเงิน/โอน/บัญชี
2383,มีคนขอรหัสยืนยัน บอกว่าเป็นแอดมินกลุ่ม 💬,suspicious,otp_risk,0.73,slang,Web Form,0,0,0,1,0,0,0,0,40,emoji,พบคำเกี่ยวกับ OTP/ยืนยันตัวตน; มีสัญญาณเสี่ยงแต่หลักฐานยังไม่ชัด
2384,มีใครขายชีท TU100 บ้างครับ 🚨 line: @fakeid,normal,tu_general,0.06,thai_english_mix,TU Marketplace,0,0,0,0,0,0,0,0,42,emoji,บริบททั่วไปหรือมีการนัดรับ/ตรวจสอบได้
2385,งานออนไลน์ได้เงินวันละ 8000 ไม่ต้องสัมภาษณ์ สมักด่วน,scam,job_scam,0.93,casual,SMS,0,0,0,0,1,1,0,1,52,typo,มีคำเร่งเร้า; มีบริบทเกี่ยวกับเงิน/โอน/บัญชี; มีบริบทสมัครงาน/รายได้
2386,บอกว่ามีทุนพิเศษแต่ต้องรีบกรอกข้อมูล 🥺😅,suspicious,tu_scam_risk,0.6,casual,LINE,0,0,0,0,1,1,1,0,39,emoji,มีคำเร่งเร้า; มีบริบทเกี่ยวกับเงิน/โอน/บัญชี; มีสัญญาณเสี่ยงแต่หลักฐานยังไม่ชัด
2387,ใครเจอบัตรนักศึกษาที่ โรงอาหารกลาง ทักมาน่อยคับ,normal,tu_general,0.04,thai_english_mix,Discord,0,0,0,0,0,0,0,0,47,typo,บริบททั่วไปหรือมีการนัดรับ/ตรวจสอบได้
2388,นัดรับหน้า บร.2 ได้ครับ สะดวกช่วงเย็น 🥺✅ line: @fakeid,normal,tu_marketplace,0.21,emoji,TU Marketplace,0,0,0,0,0,0,0,0,54,emoji,บริบททั่วไปหรือมีการนัดรับ/ตรวจสอบได้
2389,Your account has been suspended verify now [URL] 👍‼️,scam,phishing,0.85,slang,LINE,1,0,0,1,0,1,0,0,52,emoji,พบคำเกี่ยวกับ OTP/ยืนยันตัวตน; มีลิงก์หรือการชวนคลิกลิงก์; มีคำเร่งเร้า
2390,รีบโอนก่อนนะ เหลือคนเดียวแล้ว 🥺📌,suspicious,marketplace_risk,0.5,formal,TU Marketplace,0,0,0,0,1,1,0,0,32,emoji,มีคำเร่งเร้า; มีบริบทเกี่ยวกับเงิน/โอน/บัญชี; มีสัญญาณเสี่ยงแต่หลักฐานยังไม่ชัด
2391,อ้างว่าเป็นรุ่นพี่คณะ ขอให้โอนเงินช่วยจองสิทธิ์ ‼️🔥,suspicious,tu_scam_risk,0.72,thai_english_mix,Email,0,0,0,0,1,0,0,0,51,emoji,มีบริบทเกี่ยวกับเงิน/โอน/บัญชี; มีสัญญาณเสี่ยงแต่หลักฐานยังไม่ชัด
2392,รีบโอนก่อนนะ เหลือคนเดียวแล้ว 🥺🙏,suspicious,marketplace_risk,0.46,slang,X/Twitter,0,0,0,0,1,1,0,0,32,emoji,มีคำเร่งเร้า; มีบริบทเกี่ยวกับเงิน/โอน/บัญชี; มีสัญญาณเสี่ยงแต่หลักฐานยังไม่ชัด
2393,งานออนไลน์รายได้สูงมาก ไม่ต้องสัมภาษณ์ แค่ทักแชท 🙏😅,suspicious,job_risk,0.69,emoji,IG DM,0,0,0,0,1,0,0,1,51,emoji,มีบริบทเกี่ยวกับเงิน/โอน/บัญชี; มีบริบทสมัครงาน/รายได้; มีสัญญาณเสี่ยงแต่หลักฐานยังไม่ชัด
2394,มีลิงก์ให้กรอกข้อมูลเพื่อรับสิทธิ์ ลองเช็คก่อนนะ 🙏🔥,suspicious,phishing_risk,0.55,short_message,SMS,1,0,0,0,0,0,0,0,51,emoji,มีลิงก์หรือการชวนคลิกลิงก์; มีสัญญาณเสี่ยงแต่หลักฐานยังไม่ชัด
2395,ประกาศจากคณะให้กรอกแบบประเมินรายวิชาในระบบทางการ ‼️🔥,normal,admin_real,0.2,thai_english_mix,IG DM,0,0,0,0,0,0,0,0,52,emoji,บริบททั่วไปหรือมีการนัดรับ/ตรวจสอบได้
2396,ขอแนวข้อสอบ  CS332  หน่อยครับ,normal,tu_general,0.19,casual,SMS,0,0,0,0,0,0,0,0,29,spacing_noise,บริบททั่วไปหรือมีการนัดรับ/ตรวจสอบได้
2397,บัญชีคุณถูกระงับ  กรุณายืนยันตัวตนทันทีที่  forms.example.invalid/fake,scam,phishing,0.84,slang,TU Marketplace,1,0,1,1,0,1,0,0,70,spacing_noise,พบคำเกี่ยวกับ OTP/ยืนยันตัวตน; มีลิงก์หรือการชวนคลิกลิงก์; มีคำเร่งเร้า
2398,ทักไลน์อย่างเดียวครับ ไม่ค่อยตอบในกลุ่ม 💸🥺,suspicious,marketplace_risk,0.7,short_message,IG DM,0,0,0,0,0,0,0,0,42,emoji,มีสัญญาณเสี่ยงแต่หลักฐานยังไม่ชัด
2399,เจ้าหน้าที่มหาลัยขอ username password เพื่อตรวจสอบสถานะ 💸🙏,scam,impersonation,0.86,formal,Web Form,0,0,0,0,0,0,0,0,58,emoji,
2400,โอนเต็มก่อนเท่านั้น ไม่รับนัด ไม่รับวิดีโอคอล 😅✅,scam,marketplace_scam,0.94,slang,Web Form,0,0,0,0,1,0,0,0,48,emoji,มีบริบทเกี่ยวกับเงิน/โอน/บัญชี
2401,คลิกลิงก์นี้เพื่อยืนยันบัญชีนักศึกษา [URL] ok?,scam,phishing,0.98,formal,Facebook Group,1,0,1,0,0,0,0,0,46,thai_english_mix,มีลิงก์หรือการชวนคลิกลิงก์
2402,Your account has been suspended verify now bit.ly/example_fake 👍,scam,phishing,0.93,slang,IG DM,1,0,0,1,0,1,0,0,64,emoji,พบคำเกี่ยวกับ OTP/ยืนยันตัวตน; มีลิงก์หรือการชวนคลิกลิงก์; มีคำเร่งเร้า
2403,ระบบแจ้งให้ยืนยันข้อมูลบางอย่างภายในวันนี้,suspicious,phishing_risk,0.55,short_message,Web Form,0,0,0,0,0,1,0,0,42,none,มีคำเร่งเร้า; มีสัญญาณเสี่ยงแต่หลักฐานยังไม่ชัด
2404,ระบบ TU แจ้งเตือน ให้ update password ผ่าน example.invalid/verify ด่วน 🙏😅,scam,phishing,0.82,formal,Email,1,0,0,1,0,1,0,0,73,emoji,พบคำเกี่ยวกับ OTP/ยืนยันตัวตน; มีลิงก์หรือการชวนคลิกลิงก์; มีคำเร่งเร้า
2405,มีคนจองหลายคน ถ้าเอาโอนมัดจำมาก่อนได้เลย ⚠️,suspicious,marketplace_risk,0.59,short_message,TU Marketplace,0,0,0,0,1,0,0,0,43,emoji,มีบริบทเกี่ยวกับเงิน/โอน/บัญชี; มีสัญญาณเสี่ยงแต่หลักฐานยังไม่ชัด
2406,บัญชีคุณถูกระงับ กรุณายืนยันตัวตนทันทีที่ tu-form.example.invalid ✅,scam,phishing,0.89,slang,X/Twitter,1,0,1,1,0,1,0,0,67,emoji,พบคำเกี่ยวกับ OTP/ยืนยันตัวตน; มีลิงก์หรือการชวนคลิกลิงก์; มีคำเร่งเร้า
2407,ขอเลขบัญชีพร้อมเพย์หน่อยครับ จะโอนค่าชีท 💸 ส่งในกลุ่มได้เลย,normal,tu_marketplace,0.25,short_message,SMS,0,0,1,0,1,0,0,0,59,emoji,มีบริบทเกี่ยวกับเงิน/โอน/บัญชี; บริบททั่วไปหรือมีการนัดรับ/ตรวจสอบได้
2408,ประกาศจากคณะให้กรอกแบบประเมินรายวิชาในระบบทางการ 🔥✅,normal,admin_real,0.11,emoji,Facebook Group,0,0,0,0,0,0,0,0,51,emoji,บริบททั่วไปหรือมีการนัดรับ/ตรวจสอบได้
2409,รุ่นพี่ฝากบอกให้โอนค่าชีทด่วน ไม่งั้นหมดสิทธิ์ 🔥,scam,tu_scam,0.9,emoji,X/Twitter,0,0,0,0,1,1,0,0,48,emoji,มีคำเร่งเร้า; มีบริบทเกี่ยวกับเงิน/โอน/บัญชี
2410,คลิกลิงก์นี้เพื่อยืนยันบัญชีนักศึกษา forms.example.invalid/fake ok?,scam,phishing,0.91,formal,IG DM,1,0,1,0,0,0,0,0,67,thai_english_mix,มีลิงก์หรือการชวนคลิกลิงก์
2411,รหัสยืนยันถูกส่งไปแล้ว กรุณาแจ้งรหัสภายใน 5 นาที 🙏✅,scam,otp,0.91,slang,Web Form,0,0,0,1,0,1,0,0,51,emoji,พบคำเกี่ยวกับ OTP/ยืนยันตัวตน; มีคำเร่งเร้า
2412,รับทุนการศึกษาเร่งด่วน กรอกข้อมูลและเลขบัญชีที่ tu-form.example.invalid 🥺,scam,fake_scholarship,0.91,casual,SMS,1,0,1,0,1,1,1,0,73,emoji,มีลิงก์หรือการชวนคลิกลิงก์; มีคำเร่งเร้า; มีบริบทเกี่ยวกับเงิน/โอน/บัญชี
2413,ใครเจอบัตรนักศึกษาที่ SC3 ทักมาหน่อยครับ ASAP,normal,tu_general,0.08,casual,Web Form,0,0,0,0,0,0,0,0,45,thai_english_mix,บริบททั่วไปหรือมีการนัดรับ/ตรวจสอบได้
2414,ส่งเลขบัญชีมา เดี๋ยวโอนค่าหนังสือให้ครับ ‼️✅,normal,tu_marketplace,0.26,short_message,IG DM,0,0,1,0,1,0,0,0,44,emoji,มีบริบทเกี่ยวกับเงิน/โอน/บัญชี; บริบททั่วไปหรือมีการนัดรับ/ตรวจสอบได้
2415,มีคนจองหลายคน ถ้าเอาโอนมัดจำมาก่อนได้เลย ✅📌,suspicious,marketplace_risk,0.55,slang,X/Twitter,0,0,0,0,1,0,0,0,43,emoji,มีบริบทเกี่ยวกับเงิน/โอน/บัญชี; มีสัญญาณเสี่ยงแต่หลักฐานยังไม่ชัด
2416,คุณได้รับสิทธิ์ทุนพิเศษ โอนค่าดำเนินการ 200 บาทก่อนรับทุน ✅🚨,scam,fake_scholarship,0.92,short_message,Email,0,0,0,0,1,0,1,0,60,emoji,มีบริบทเกี่ยวกับเงิน/โอน/บัญชี
2417,บัญชีคุณถูกระงับ กรุณายืนยันตัวตนทันทีที่ example.invalid/verify 📌👍 line: @fakeid,scam,phishing,0.96,slang,LINE,1,0,1,1,0,1,0,0,81,emoji,พบคำเกี่ยวกับ OTP/ยืนยันตัวตน; มีลิงก์หรือการชวนคลิกลิงก์; มีคำเร่งเร้า
2418,ระบบ TU แจ้งเตือน ให้ update password ผ่าน tu-form.example.invalid ด่วน pls,scam,phishing,0.93,emoji,Email,1,0,0,0,0,1,0,0,75,thai_english_mix,มีลิงก์หรือการชวนคลิกลิงก์; มีคำเร่งเร้า
2419,บัญชีคุณถูกระงับ กรุณายืนยันตัวตนทันทีที่ [URL] 😅✨,scam,phishing,0.96,thai_english_mix,IG DM,1,0,1,1,0,1,0,0,50,emoji,พบคำเกี่ยวกับ OTP/ยืนยันตัวตน; มีลิงก์หรือการชวนคลิกลิงก์; มีคำเร่งเร้า
2420,โอนมัดจำค่าหอ 1500 บาทได้ไหมครับ 👍😅,normal,tu_marketplace,0.14,emoji,IG DM,0,0,0,0,1,0,0,0,35,emoji,มีบริบทเกี่ยวกับเงิน/โอน/บัญชี; บริบททั่วไปหรือมีการนัดรับ/ตรวจสอบได้
2421,รีบโอนก่อนนะ เหลือคนเดียวแล้ว verify pls ส่งในกลุ่มได้เลย,suspicious,marketplace_risk,0.66,casual,Email,0,0,0,1,1,1,0,0,57,thai_english_mix,พบคำเกี่ยวกับ OTP/ยืนยันตัวตน; มีคำเร่งเร้า; มีบริบทเกี่ยวกับเงิน/โอน/บัญชี; มีสัญญาณเสี่ยงแต่หลักฐานยังไม่ชัด
2422,ราคาถูกกว่าปกติมาก แต่ไม่ให้วิดีโอคอลดูของ 📌✨,suspicious,marketplace_risk,0.71,slang,X/Twitter,0,0,0,0,0,0,0,0,45,emoji,มีสัญญาณเสี่ยงแต่หลักฐานยังไม่ชัด
2423,นัดรับหน้า SC3 ได้ครับ สะดวกช่วงเย็น ✨💬,normal,tu_marketplace,0.06,short_message,Web Form,0,0,0,0,0,0,0,0,39,emoji,บริบททั่วไปหรือมีการนัดรับ/ตรวจสอบได้
2424, บอกว่ามีทุนพิเศษแต่ต้องรีบกรอกข้อมูล  line: @fakeid,suspicious,tu_scam_risk,0.58,thai_english_mix,TU Marketplace,0,0,0,0,1,1,1,0,52,spacing_noise,มีคำเร่งเร้า; มีบริบทเกี่ยวกับเงิน/โอน/บัญชี; มีสัญญาณเสี่ยงแต่หลักฐานยังไม่ชัด
2425,บัญชีคุณถูกระงับ กรุณายืนยันตัวตนทันทีที่ [URL] ✅📌,scam,phishing,0.93,casual,IG DM,1,0,1,1,0,1,0,0,50,emoji,พบคำเกี่ยวกับ OTP/ยืนยันตัวตน; มีลิงก์หรือการชวนคลิกลิงก์; มีคำเร่งเร้า
2426,รุ่นพี่ฝากบอกให้โอนค่าชีทด่วน ไม่งั้นหมดสิทธิ์ 🙏,scam,tu_scam,0.93,casual,Web Form,0,0,0,0,1,1,0,0,48,emoji,มีคำเร่งเร้า; มีบริบทเกี่ยวกับเงิน/โอน/บัญชี
2427,รับทุนการศึกษาเร่งด่วน กรอกข้อมูลและเลขบัญชีที่ [URL] 🥺💸,scam,fake_scholarship,0.88,emoji,Email,1,0,1,0,1,1,1,0,56,emoji,มีลิงก์หรือการชวนคลิกลิงก์; มีคำเร่งเร้า; มีบริบทเกี่ยวกับเงิน/โอน/บัญชี
2428,ไม่สะดวกนัดรับ ขอส่งอย่างเดียว โอนก่อนส่งนะ 💬‼️,suspicious,marketplace_risk,0.6,emoji,Web Form,0,0,0,0,1,0,0,0,47,emoji,มีบริบทเกี่ยวกับเงิน/โอน/บัญชี; มีสัญญาณเสี่ยงแต่หลักฐานยังไม่ชัด
2429,ไม่สะดวกนัดรับ ขอส่งอย่างเดียว โอนก่อนส่งนะ 👍✅,suspicious,marketplace_risk,0.67,emoji,LINE,0,0,0,0,1,0,0,0,46,emoji,มีบริบทเกี่ยวกับเงิน/โอน/บัญชี; มีสัญญาณเสี่ยงแต่หลักฐานยังไม่ชัด
2430, มีใครขายชีท  MA211  บ้างครับ ,normal,tu_general,0.22,casual,Email,0,0,0,0,0,0,0,0,30,spacing_noise,บริบททั่วไปหรือมีการนัดรับ/ตรวจสอบได้
2431,หาคนช่วยงานอีเวนต์ในมอ มีรายละเอียดงานและสถานที่ชัดเจน ⚠️🔥,normal,tu_job_real,0.03,casual,Web Form,0,0,0,0,0,0,0,1,58,emoji,มีบริบทสมัครงาน/รายได้; บริบททั่วไปหรือมีการนัดรับ/ตรวจสอบได้
2432,คุณได้รับสิทธิ์ทุนพิเศษ โอนค่าดำเนินการ 200 บาทก่อนรับทุน DM me,scam,fake_scholarship,0.95,thai_english_mix,LINE,0,0,0,0,1,0,1,0,63,thai_english_mix,มีบริบทเกี่ยวกับเงิน/โอน/บัญชี
2433,หอพักแถวเชียงรากเดือนละไม่เกิน 5000 มีแนะนำไหม 📌💬,normal,tu_general,0.14,casual,Facebook Group,0,0,0,0,0,0,0,0,49,emoji,บริบททั่วไปหรือมีการนัดรับ/ตรวจสอบได้
2434,ขอแนวข้อสอบ CS251 น่อยครับ,normal,tu_general,0.11,formal,X/Twitter,0,0,0,0,0,0,0,0,26,typo,บริบททั่วไปหรือมีการนัดรับ/ตรวจสอบได้
2435,รหัสยืนยันถูกส่งไปแล้ว กรุณาแจ้งรหัสภายใน 5 นาที 💸😅,scam,otp,0.85,slang,LINE,0,0,0,1,0,1,0,0,51,emoji,พบคำเกี่ยวกับ OTP/ยืนยันตัวตน; มีคำเร่งเร้า
2436, สมัครงานง่ายๆ  ได้เงินเร็ว  แต่ต้องจ่ายค่าสมัครก่อน  line: @fakeid,suspicious,job_risk,0.48,formal,X/Twitter,0,0,0,0,1,0,0,1,67,spacing_noise,มีบริบทเกี่ยวกับเงิน/โอน/บัญชี; มีบริบทสมัครงาน/รายได้; มีสัญญาณเสี่ยงแต่หลักฐานยังไม่ชัด
2437,หาคนช่วยงานอีเวนต์ในมอ มีรายละเอียดงานและสถานที่ชัดเจน 🔥,normal,tu_job_real,0.06,thai_english_mix,Discord,0,0,0,0,0,0,0,1,56,emoji,มีบริบทสมัครงาน/รายได้; บริบททั่วไปหรือมีการนัดรับ/ตรวจสอบได้
2438,รีบโอนก่อนนะ เหลือคนเดียวแล้ว 🙏📌,suspicious,marketplace_risk,0.7,short_message,TU Marketplace,0,0,0,0,1,1,0,0,32,emoji,มีคำเร่งเร้า; มีบริบทเกี่ยวกับเงิน/โอน/บัญชี; มีสัญญาณเสี่ยงแต่หลักฐานยังไม่ชัด
2439,กดลิงก์รับเงินคืนค่าธรรมเนียมการศึกษา forms.example.invalid/fake ✨ inbox ได้,scam,refund_scam,0.86,casual,LINE,1,0,0,0,1,0,1,0,76,emoji,มีลิงก์หรือการชวนคลิกลิงก์; มีบริบทเกี่ยวกับเงิน/โอน/บัญชี
2440,ขายหนังสือ CS332 มือสอง นัดรับ SC3 ได้ DM me,normal,tu_marketplace,0.13,formal,Facebook Group,0,0,0,0,0,0,0,0,44,thai_english_mix,บริบททั่วไปหรือมีการนัดรับ/ตรวจสอบได้
2441,คุณได้รับสิทธิ์ทุนพิเศษ โอนค่าดำเนินการ 1000 บาทก่อนรับทุน 💬,scam,fake_scholarship,0.87,emoji,LINE,0,0,0,0,1,0,1,0,60,emoji,มีบริบทเกี่ยวกับเงิน/โอน/บัญชี
2442,วันนี้ห้องเรียน อาคารเรียนรวม เปิดไหมครับ,normal,tu_general,0.21,emoji,LINE,0,0,0,0,0,0,0,0,41,none,บริบททั่วไปหรือมีการนัดรับ/ตรวจสอบได้
2443,บัญชีคุณถูกระงับ กรุณายืนยันตัวตนทันทีที่ example.invalid/verify inbox ได้,scam,phishing,0.96,casual,Web Form,1,0,1,1,0,1,0,0,74,none,พบคำเกี่ยวกับ OTP/ยืนยันตัวตน; มีลิงก์หรือการชวนคลิกลิงก์; มีคำเร่งเร้า
2444,มีคนขอรหัสยืนยัน บอกว่าเป็นแอดมินกลุ่ม ✨‼️,suspicious,otp_risk,0.73,casual,LINE,0,0,0,1,0,0,0,0,42,emoji,พบคำเกี่ยวกับ OTP/ยืนยันตัวตน; มีสัญญาณเสี่ยงแต่หลักฐานยังไม่ชัด
2445,โอนเต็มก่อนเท่านั้น ไม่รับนัด ไม่รับวิดีโอคอล ‼️📌,scam,marketplace_scam,0.88,slang,IG DM,0,0,0,0,1,0,0,0,49,emoji,มีบริบทเกี่ยวกับเงิน/โอน/บัญชี
2446,มีลิงก์ให้กรอกข้อมูลเพื่อรับสิทธิ์ ลองเช็คก่อนนะ 🙏 ทัก DM,suspicious,phishing_risk,0.47,casual,IG DM,1,0,0,0,0,0,0,0,57,emoji,มีลิงก์หรือการชวนคลิกลิงก์; มีสัญญาณเสี่ยงแต่หลักฐานยังไม่ชัด
2447,มีคนจองหลายคน ถ้าเอาโอนมัดจำมาก่อนได้เลย ✅😅,suspicious,marketplace_risk,0.7,thai_english_mix,IG DM,0,0,0,0,1,0,0,0,43,emoji,มีบริบทเกี่ยวกับเงิน/โอน/บัญชี; มีสัญญาณเสี่ยงแต่หลักฐานยังไม่ชัด
2448,ขอแนวข้อสอบ CS222 หน่อยครับ ✅,normal,tu_general,0.1,thai_english_mix,LINE,0,0,0,0,0,0,0,0,29,emoji,บริบททั่วไปหรือมีการนัดรับ/ตรวจสอบได้
2449,ร้านกาแฟแถวรังสิตรับพาร์ทไทม์ ชั่วโมงละ 80 บาท มีสัมภาษณ์หน้าร้าน 👍,normal,tu_job_real,0.15,short_message,IG DM,0,0,0,0,1,0,0,1,67,emoji,มีบริบทเกี่ยวกับเงิน/โอน/บัญชี; มีบริบทสมัครงาน/รายได้; บริบททั่วไปหรือมีการนัดรับ/ตรวจสอบได้
2450, แอดมินคณะขอค่าจองสิทธิ์สอบ  โอนมาที่  พร้อมเพย์  08x-xxx-xxxx  ภายในวันนี้ ,scam,tu_scam,0.9,thai_english_mix,IG DM,0,1,1,0,1,1,0,0,76,spacing_noise,มีคำเร่งเร้า; มีบริบทเกี่ยวกับเงิน/โอน/บัญชี
2451,คลิกลิงก์นี้เพื่อยืนยันบัญชีนักศึกษา tu-form.example.invalid DM me,scam,phishing,0.81,thai_english_mix,Email,1,0,1,0,0,0,0,0,66,thai_english_mix,มีลิงก์หรือการชวนคลิกลิงก์
2452,ส่งเลขบัญชีมา เดี๋ยวโอนค่าหนังสือให้ครับ ok? ส่งในกลุ่มได้เลย,normal,tu_marketplace,0.27,thai_english_mix,LINE,0,0,1,0,1,0,0,0,61,thai_english_mix,มีบริบทเกี่ยวกับเงิน/โอน/บัญชี; บริบททั่วไปหรือมีการนัดรับ/ตรวจสอบได้
2453,งานออนไลน์รายได้สูงมาก ไม่ต้องสัมภาษณ์ แค่ทักแชท 🔥🙏,suspicious,job_risk,0.47,formal,X/Twitter,0,0,0,0,1,0,0,1,51,emoji,มีบริบทเกี่ยวกับเงิน/โอน/บัญชี; มีบริบทสมัครงาน/รายได้; มีสัญญาณเสี่ยงแต่หลักฐานยังไม่ชัด
2454,Your account has been suspended verify now example.invalid/verify 😅,scam,phishing,0.84,formal,Facebook Group,1,0,0,1,0,1,0,0,67,emoji,พบคำเกี่ยวกับ OTP/ยืนยันตัวตน; มีลิงก์หรือการชวนคลิกลิงก์; มีคำเร่งเร้า
2455,คลิกลิงก์นี้เพื่อยืนยันบัญชีนักศึกษา forms.example.invalid/fake 💬‼️,scam,phishing,0.86,emoji,Discord,1,0,1,0,0,0,0,0,67,emoji,มีลิงก์หรือการชวนคลิกลิงก์
2456,Your account has been suspended verify now bit.ly/example_fake ok?,scam,phishing,0.85,short_message,TU Marketplace,1,0,0,1,0,1,0,0,66,thai_english_mix,พบคำเกี่ยวกับ OTP/ยืนยันตัวตน; มีลิงก์หรือการชวนคลิกลิงก์; มีคำเร่งเร้า
2457,โอนนมัดจำค่าหอ 1000 บาทได้ไหมคับ,normal,tu_marketplace,0.23,slang,Email,0,0,0,0,1,0,0,0,32,typo,มีบริบทเกี่ยวกับเงิน/โอน/บัญชี; บริบททั่วไปหรือมีการนัดรับ/ตรวจสอบได้
2458,ขาย iPad ใช้เรียน นัดรับในมอได้ เช็คของก่อนจ่าย ✨✅,normal,tu_marketplace,0.26,short_message,Web Form,0,0,0,0,0,0,0,0,50,emoji,บริบททั่วไปหรือมีการนัดรับ/ตรวจสอบได้
2459, ขอโอนเต็มก่อน  เดี๋ยวส่งเลขพัสดุให้ ,suspicious,marketplace_risk,0.51,slang,Email,0,0,0,0,1,0,0,0,37,spacing_noise,มีบริบทเกี่ยวกับเงิน/โอน/บัญชี; มีสัญญาณเสี่ยงแต่หลักฐานยังไม่ชัด
2460,รับทุนการศึกษาเร่งด่วน กรอกข้อมูลและเลขบัญชีที่ bit.ly/example_fake 📌💸,scam,fake_scholarship,0.89,thai_english_mix,SMS,1,0,1,0,1,1,1,0,70,emoji,มีลิงก์หรือการชวนคลิกลิงก์; มีคำเร่งเร้า; มีบริบทเกี่ยวกับเงิน/โอน/บัญชี
2461,รับทุนการศึกษาเร่งด่วน กรอกข้อมูลและเลขบัญชีที่ tu-form.example.invalid ส่งในกลุ่มได้เลย,scam,fake_scholarship,0.93,thai_english_mix,Web Form,1,0,1,0,1,1,1,0,88,none,มีลิงก์หรือการชวนคลิกลิงก์; มีคำเร่งเร้า; มีบริบทเกี่ยวกับเงิน/โอน/บัญชี
2462,สมัครงาน part-time online จ่ายค่าสมัครก่อน 200 แล้วเริ่มงานได้เลย 👍,scam,job_scam,0.91,casual,LINE,0,0,0,0,0,0,0,1,67,emoji,มีบริบทสมัครงาน/รายได้
2463,กดลิงก์รับเงินคืนค่าธรรมเนียมการศึกษา [URL] 💸⚠️,scam,refund_scam,0.88,short_message,X/Twitter,1,0,0,0,1,0,1,0,47,emoji,มีลิงก์หรือการชวนคลิกลิงก์; มีบริบทเกี่ยวกับเงิน/โอน/บัญชี
2464,ขาย iPad ใช้เรียน นัดรับในมอได้ เช็คของก่อนจ่าย 🙏🔥,normal,tu_marketplace,0.03,formal,Web Form,0,0,0,0,0,0,0,0,50,emoji,บริบททั่วไปหรือมีการนัดรับ/ตรวจสอบได้
2465,ขอแนวข้อสอบ CS222 หน่อยครับ 🔥‼️,normal,tu_general,0.12,short_message,X/Twitter,0,0,0,0,0,0,0,0,31,emoji,บริบททั่วไปหรือมีการนัดรับ/ตรวจสอบได้
2466,นัดรับหน้า คณะวิทย์ ได้ครับ สะดวกช่วงเย็น,normal,tu_marketplace,0.3,casual,Web Form,0,0,0,0,0,0,0,0,41,none,บริบททั่วไปหรือมีการนัดรับ/ตรวจสอบได้
2467,ไม่สะดวกนัดรับ ขอส่งอย่างเดียว โอนก่อนส่งนะ 🙏‼️,suspicious,marketplace_risk,0.54,casual,X/Twitter,0,0,0,0,1,0,0,0,47,emoji,มีบริบทเกี่ยวกับเงิน/โอน/บัญชี; มีสัญญาณเสี่ยงแต่หลักฐานยังไม่ชัด
2468,โปรไฟล์ใหม่มาก แต่บอกว่าเป็นเจ้าหน้าที่มหาลัย ‼️💸,suspicious,impersonation_risk,0.57,thai_english_mix,Email,0,0,0,0,0,0,0,0,49,emoji,มีสัญญาณเสี่ยงแต่หลักฐานยังไม่ชัด
2469,แอดมินคณะขอค่าจองสิทธิ์สอบ โอนมาที่ xxx-x-xxxxx-x ภายในวันนี้ 🔥‼️,scam,tu_scam,0.96,short_message,IG DM,0,0,1,0,1,1,0,0,65,emoji,มีคำเร่งเร้า; มีบริบทเกี่ยวกับเงิน/โอน/บัญชี
2470,มีลิงก์ให้กรอกข้อมูลเพื่อรับสิทธิ์ ลองเช็คก่อนนะ 💸‼️,suspicious,phishing_risk,0.5,emoji,Email,1,0,0,0,0,0,0,0,52,emoji,มีลิงก์หรือการชวนคลิกลิงก์; มีสัญญาณเสี่ยงแต่หลักฐานยังไม่ชัด
2471,สมัครงาน part-time online จ่ายค่าสมัครก่อน 300 แล้วเริ่มงานได้เลย DM me,scam,job_scam,0.93,thai_english_mix,Facebook Group,0,0,0,0,0,0,0,1,71,thai_english_mix,มีบริบทสมัครงาน/รายได้
2472,Your account has been suspended verify now tu-form.example.invalid 📌💸,scam,phishing,0.95,short_message,Email,1,0,0,1,0,1,0,0,69,emoji,พบคำเกี่ยวกับ OTP/ยืนยันตัวตน; มีลิงก์หรือการชวนคลิกลิงก์; มีคำเร่งเร้า
2473,ไม่สะดวกนัดรับ ขอส่งอย่างเดียว โอนก่อนส่งนะ 📌🚨,suspicious,marketplace_risk,0.66,emoji,Web Form,0,0,0,0,1,0,0,0,46,emoji,มีบริบทเกี่ยวกับเงิน/โอน/บัญชี; มีสัญญาณเสี่ยงแต่หลักฐานยังไม่ชัด
2474,นัดรับหน้า หอสมุดป๋วย ได้ครับ สะดวกช่วงเย็น now,normal,tu_marketplace,0.24,casual,Email,0,0,0,0,0,1,0,0,47,thai_english_mix,มีคำเร่งเร้า; บริบททั่วไปหรือมีการนัดรับ/ตรวจสอบได้
2475,วันนี้ห้องเรียน หอสมุดป๋วย เปิดไหมครับ ⚠️✨,normal,tu_general,0.1,emoji,LINE,0,0,0,0,0,0,0,0,42,emoji,บริบททั่วไปหรือมีการนัดรับ/ตรวจสอบได้
2476,วันนี้ห้องเรียน หอสมุดป๋วย เปิดไหมครับ 📌🚨,normal,tu_general,0.25,formal,LINE,0,0,0,0,0,0,0,0,41,emoji,บริบททั่วไปหรือมีการนัดรับ/ตรวจสอบได้
2477,มีใครขายชีท CS251 บ้างคับ,normal,tu_general,0.28,formal,SMS,0,0,0,0,0,0,0,0,25,typo,บริบททั่วไปหรือมีการนัดรับ/ตรวจสอบได้
2478,หาคนช่วยงานอีเวนต์ในมอ มีรายละเอียดงานและสถานที่ชัดเจน ⚠️,normal,tu_job_real,0.04,emoji,Facebook Group,0,0,0,0,0,0,0,1,57,emoji,มีบริบทสมัครงาน/รายได้; บริบททั่วไปหรือมีการนัดรับ/ตรวจสอบได้
2479,ขายหนังสือ CS332 มือสอง นัดรับ BRT ได้ 🙏,normal,tu_marketplace,0.12,formal,Discord,0,0,0,0,0,0,0,0,40,emoji,บริบททั่วไปหรือมีการนัดรับ/ตรวจสอบได้
2480, สมัครงาน  part-time  online  จ่ายค่าสมัครก่อน  300  แล้วเริ่มงานได้เลย ,scam,job_scam,0.98,formal,IG DM,0,0,0,0,0,0,0,1,72,spacing_noise,มีบริบทสมัครงาน/รายได้
2481,มีคนขอรหัสยืนยัน บอกว่าเป็นแอดมินกลุ่ม 💸‼️,suspicious,otp_risk,0.69,emoji,IG DM,0,0,0,1,0,0,0,0,42,emoji,พบคำเกี่ยวกับ OTP/ยืนยันตัวตน; มีสัญญาณเสี่ยงแต่หลักฐานยังไม่ชัด
2482,มีคนขอรหัสยืนยัน บอกว่าเป็นแอดมินกลุ่ม 🙏🥺,suspicious,otp_risk,0.59,slang,IG DM,0,0,0,1,0,0,0,0,41,emoji,พบคำเกี่ยวกับ OTP/ยืนยันตัวตน; มีสัญญาณเสี่ยงแต่หลักฐานยังไม่ชัด
2483,ใครเจอบัตรนักศึกษาที่ SC3 ทักมาหน่อยครับ DM me,normal,tu_general,0.15,slang,Facebook Group,0,0,0,0,0,0,0,0,46,thai_english_mix,บริบททั่วไปหรือมีการนัดรับ/ตรวจสอบได้
2484,มีลิงก์ให้กรอกข้อมูลเพื่อรับสิทธิ์ ลองเช็คก่อนนะ 😅 ทัก DM,suspicious,phishing_risk,0.48,casual,LINE,1,0,0,0,0,0,0,0,57,emoji,มีลิงก์หรือการชวนคลิกลิงก์; มีสัญญาณเสี่ยงแต่หลักฐานยังไม่ชัด
2485,กดลิงก์รับเงินคืนค่าธรรมเนียมการศึกษา [URL] ASAP,scam,refund_scam,0.88,slang,Web Form,1,0,0,0,1,0,1,0,48,thai_english_mix,มีลิงก์หรือการชวนคลิกลิงก์; มีบริบทเกี่ยวกับเงิน/โอน/บัญชี
2486,บอกว่ามีทุนพิเศษแต่ต้องรีบกรอกข้อมูล ‼️✅,suspicious,tu_scam_risk,0.55,formal,Discord,0,0,0,0,1,1,1,0,40,emoji,มีคำเร่งเร้า; มีบริบทเกี่ยวกับเงิน/โอน/บัญชี; มีสัญญาณเสี่ยงแต่หลักฐานยังไม่ชัด
2487,อ้างว่าเป็นรุ่นพี่คณะ ขอให้โอนเงินช่วยจองสิทธิ์ ‼️💬,suspicious,tu_scam_risk,0.7,emoji,Email,0,0,0,0,1,0,0,0,51,emoji,มีบริบทเกี่ยวกับเงิน/โอน/บัญชี; มีสัญญาณเสี่ยงแต่หลักฐานยังไม่ชัด
2488, ขายหนังสือ  SC135  มือสอง  นัดรับ  หน้าโดม  ได้ ,normal,tu_marketplace,0.21,short_message,Discord,0,0,0,0,0,0,0,0,49,spacing_noise,บริบททั่วไปหรือมีการนัดรับ/ตรวจสอบได้
2489,"งานออนไลน์ได้เงินวันละ 10,000 ไม่ต้องสัมภาษณ์ สมัครด่วน ✅🥺",scam,job_scam,0.87,short_message,X/Twitter,0,0,0,0,1,1,0,1,58,emoji,มีคำเร่งเร้า; มีบริบทเกี่ยวกับเงิน/โอน/บัญชี; มีบริบทสมัครงาน/รายได้
2490,อ้างว่าเป็นรุ่นพี่คณะ ขอให้โอนนเงินช่วยจองสิทธิ์ ส่งในกลุ่มได้เลย,suspicious,tu_scam_risk,0.53,thai_english_mix,Email,0,0,0,0,1,0,0,0,65,typo,มีบริบทเกี่ยวกับเงิน/โอน/บัญชี; มีสัญญาณเสี่ยงแต่หลักฐานยังไม่ชัด
2491,มีลิ้ง Google Meet สำหรับประชุมไหมคับ,normal,meeting,0.04,thai_english_mix,IG DM,0,0,0,0,0,0,0,0,37,typo,บริบททั่วไปหรือมีการนัดรับ/ตรวจสอบได้
2492,ขอเลขบัญชีพร้อมเพย์หน่อยครับ จะโอนค่าชีท ✅📌,normal,tu_marketplace,0.16,emoji,IG DM,0,0,1,0,1,0,0,0,43,emoji,มีบริบทเกี่ยวกับเงิน/โอน/บัญชี; บริบททั่วไปหรือมีการนัดรับ/ตรวจสอบได้
2493,กดลิงก์รับเงินคืนค่าธรรมเนียมการศึกษา tu-form.example.invalid 🔥,scam,refund_scam,0.92,thai_english_mix,Facebook Group,1,0,0,0,1,0,1,0,63,emoji,มีลิงก์หรือการชวนคลิกลิงก์; มีบริบทเกี่ยวกับเงิน/โอน/บัญชี
2494,กดลิงก์รับเงินคืนค่าธรรมเนียมการศึกษา bit.ly/example_fake ASAP,scam,refund_scam,0.9,short_message,IG DM,1,0,0,0,1,0,1,0,62,thai_english_mix,มีลิงก์หรือการชวนคลิกลิงก์; มีบริบทเกี่ยวกับเงิน/โอน/บัญชี
2495,ของอยู่ต่างจังหวัด โอนก่อนส่งเท่านั้น ราคาพิเศษถึงวันนี้ 🚨🙏,scam,marketplace_scam,0.88,short_message,TU Marketplace,0,0,0,0,1,0,0,0,59,emoji,มีบริบทเกี่ยวกับเงิน/โอน/บัญชี
2496,หอพักแถวเชียงรากเดือนละไม่เกิน 3500 มีแนะนำไหม 📌🚨,normal,tu_general,0.04,slang,IG DM,0,0,0,0,0,0,0,0,49,emoji,บริบททั่วไปหรือมีการนัดรับ/ตรวจสอบได้
2497,ใครเจอบัตรนักศึกษาที่ หอสมุดป๋วย ทักมาหน่อยครับ 🔥,normal,tu_general,0.13,emoji,TU Marketplace,0,0,0,0,0,0,0,0,49,emoji,บริบททั่วไปหรือมีการนัดรับ/ตรวจสอบได้
2498,รีบโอนก่อนนะ เหลือคนเดียวแล้ว 😅,suspicious,marketplace_risk,0.51,formal,Web Form,0,0,0,0,1,1,0,0,31,emoji,มีคำเร่งเร้า; มีบริบทเกี่ยวกับเงิน/โอน/บัญชี; มีสัญญาณเสี่ยงแต่หลักฐานยังไม่ชัด
2499,อ้างว่าเป็นรุ่นพี่คณะ ขอให้โอนเงินช่วยจองสิทธิ์ pls ทัก DM,suspicious,tu_scam_risk,0.54,casual,X/Twitter,0,0,0,0,1,0,0,0,58,thai_english_mix,มีบริบทเกี่ยวกับเงิน/โอน/บัญชี; มีสัญญาณเสี่ยงแต่หลักฐานยังไม่ชัด
2500, แอดมินคณะขอค่าจองสิทธิ์สอบ  โอนมาที่  xxx-x-xxxxx-x  ภายในวันนี้ ,scam,tu_scam,0.99,slang,Facebook Group,0,0,1,0,1,1,0,0,66,spacing_noise,มีคำเร่งเร้า; มีบริบทเกี่ยวกับเงิน/โอน/บัญชี
2501,งานออนไลน์ได้เงินวันละ 8000 ไม่ต้องสัมภาษณ์ สมักด่วน ส่งในกลุ่มได้เลย,scam,job_scam,0.86,casual,Email,0,0,0,0,1,1,0,1,69,typo,มีคำเร่งเร้า; มีบริบทเกี่ยวกับเงิน/โอน/บัญชี; มีบริบทสมัครงาน/รายได้
2502,ใครเจอบัตรนักศึกษาที่ บร.2 ทักมาหน่อยครับ now,normal,tu_general,0.06,short_message,TU Marketplace,0,0,0,0,0,1,0,0,45,thai_english_mix,มีคำเร่งเร้า; บริบททั่วไปหรือมีการนัดรับ/ตรวจสอบได้
2503,หาคนช่วยงานอีเวนต์ในมอ มีรายละเอียดงานและสถานที่ชัดเจน 📌😅,normal,tu_job_real,0.21,slang,TU Marketplace,0,0,0,0,0,0,0,1,57,emoji,มีบริบทสมัครงาน/รายได้; บริบททั่วไปหรือมีการนัดรับ/ตรวจสอบได้
2504,นัดรับหน้า โรงอาหารกลาง ได้ครับ สะดวกช่วงเย็น line: @fakeid,normal,tu_marketplace,0.02,short_message,Web Form,0,0,0,0,0,0,0,0,59,none,บริบททั่วไปหรือมีการนัดรับ/ตรวจสอบได้
2505,บัญชีคุณถูกระงับ กรุณายืนยันตัวตนทันทีที่ tu-form.example.invalid ASAP ทัก DM,scam,phishing,0.98,slang,Discord,1,0,1,1,0,1,0,0,77,thai_english_mix,พบคำเกี่ยวกับ OTP/ยืนยันตัวตน; มีลิงก์หรือการชวนคลิกลิงก์; มีคำเร่งเร้า
2506,ระบบแจ้งให้ยืนยันข้อมูลบางอย่างภายในวันนี้ ✨👍,suspicious,phishing_risk,0.71,short_message,SMS,0,0,0,0,0,1,0,0,45,emoji,มีคำเร่งเร้า; มีสัญญาณเสี่ยงแต่หลักฐานยังไม่ชัด
2507,ของถูกมาก แต่ต้องจองภายในวันนี้ 🙏🔥,suspicious,marketplace_risk,0.65,slang,Facebook Group,0,0,0,0,0,1,0,0,34,emoji,มีคำเร่งเร้า; มีสัญญาณเสี่ยงแต่หลักฐานยังไม่ชัด
2508,ระบบแจ้งให้ยืนยันข้อมูลบางอย่างภายในวันนี้ ‼️,suspicious,phishing_risk,0.47,thai_english_mix,TU Marketplace,0,0,0,0,0,1,0,0,45,emoji,มีคำเร่งเร้า; มีสัญญาณเสี่ยงแต่หลักฐานยังไม่ชัด
2509,บัญชีนี้ของแฟนเราเอง ปลอดภัยแน่นอน โอนมาเลย 🥺🔥,scam,marketplace_scam,0.86,short_message,Discord,0,0,1,0,1,0,0,0,46,emoji,มีบริบทเกี่ยวกับเงิน/โอน/บัญชี
2510,งานออนไลน์รายได้สูงมาก ไม่ต้องสัมภาษณ์ แค่ทักแชท 😅💬,suspicious,job_risk,0.46,slang,Discord,0,0,0,0,1,0,0,1,51,emoji,มีบริบทเกี่ยวกับเงิน/โอน/บัญชี; มีบริบทสมัครงาน/รายได้; มีสัญญาณเสี่ยงแต่หลักฐานยังไม่ชัด
2511,โอนมัดจำค่าหอ 500 บาทได้ไหมครับ line: @fakeid,normal,tu_marketplace,0.28,short_message,LINE,0,0,0,0,1,0,0,0,45,none,มีบริบทเกี่ยวกับเงิน/โอน/บัญชี; บริบททั่วไปหรือมีการนัดรับ/ตรวจสอบได้
2512,สมัครงานง่ายๆ ได้เงินเร็ว แต่ต้องจ่ายค่าสมัครก่อน 😅✨,suspicious,job_risk,0.68,thai_english_mix,Facebook Group,0,0,0,0,1,0,0,1,52,emoji,มีบริบทเกี่ยวกับเงิน/โอน/บัญชี; มีบริบทสมัครงาน/รายได้; มีสัญญาณเสี่ยงแต่หลักฐานยังไม่ชัด
2513, วันนี้ห้องเรียน  อาคารเรียนรวม  เปิดไหมครับ ,normal,tu_general,0.2,casual,Discord,0,0,0,0,0,0,0,0,45,spacing_noise,บริบททั่วไปหรือมีการนัดรับ/ตรวจสอบได้
2514,รับหิ้วของจากญี่ปุ่น สนใจทักได้ นัดรับได้ในมอ ✅🥺,normal,tu_general,0.06,formal,Discord,0,0,0,0,0,0,0,0,48,emoji,บริบททั่วไปหรือมีการนัดรับ/ตรวจสอบได้
2515,รับทุนการศึกษาเร่งด่วน กรอกข้อมูลและเลขบัญชีที่ example.invalid/verify now,scam,fake_scholarship,0.82,thai_english_mix,LINE,1,0,1,1,1,1,1,0,74,thai_english_mix,พบคำเกี่ยวกับ OTP/ยืนยันตัวตน; มีลิงก์หรือการชวนคลิกลิงก์; มีคำเร่งเร้า; มีบริบทเกี่ยวกับเงิน/โอน/บัญชี
2516,คลิกลิงก์นี้เพื่อยืนยันบัญชีนักศึกษา forms.example.invalid/fake DM me,scam,phishing,0.89,thai_english_mix,Email,1,0,1,0,0,0,0,0,69,thai_english_mix,มีลิงก์หรือการชวนคลิกลิงก์
2517, job  online  รายได้สูง  ไม่ต้องมีประสบการณ์  โอนค่าประกันก่อนเริ่มงาน  inbox ได้,scam,job_scam,0.97,slang,IG DM,0,0,0,0,1,0,0,1,81,spacing_noise,มีบริบทเกี่ยวกับเงิน/โอน/บัญชี; มีบริบทสมัครงาน/รายได้
2518,ไม่สะดวกนัดรับ ขอส่งอย่างเดียว โอนก่อนส่งนะ 🚨‼️,suspicious,marketplace_risk,0.53,casual,Facebook Group,0,0,0,0,1,0,0,0,47,emoji,มีบริบทเกี่ยวกับเงิน/โอน/บัญชี; มีสัญญาณเสี่ยงแต่หลักฐานยังไม่ชัด
2519,job online รายได้สูง ไม่ต้องมีประสบการณ์ โอนค่าประกันก่อนเริ่มงาน ⚠️✅ inbox ได้,scam,job_scam,0.9,short_message,X/Twitter,0,0,0,0,1,0,0,1,79,emoji,มีบริบทเกี่ยวกับเงิน/โอน/บัญชี; มีบริบทสมัครงาน/รายได้
2520,คุณได้รับสิทธิ์ทุนพิเศษ โอนค่าดำเนินการ 300 บาทก่อนรับทุน 🔥💬,scam,fake_scholarship,0.87,slang,Discord,0,0,0,0,1,0,1,0,60,emoji,มีบริบทเกี่ยวกับเงิน/โอน/บัญชี
2521,มีคนจองหลายคน ถ้าเอาโอนมัดจำมาก่อนได้เลย 🚨🔥,suspicious,marketplace_risk,0.56,slang,X/Twitter,0,0,0,0,1,0,0,0,43,emoji,มีบริบทเกี่ยวกับเงิน/โอน/บัญชี; มีสัญญาณเสี่ยงแต่หลักฐานยังไม่ชัด
2522,ขายหนังสือ EL171 มือสอง นัดรับ ประตูเชียงราก ได้ 🔥🚨,normal,tu_marketplace,0.22,formal,X/Twitter,0,0,0,0,0,0,0,0,51,emoji,บริบททั่วไปหรือมีการนัดรับ/ตรวจสอบได้
2523,คลิกลิงก์นี้เพื่อยืนยันบัญชีนักศึกษา example.invalid/verify 📌,scam,phishing,0.96,thai_english_mix,Email,1,0,1,1,0,0,0,0,61,emoji,พบคำเกี่ยวกับ OTP/ยืนยันตัวตน; มีลิงก์หรือการชวนคลิกลิงก์
2524,รหัสยืนยันถูกส่งไปแล้ว กรุณาแจ้งรหัสภายใน 5 นาที 👍🚨,scam,otp,0.82,slang,TU Marketplace,0,0,0,1,0,1,0,0,51,emoji,พบคำเกี่ยวกับ OTP/ยืนยันตัวตน; มีคำเร่งเร้า
2525,สมัครงานง่ายๆ ได้เงินเร็ว แต่ต้องจ่ายค่าสมัครก่อน pls line: @fakeid,suspicious,job_risk,0.53,thai_english_mix,Facebook Group,0,0,0,0,1,0,0,1,67,thai_english_mix,มีบริบทเกี่ยวกับเงิน/โอน/บัญชี; มีบริบทสมัครงาน/รายได้; มีสัญญาณเสี่ยงแต่หลักฐานยังไม่ชัด
2526,วันนี้ห้องเรียน SC3 เปิดไหมครับ 💬,normal,tu_general,0.29,formal,X/Twitter,0,0,0,0,0,0,0,0,33,emoji,บริบททั่วไปหรือมีการนัดรับ/ตรวจสอบได้
2527,ไม่สะดวกนัดรับ ขอส่งอย่างเดียว โอนก่อนส่งนะ 💸 ส่งในกลุ่มได้เลย,suspicious,marketplace_risk,0.53,emoji,X/Twitter,0,0,0,0,1,0,0,0,62,emoji,มีบริบทเกี่ยวกับเงิน/โอน/บัญชี; มีสัญญาณเสี่ยงแต่หลักฐานยังไม่ชัด
2528,ของอยู่ต่างจังหวัด โอนก่อนส่งเท่านั้น ราคาพิเศษถึงวันนี้ verify pls ส่งในกลุ่มได้เลย,scam,marketplace_scam,0.82,casual,SMS,0,0,0,1,1,0,0,0,84,thai_english_mix,พบคำเกี่ยวกับ OTP/ยืนยันตัวตน; มีบริบทเกี่ยวกับเงิน/โอน/บัญชี
2529,รหัสยืนยันถูกส่งไปแล้ว กรุณาแจ้งรหัสภายใน 5 นาที ⚠️🥺,scam,otp,0.97,emoji,IG DM,0,0,0,1,0,1,0,0,52,emoji,พบคำเกี่ยวกับ OTP/ยืนยันตัวตน; มีคำเร่งเร้า
2530,คลิกลิงก์นี้เพื่อยืนยันบัญชีนักศึกษา example.invalid/verify ASAP,scam,phishing,0.92,formal,Discord,1,0,1,1,0,0,0,0,64,thai_english_mix,พบคำเกี่ยวกับ OTP/ยืนยันตัวตน; มีลิงก์หรือการชวนคลิกลิงก์
2531,ขายหนังสือ CS251 มือสอง นัดรับ BRT ได้,normal,tu_marketplace,0.02,casual,IG DM,0,0,0,0,0,0,0,0,38,none,บริบททั่วไปหรือมีการนัดรับ/ตรวจสอบได้
2532,รีบโอนก่อนนะ เหลือคนเดียวแล้ว 💬✅,suspicious,marketplace_risk,0.62,casual,TU Marketplace,0,0,0,0,1,1,0,0,32,emoji,มีคำเร่งเร้า; มีบริบทเกี่ยวกับเงิน/โอน/บัญชี; มีสัญญาณเสี่ยงแต่หลักฐานยังไม่ชัด
2533,บัญชีนี้ของแฟนเราเอง ปลอดภัยแน่นอน โอนมาเลย line: @fakeid,scam,marketplace_scam,0.97,emoji,Discord,0,0,1,0,1,0,0,0,57,none,มีบริบทเกี่ยวกับเงิน/โอน/บัญชี
2534,โอนนมัดจำค่าหอ 200 บาทได้ไหมคับ,normal,tu_marketplace,0.29,slang,Web Form,0,0,0,0,1,0,0,0,31,typo,มีบริบทเกี่ยวกับเงิน/โอน/บัญชี; บริบททั่วไปหรือมีการนัดรับ/ตรวจสอบได้
2535,ขอโอนเต็มก่อน เดี๋ยวส่งเลขพัสดุให้ verify pls inbox ได้,suspicious,marketplace_risk,0.64,emoji,Facebook Group,0,0,0,1,1,0,0,0,55,thai_english_mix,พบคำเกี่ยวกับ OTP/ยืนยันตัวตน; มีบริบทเกี่ยวกับเงิน/โอน/บัญชี; มีสัญญาณเสี่ยงแต่หลักฐานยังไม่ชัด
2536,ขอแนวข้อสอบ MA211 หน่อยครับ 💸💬,normal,tu_general,0.26,formal,SMS,0,0,0,0,0,0,0,0,30,emoji,บริบททั่วไปหรือมีการนัดรับ/ตรวจสอบได้
2537,รหัสยืนยันถูกส่งไปแล้ว กรุณาแจ้งรหัสภายใน 5 นาที 👍⚠️,scam,otp,0.92,formal,Email,0,0,0,1,0,1,0,0,52,emoji,พบคำเกี่ยวกับ OTP/ยืนยันตัวตน; มีคำเร่งเร้า
2538,ของอยู่ต่างจังหวัด โอนก่อนส่งเท่านั้น ราคาพิเศษถึงวันนี้ pls ส่งในกลุ่มได้เลย,scam,marketplace_scam,0.94,thai_english_mix,SMS,0,0,0,0,1,0,0,0,77,thai_english_mix,มีบริบทเกี่ยวกับเงิน/โอน/บัญชี
2539,บัญชีคุณถูกระงับ กรุณายืนยันตัวตนทันทีที่ bit.ly/example_fake ✅,scam,phishing,0.94,formal,TU Marketplace,1,0,1,1,0,1,0,0,63,emoji,พบคำเกี่ยวกับ OTP/ยืนยันตัวตน; มีลิงก์หรือการชวนคลิกลิงก์; มีคำเร่งเร้า
2540,ราคาถูกกว่าปกติมาก แต่ไม่ให้วิดีโอคอลดูของ verify pls inbox ได้,suspicious,marketplace_risk,0.72,emoji,X/Twitter,0,0,0,1,0,0,0,0,63,thai_english_mix,พบคำเกี่ยวกับ OTP/ยืนยันตัวตน; มีสัญญาณเสี่ยงแต่หลักฐานยังไม่ชัด
2541,รหัสยืนยันถูกส่งไปแล้ว กรุณาแจ้งรหัสภายใน 5 นาที 🥺‼️,scam,otp,0.91,formal,Facebook Group,0,0,0,1,0,1,0,0,52,emoji,พบคำเกี่ยวกับ OTP/ยืนยันตัวตน; มีคำเร่งเร้า
2542,ระบบ  TU  แจ้งเตือน  ให้  update  password  ผ่าน  bit.ly/example_fake  ด่วน,scam,phishing,0.89,short_message,X/Twitter,1,0,0,0,0,1,0,0,75,spacing_noise,มีลิงก์หรือการชวนคลิกลิงก์; มีคำเร่งเร้า
2543,กดลิ้งรับเงินคืนค่าธรรมเนียมการศึกษา tu-form.example.invalid,scam,refund_scam,0.81,casual,SMS,1,0,0,0,1,0,1,0,60,typo,มีลิงก์หรือการชวนคลิกลิงก์; มีบริบทเกี่ยวกับเงิน/โอน/บัญชี
2544,บอกว่ามีทุนพิเศษแต่ต้องรีบกรอกข้อมูล 🚨🙏,suspicious,tu_scam_risk,0.73,emoji,SMS,0,0,0,0,1,1,1,0,39,emoji,มีคำเร่งเร้า; มีบริบทเกี่ยวกับเงิน/โอน/บัญชี; มีสัญญาณเสี่ยงแต่หลักฐานยังไม่ชัด
2545,รับทุนการศึกษาเร่งด่วน กรอกข้อมูลและเลขบัญชีที่ bit.ly/example_fake ‼️😅 inbox ได้,scam,fake_scholarship,0.91,slang,TU Marketplace,1,0,1,0,1,1,1,0,81,emoji,มีลิงก์หรือการชวนคลิกลิงก์; มีคำเร่งเร้า; มีบริบทเกี่ยวกับเงิน/โอน/บัญชี
2546,งานออนไลน์รายได้สูงมาก ไม่ต้องสัมภาษณ์ แค่ทักแชท 🙏😅 ส่งในกลุ่มได้เลย,suspicious,job_risk,0.5,emoji,X/Twitter,0,0,0,0,1,0,0,1,68,emoji,มีบริบทเกี่ยวกับเงิน/โอน/บัญชี; มีบริบทสมัครงาน/รายได้; มีสัญญาณเสี่ยงแต่หลักฐานยังไม่ชัด
2547,บัญชีคุณถูกระงับ กรุณายืนยันตัวตนทันทีที่ tu-form.example.invalid ทัก DM,scam,phishing,0.81,emoji,LINE,1,0,1,1,0,1,0,0,72,typo,พบคำเกี่ยวกับ OTP/ยืนยันตัวตน; มีลิงก์หรือการชวนคลิกลิงก์; มีคำเร่งเร้า
2548,บัญชีนี้ของแฟนเราเอง ปลอดภัยแน่นอน โอนมาเลย 💸🙏,scam,marketplace_scam,0.83,emoji,Discord,0,0,1,0,1,0,0,0,46,emoji,มีบริบทเกี่ยวกับเงิน/โอน/บัญชี
2549, ของถูกมาก  แต่ต้องจองภายในวันนี้  ส่งในกลุ่มได้เลย,suspicious,marketplace_risk,0.65,casual,X/Twitter,0,0,0,0,0,1,0,0,51,spacing_noise,มีคำเร่งเร้า; มีสัญญาณเสี่ยงแต่หลักฐานยังไม่ชัด
2550,ส่งเลขบัญชีมา เดี๋ยวโอนค่าหนังสือให้ครับ 🔥 inbox ได้,normal,tu_marketplace,0.19,casual,Web Form,0,0,1,0,1,0,0,0,52,emoji,มีบริบทเกี่ยวกับเงิน/โอน/บัญชี; บริบททั่วไปหรือมีการนัดรับ/ตรวจสอบได้
2551,หาคนช่วยงานอีเวนต์ในมอ มีรายละเอียดงานและสถานที่ชัดเจน 🥺 line: @fakeid,normal,tu_job_real,0.28,thai_english_mix,IG DM,0,0,0,0,0,0,0,1,70,emoji,มีบริบทสมัครงาน/รายได้; บริบททั่วไปหรือมีการนัดรับ/ตรวจสอบได้
2552,ใครเจอบัตรนักศึกษาที่ คณะวิทย์ ทักมาน่อยคับ ส่งในกลุ่มได้เลย,normal,tu_general,0.1,formal,Email,0,0,0,0,0,0,0,0,60,typo,บริบททั่วไปหรือมีการนัดรับ/ตรวจสอบได้
2553,ราคาถูกกว่าปกติมาก แต่ไม่ให้วิดีโอคอลดูของ ✅🚨,suspicious,marketplace_risk,0.47,thai_english_mix,Web Form,0,0,0,0,0,0,0,0,45,emoji,มีสัญญาณเสี่ยงแต่หลักฐานยังไม่ชัด
2554,ใครเจอบัตรนักศึกษาที่ หน้าโดม ทักมาหน่อยครับ 🥺 line: @fakeid,normal,tu_general,0.15,thai_english_mix,LINE,0,0,0,0,0,0,0,0,60,emoji,บริบททั่วไปหรือมีการนัดรับ/ตรวจสอบได้
2555,Your account has been suspended verify now bit.ly/example_fake ‼️🚨,scam,phishing,0.97,thai_english_mix,SMS,1,0,0,1,0,1,0,0,66,emoji,พบคำเกี่ยวกับ OTP/ยืนยันตัวตน; มีลิงก์หรือการชวนคลิกลิงก์; มีคำเร่งเร้า
2556,Your account has been suspended verify now [URL] 📌🥺,scam,phishing,0.97,casual,X/Twitter,1,0,0,1,0,1,0,0,51,emoji,พบคำเกี่ยวกับ OTP/ยืนยันตัวตน; มีลิงก์หรือการชวนคลิกลิงก์; มีคำเร่งเร้า
2557,นัดรับหน้า คณะวิทย์ ได้ครับ สะดวกช่วงเย็น 💬,normal,tu_marketplace,0.25,casual,LINE,0,0,0,0,0,0,0,0,43,emoji,บริบททั่วไปหรือมีการนัดรับ/ตรวจสอบได้
2558,ส่งรหัส OTP มาให้แอดมินเพื่อยืนยันตัวตนก่อนรับเงินคืน pls,scam,otp,0.87,thai_english_mix,X/Twitter,0,0,0,1,1,0,1,0,57,thai_english_mix,พบคำเกี่ยวกับ OTP/ยืนยันตัวตน; มีบริบทเกี่ยวกับเงิน/โอน/บัญชี
2559,ขอแนวข้อสอบ CS254 หน่อยครับบบ,normal,tu_general,0.24,slang,TU Marketplace,0,0,0,0,0,0,0,0,29,repeat_chars,บริบททั่วไปหรือมีการนัดรับ/ตรวจสอบได้
2560,ของอยู่ต่างจังหวัด โอนก่อนส่งเท่านั้น ราคาพิเศษถึงวันนี้ ‼️👍 ส่งในกลุ่มได้เลย,scam,marketplace_scam,0.91,casual,Discord,0,0,0,0,1,0,0,0,77,emoji,มีบริบทเกี่ยวกับเงิน/โอน/บัญชี
2561,รับหิ้วของจากญี่ปุ่น สนใจทักได้ นัดรับได้ในมอ 🔥✅,normal,tu_general,0.04,thai_english_mix,TU Marketplace,0,0,0,0,0,0,0,0,48,emoji,บริบททั่วไปหรือมีการนัดรับ/ตรวจสอบได้
2562,ขาย iPad ใช้เรียน นัดรับในมอได้ เช็คของก่อนจ่าย 📌🔥,normal,tu_marketplace,0.3,slang,Email,0,0,0,0,0,0,0,0,50,emoji,บริบททั่วไปหรือมีการนัดรับ/ตรวจสอบได้
2563,คุณได้รับสิทธิ์ทุนพิเศษ โอนค่าดำเนินการ 100 บาทก่อนรับทุน verify pls,scam,fake_scholarship,0.93,casual,Discord,0,0,0,1,1,0,1,0,68,thai_english_mix,พบคำเกี่ยวกับ OTP/ยืนยันตัวตน; มีบริบทเกี่ยวกับเงิน/โอน/บัญชี
2564,รุ่นพี่ฝากบอกให้โอนค่าชีทด่วน ไม่งั้นหมดสิทธิ์ ✅,scam,tu_scam,0.95,emoji,Discord,0,0,0,0,1,1,0,0,48,emoji,มีคำเร่งเร้า; มีบริบทเกี่ยวกับเงิน/โอน/บัญชี
2565,มีคนจองหลายคน ถ้าเอาโอนมัดจำมาก่อนได้เลย ‼️📌,suspicious,marketplace_risk,0.45,short_message,IG DM,0,0,0,0,1,0,0,0,44,emoji,มีบริบทเกี่ยวกับเงิน/โอน/บัญชี; มีสัญญาณเสี่ยงแต่หลักฐานยังไม่ชัด
2566,กดลิงก์รับเงินคืนค่าธรรมเนียมการศึกษา example.invalid/verify verify pls,scam,refund_scam,0.86,casual,Web Form,1,0,0,1,1,0,1,0,71,thai_english_mix,พบคำเกี่ยวกับ OTP/ยืนยันตัวตน; มีลิงก์หรือการชวนคลิกลิงก์; มีบริบทเกี่ยวกับเงิน/โอน/บัญชี
2567,แอดมินคณะขอค่าจองงสิทธิ์สอบ โอนมาที่ พร้อมเพย์ 08x-xxx-xxxx ภายในวันนี้,scam,tu_scam,0.86,casual,X/Twitter,0,1,1,0,1,1,0,0,71,repeat_chars,มีคำเร่งเร้า; มีบริบทเกี่ยวกับเงิน/โอน/บัญชี
2568,หาคนช่วยงานอีเวนต์ในมอ มีรายละเอียดงานและสถานที่ชัดเจน 📌🚨 ทัก DM,normal,tu_job_real,0.1,short_message,Email,0,0,0,0,0,0,0,1,64,emoji,มีบริบทสมัครงาน/รายได้; บริบททั่วไปหรือมีการนัดรับ/ตรวจสอบได้
2569,บัญชีคุณถูกระงับ กรุณายืนยันตัวตนทันทีที่ [URL] ทัก DM,scam,phishing,0.91,emoji,SMS,1,0,1,1,0,1,0,0,54,none,พบคำเกี่ยวกับ OTP/ยืนยันตัวตน; มีลิงก์หรือการชวนคลิกลิงก์; มีคำเร่งเร้า
2570,Your account has been suspended verify now [URL] ✅‼️,scam,phishing,0.82,casual,SMS,1,0,0,1,0,1,0,0,52,emoji,พบคำเกี่ยวกับ OTP/ยืนยันตัวตน; มีลิงก์หรือการชวนคลิกลิงก์; มีคำเร่งเร้า
2571,ขายหนังสือ SC135 มือสอง นัดรับ โรงอาหารกลาง ได้ ✅,normal,tu_marketplace,0.27,emoji,Facebook Group,0,0,0,0,0,0,0,0,49,emoji,บริบททั่วไปหรือมีการนัดรับ/ตรวจสอบได้
2572,ของถูกมาก แต่ต้องจองภายในวันนี้ 📌✨,suspicious,marketplace_risk,0.67,short_message,Discord,0,0,0,0,0,1,0,0,34,emoji,มีคำเร่งเร้า; มีสัญญาณเสี่ยงแต่หลักฐานยังไม่ชัด
2573,ประกาศจากคณะให้กรอกแบบประเมินรายวิชาในระบบทางการ 💬⚠️,normal,admin_real,0.07,short_message,Discord,0,0,0,0,0,0,0,0,52,emoji,บริบททั่วไปหรือมีการนัดรับ/ตรวจสอบได้
2574,ส่งรหัส OTP มาให้แอดมินเพื่อยืนยันตัวตนก่อนรับเงินคืน now line: @fakeid,scam,otp,0.85,formal,Web Form,0,0,0,1,1,1,1,0,71,thai_english_mix,พบคำเกี่ยวกับ OTP/ยืนยันตัวตน; มีคำเร่งเร้า; มีบริบทเกี่ยวกับเงิน/โอน/บัญชี
2575,หอพักแถวเชียงรากเดือนละไม่เกิน 4500 มีแนะนำไหม ✨‼️ inbox ได้,normal,tu_general,0.14,casual,X/Twitter,0,0,0,0,0,0,0,0,60,emoji,บริบททั่วไปหรือมีการนัดรับ/ตรวจสอบได้
2576,รับซื้อเครื่องคิดเลขมือสอง ขอราคาไม่แรง ⚠️💬,normal,tu_marketplace,0.02,casual,Web Form,0,0,0,0,0,0,0,0,43,emoji,บริบททั่วไปหรือมีการนัดรับ/ตรวจสอบได้
2577,สมัครงานง่ายๆ ได้เงินเร็ว แต่ต้องจ่ายค่าสมัครก่อน ⚠️📌,suspicious,job_risk,0.46,formal,Web Form,0,0,0,0,1,0,0,1,53,emoji,มีบริบทเกี่ยวกับเงิน/โอน/บัญชี; มีบริบทสมัครงาน/รายได้; มีสัญญาณเสี่ยงแต่หลักฐานยังไม่ชัด
2578,มีคนจองหลายคน ถ้าเอาโอนมัดจำมาก่อนได้เลย ✅,suspicious,marketplace_risk,0.64,slang,TU Marketplace,0,0,0,0,1,0,0,0,42,emoji,มีบริบทเกี่ยวกับเงิน/โอน/บัญชี; มีสัญญาณเสี่ยงแต่หลักฐานยังไม่ชัด
2579,ราคาถูกกว่าปกติมาก แต่ไม่ให้วิดีโอคอลดูของ 💬📌,suspicious,marketplace_risk,0.62,emoji,Web Form,0,0,0,0,0,0,0,0,45,emoji,มีสัญญาณเสี่ยงแต่หลักฐานยังไม่ชัด
2580,งานออนไลน์ได้เงินวันละ 5000 ไม่ต้องสัมภาษณ์ สมัครด่วน ⚠️😅,scam,job_scam,0.82,thai_english_mix,LINE,0,0,0,0,1,1,0,1,57,emoji,มีคำเร่งเร้า; มีบริบทเกี่ยวกับเงิน/โอน/บัญชี; มีบริบทสมัครงาน/รายได้
2581,ทักไลน์อย่างเดียวครับ ไม่ค่อยตอบในกลุ่ม 😅🚨,suspicious,marketplace_risk,0.51,short_message,Web Form,0,0,0,0,0,0,0,0,42,emoji,มีสัญญาณเสี่ยงแต่หลักฐานยังไม่ชัด
2582,หาคนช่วยงานอีเวนต์ในมอ มีรายละเอียดงานและสถานที่ชัดเจน 👍 ส่งในกลุ่มได้เลย,normal,tu_job_real,0.03,slang,TU Marketplace,0,0,0,0,0,0,0,1,73,emoji,มีบริบทสมัครงาน/รายได้; บริบททั่วไปหรือมีการนัดรับ/ตรวจสอบได้
2583,นัดรับหน้า คณะวิทย์ ได้ครับ สะดวกช่วงเย็น ok?,normal,tu_marketplace,0.08,emoji,TU Marketplace,0,0,0,0,0,0,0,0,45,thai_english_mix,บริบททั่วไปหรือมีการนัดรับ/ตรวจสอบได้
2584,นัดรับหน้า  หน้าโดม  ได้ครับ  สะดวกช่วงเย็น,normal,tu_marketplace,0.04,short_message,X/Twitter,0,0,0,0,0,0,0,0,43,spacing_noise,บริบททั่วไปหรือมีการนัดรับ/ตรวจสอบได้
2585,ขายหนังสือ CS332 มือสอง นัดรับ ประตูเชียงราก ได้,normal,tu_marketplace,0.08,thai_english_mix,Discord,0,0,0,0,0,0,0,0,48,typo,บริบททั่วไปหรือมีการนัดรับ/ตรวจสอบได้
2586,โอนมัดจำค่าหอ 1000 บาทได้ไหมครับ 💸,normal,tu_marketplace,0.07,slang,TU Marketplace,0,0,0,0,1,0,0,0,34,emoji,มีบริบทเกี่ยวกับเงิน/โอน/บัญชี; บริบททั่วไปหรือมีการนัดรับ/ตรวจสอบได้
2587,ไม่สะดวกนัดรับ ขอส่งอย่างเดียว โอนนก่อนส่งนะ,suspicious,marketplace_risk,0.69,slang,TU Marketplace,0,0,0,0,1,0,0,0,44,typo,มีบริบทเกี่ยวกับเงิน/โอน/บัญชี; มีสัญญาณเสี่ยงแต่หลักฐานยังไม่ชัด
2588,ส่งเลขบัญชีมา เดี๋ยวโอนค่าหนังสือให้ครับ 📌🔥,normal,tu_marketplace,0.11,formal,X/Twitter,0,0,1,0,1,0,0,0,43,emoji,มีบริบทเกี่ยวกับเงิน/โอน/บัญชี; บริบททั่วไปหรือมีการนัดรับ/ตรวจสอบได้
2589,บัญชีคุณถูกระงับ กรุณายืนยันตัวตนทันทีที่ tu-form.example.invalid 🔥⚠️,scam,phishing,0.97,casual,X/Twitter,1,0,1,1,0,1,0,0,69,emoji,พบคำเกี่ยวกับ OTP/ยืนยันตัวตน; มีลิงก์หรือการชวนคลิกลิงก์; มีคำเร่งเร้า
2590,กดลิ้งรับเงินคืนค่าธรรมเนียมการศึกษา example.invalid/verify inbox ได้,scam,refund_scam,0.94,short_message,SMS,1,0,0,1,1,0,1,0,69,typo,พบคำเกี่ยวกับ OTP/ยืนยันตัวตน; มีลิงก์หรือการชวนคลิกลิงก์; มีบริบทเกี่ยวกับเงิน/โอน/บัญชี
2591,หาคนช่วยงานอีเวนต์ในมอ มีรายละเอียดงานและสถานที่ชัดเจน 📌🙏,normal,tu_job_real,0.22,casual,Discord,0,0,0,0,0,0,0,1,57,emoji,มีบริบทสมัครงาน/รายได้; บริบททั่วไปหรือมีการนัดรับ/ตรวจสอบได้
2592,งานออนไลน์รายได้สูงมาก ไม่ต้องสัมภาษณ์ แค่ทักแชท 👍💬,suspicious,job_risk,0.48,thai_english_mix,TU Marketplace,0,0,0,0,1,0,0,1,51,emoji,มีบริบทเกี่ยวกับเงิน/โอน/บัญชี; มีบริบทสมัครงาน/รายได้; มีสัญญาณเสี่ยงแต่หลักฐานยังไม่ชัด
2593,มีใครขายชีท CS251 บ้างครับ 🙏📌,normal,tu_general,0.21,slang,Web Form,0,0,0,0,0,0,0,0,29,emoji,บริบททั่วไปหรือมีการนัดรับ/ตรวจสอบได้
2594,รุ่นพี่ฝากบอกให้โอนค่าชีทด่วน  ไม่งั้นหมดสิทธิ์ ทัก DM,scam,tu_scam,0.97,casual,Discord,0,0,0,0,1,1,0,0,54,spacing_noise,มีคำเร่งเร้า; มีบริบทเกี่ยวกับเงิน/โอน/บัญชี
2595,ขายหนังสือ EL171 มือสอง นัดรับ บร.2 ได้,normal,tu_marketplace,0.03,emoji,Discord,0,0,0,0,0,0,0,0,39,typo,บริบททั่วไปหรือมีการนัดรับ/ตรวจสอบได้
2596,ใครเจอบัตรนักศึกษาที่ หน้าโดม ทักมาหน่อยครับ DM me,normal,tu_general,0.05,short_message,SMS,0,0,0,0,0,0,0,0,50,thai_english_mix,บริบททั่วไปหรือมีการนัดรับ/ตรวจสอบได้
2597,รับทุนการศึกษาเร่งด่วน กรอกข้อมูลและเลขบัญชีที่ [URL] DM me,scam,fake_scholarship,0.9,slang,Facebook Group,1,0,1,0,1,1,1,0,59,thai_english_mix,มีลิงก์หรือการชวนคลิกลิงก์; มีคำเร่งเร้า; มีบริบทเกี่ยวกับเงิน/โอน/บัญชี
2598,งานออนไลน์ได้เงินวันละ  5000  ไม่ต้องสัมภาษณ์  สมัครด่วน,scam,job_scam,0.88,thai_english_mix,X/Twitter,0,0,0,0,1,1,0,1,56,spacing_noise,มีคำเร่งเร้า; มีบริบทเกี่ยวกับเงิน/โอน/บัญชี; มีบริบทสมัครงาน/รายได้
2599,บชคุณถูกระงับ กรุณายืนยันตัวตนทันทีที่ example.invalid/verify ทัก DM,scam,phishing,0.82,thai_english_mix,SMS,1,0,0,1,0,1,0,0,68,typo,พบคำเกี่ยวกับ OTP/ยืนยันตัวตน; มีลิงก์หรือการชวนคลิกลิงก์; มีคำเร่งเร้า
2600,Your account has been suspended verify now [URL] 🔥⚠️,scam,phishing,0.91,thai_english_mix,Email,1,0,0,1,0,1,0,0,52,emoji,พบคำเกี่ยวกับ OTP/ยืนยันตัวตน; มีลิงก์หรือการชวนคลิกลิงก์; มีคำเร่งเร้า
2601,คุณได้รับสิทธิ์ทุนพิเศษ โอนค่าดำเนินการ 200 บาทก่อนรับทุน 🚨💬,scam,fake_scholarship,0.95,casual,Discord,0,0,0,0,1,0,1,0,60,emoji,มีบริบทเกี่ยวกับเงิน/โอน/บัญชี
2602,นัดรับหน้า หน้าโดม ได้ครับ สะดวกช่วงเย็น ok?,normal,tu_marketplace,0.02,formal,IG DM,0,0,0,0,0,0,0,0,44,thai_english_mix,บริบททั่วไปหรือมีการนัดรับ/ตรวจสอบได้
2603,พัสดุติดปัญหา ชำระค่าธรรมเนียมที่ [URL] เพื่อรับของ 📌🚨,scam,delivery_scam,0.94,formal,Facebook Group,1,0,0,0,0,0,0,0,54,emoji,มีลิงก์หรือการชวนคลิกลิงก์
2604,งานออนไลน์รายได้สูงมาก ไม่ต้องสัมภาษณ์ แค่ทักแชท 💸,suspicious,job_risk,0.64,short_message,Discord,0,0,0,0,1,0,0,1,50,emoji,มีบริบทเกี่ยวกับเงิน/โอน/บัญชี; มีบริบทสมัครงาน/รายได้; มีสัญญาณเสี่ยงแต่หลักฐานยังไม่ชัด
2605,ราคาถูกกว่าปกติมาก แต่ไม่ให้วิดีโอคอลดูของ 🥺💸,suspicious,marketplace_risk,0.6,formal,Web Form,0,0,0,0,0,0,0,0,45,emoji,มีสัญญาณเสี่ยงแต่หลักฐานยังไม่ชัด
2606,ขอโอนเต็มก่อน เดี๋ยวส่งเลขพัสดุให้ DM me inbox ได้,suspicious,marketplace_risk,0.49,casual,IG DM,0,0,0,0,1,0,0,0,50,thai_english_mix,มีบริบทเกี่ยวกับเงิน/โอน/บัญชี; มีสัญญาณเสี่ยงแต่หลักฐานยังไม่ชัด
2607,คุณได้รับสิทธิ์ทุนพิเศษ โอนค่าดำเนินการ 1000 บาทก่อนรับทุน pls,scam,fake_scholarship,0.83,short_message,TU Marketplace,0,0,0,0,1,0,1,0,62,thai_english_mix,มีบริบทเกี่ยวกับเงิน/โอน/บัญชี
2608,มีใครขายชีท MA211 บ้างคับ,normal,tu_general,0.12,emoji,Web Form,0,0,0,0,0,0,0,0,25,typo,บริบททั่วไปหรือมีการนัดรับ/ตรวจสอบได้
2609,งานออนไลน์รายได้สูงมาก ไม่ต้องสัมภาษณ์ แค่ทักแชท ASAP line: @fakeid,suspicious,job_risk,0.45,short_message,Email,0,0,0,0,1,0,0,1,67,thai_english_mix,มีบริบทเกี่ยวกับเงิน/โอน/บัญชี; มีบริบทสมัครงาน/รายได้; มีสัญญาณเสี่ยงแต่หลักฐานยังไม่ชัด
2610,กรุณายืนยัน OTP เพื่อปลดล็อกบชทันที inbox ได้,scam,otp,0.9,thai_english_mix,Facebook Group,0,0,0,1,0,1,0,0,45,typo,พบคำเกี่ยวกับ OTP/ยืนยันตัวตน; มีคำเร่งเร้า
2611,มีลิงก์ Google Meet สำหรับประชุมไหมครับ 🔥,normal,meeting,0.3,slang,Web Form,1,0,0,0,0,0,0,0,41,emoji,มีลิงก์หรือการชวนคลิกลิงก์; บริบททั่วไปหรือมีการนัดรับ/ตรวจสอบได้
2612,ขายหนังสือ TU100 มือสอง นัดรับ SC3 ได้ 💸📌 inbox ได้,normal,tu_marketplace,0.12,slang,Web Form,0,0,0,0,0,0,0,0,51,emoji,บริบททั่วไปหรือมีการนัดรับ/ตรวจสอบได้
2613,รหัสยืนยันถูกส่งไปแล้ว กรุณาแจ้งรหัสภายใน 5 นาที ✨🥺,scam,otp,0.91,formal,Email,0,0,0,1,0,1,0,0,51,emoji,พบคำเกี่ยวกับ OTP/ยืนยันตัวตน; มีคำเร่งเร้า
2614,งานออนไลน์ได้เงินวันละ 5000 ไม่ต้องสัมภาษณ์ สมัครด่วน ✨,scam,job_scam,0.96,casual,IG DM,0,0,0,0,1,1,0,1,55,emoji,มีคำเร่งเร้า; มีบริบทเกี่ยวกับเงิน/โอน/บัญชี; มีบริบทสมัครงาน/รายได้
2615,มีคนขอรหัสยืนยัน บอกว่าเป็นแอดมินกลุ่ม 💸,suspicious,otp_risk,0.55,slang,Facebook Group,0,0,0,1,0,0,0,0,40,emoji,พบคำเกี่ยวกับ OTP/ยืนยันตัวตน; มีสัญญาณเสี่ยงแต่หลักฐานยังไม่ชัด
2616,ขายหนังสือ TU100 มือสอง นัดรับ BRT ได้ 😅,normal,tu_marketplace,0.23,emoji,Facebook Group,0,0,0,0,0,0,0,0,40,emoji,บริบททั่วไปหรือมีการนัดรับ/ตรวจสอบได้
2617,กรุณายืนยัน OTP เพื่อปลดล็อกบัญชีทันที 🔥💸,scam,otp,0.87,short_message,Web Form,0,0,1,1,0,1,0,0,41,emoji,พบคำเกี่ยวกับ OTP/ยืนยันตัวตน; มีคำเร่งเร้า
2618,ระบบแจ้งให้ยืนยันข้อมูลบางอย่างภายในวันนี้ ✅ line: @fakeid,suspicious,phishing_risk,0.51,emoji,LINE,0,0,0,0,0,1,0,0,58,emoji,มีคำเร่งเร้า; มีสัญญาณเสี่ยงแต่หลักฐานยังไม่ชัด
2619,มีลิงก์ให้กรอกข้อมูลเพื่อรับสิทธิ์ ลองเช็คก่อนนะ 💸📌,suspicious,phishing_risk,0.52,short_message,SMS,1,0,0,0,0,0,0,0,51,emoji,มีลิงก์หรือการชวนคลิกลิงก์; มีสัญญาณเสี่ยงแต่หลักฐานยังไม่ชัด
2620,รีบโอนก่อนนะ เหลือคนเดียวแล้ว 💬🙏,suspicious,marketplace_risk,0.65,formal,X/Twitter,0,0,0,0,1,1,0,0,32,emoji,มีคำเร่งเร้า; มีบริบทเกี่ยวกับเงิน/โอน/บัญชี; มีสัญญาณเสี่ยงแต่หลักฐานยังไม่ชัด
2621,กรุณายืนยัน OTP เพื่อปลดล็อกบัญชีทันที DM me ส่งในกลุ่มได้เลย,scam,otp,0.94,formal,LINE,0,0,1,1,0,1,0,0,61,thai_english_mix,พบคำเกี่ยวกับ OTP/ยืนยันตัวตน; มีคำเร่งเร้า
2622,มีลิงก์ให้กรอกข้อมูลเพื่อรับสิทธิ์ ลองเช็คก่อนนะ ✅🔥,suspicious,phishing_risk,0.71,slang,Email,1,0,0,0,0,0,0,0,51,emoji,มีลิงก์หรือการชวนคลิกลิงก์; มีสัญญาณเสี่ยงแต่หลักฐานยังไม่ชัด
2623,งานออนไลน์รายได้สูงมาก ไม่ต้องสัมภาษณ์ แค่ทักแชท ⚠️,suspicious,job_risk,0.56,thai_english_mix,SMS,0,0,0,0,1,0,0,1,51,emoji,มีบริบทเกี่ยวกับเงิน/โอน/บัญชี; มีบริบทสมัครงาน/รายได้; มีสัญญาณเสี่ยงแต่หลักฐานยังไม่ชัด
2624,ระบบแจ้งให้ยืนยันข้อมูลบางอย่างภายในวันนี้ 🔥✨,suspicious,phishing_risk,0.49,casual,Facebook Group,0,0,0,0,0,1,0,0,45,emoji,มีคำเร่งเร้า; มีสัญญาณเสี่ยงแต่หลักฐานยังไม่ชัด
2625,เจ้าหน้าที่มหาลัยขอ username password เพื่อตรวจสอบสถานะ DM me,scam,impersonation,0.83,casual,Facebook Group,0,0,0,0,0,0,0,0,61,thai_english_mix,
2626,อาจารย์ส่ง link zoom ใน classroom แล้วนะ 🚨🥺,normal,meeting,0.11,casual,Discord,1,0,0,0,0,0,0,0,43,emoji,มีลิงก์หรือการชวนคลิกลิงก์; บริบททั่วไปหรือมีการนัดรับ/ตรวจสอบได้
2627,งานออนไลน์รายได้สูงมาก ไม่ต้องสัมภาษณ์ แค่ทักแชท 👍🔥,suspicious,job_risk,0.71,casual,Web Form,0,0,0,0,1,0,0,1,51,emoji,มีบริบทเกี่ยวกับเงิน/โอน/บัญชี; มีบริบทสมัครงาน/รายได้; มีสัญญาณเสี่ยงแต่หลักฐานยังไม่ชัด
2628,บัญชีนี้ของแฟนเราเอง ปลอดภัยแน่นอน โอนมาเลย ⚠️😅,scam,marketplace_scam,0.89,emoji,TU Marketplace,0,0,1,0,1,0,0,0,47,emoji,มีบริบทเกี่ยวกับเงิน/โอน/บัญชี
2629,คุณได้รับสิทธิ์ทุนพิเศษ  โอนค่าดำเนินการ  1500  บาทก่อนรับทุน,scam,fake_scholarship,0.88,casual,LINE,0,0,0,0,1,0,1,0,61,spacing_noise,มีบริบทเกี่ยวกับเงิน/โอน/บัญชี
2630,ร้านกาแฟแถวรังสิตรับพาร์ทไทม์ ชั่วโมงละ 80 บาท มีสัมภาษณ์หน้าร้าน ⚠️,normal,tu_job_real,0.3,slang,Discord,0,0,0,0,1,0,0,1,68,emoji,มีบริบทเกี่ยวกับเงิน/โอน/บัญชี; มีบริบทสมัครงาน/รายได้; บริบททั่วไปหรือมีการนัดรับ/ตรวจสอบได้
2631,สมัครงาน part-time online จ่ายค่าสมัครก่อน 1000 แล้วเริ่มงานได้เลย line: @fakeid,scam,job_scam,0.83,short_message,TU Marketplace,0,0,0,0,0,0,0,1,80,none,มีบริบทสมัครงาน/รายได้
2632,คลิกลิงก์นี้เพื่อยืนยันบัญชีนักศึกษา [URL] inbox ได้,scam,phishing,0.87,thai_english_mix,Facebook Group,1,0,1,0,0,0,0,0,52,repeat_chars,มีลิงก์หรือการชวนคลิกลิงก์
2633,ส่งรหัส OTP มาให้แอดมินเพื่อยืนยันตัวตนก่อนรับเงินคืน 💬🥺,scam,otp,0.87,casual,IG DM,0,0,0,1,1,0,1,0,56,emoji,พบคำเกี่ยวกับ OTP/ยืนยันตัวตน; มีบริบทเกี่ยวกับเงิน/โอน/บัญชี
2634, อาจารย์ส่ง  link  zoom  ใน  classroom  แล้วนะ  inbox ได้,normal,meeting,0.19,emoji,Web Form,1,0,0,0,0,0,0,0,57,spacing_noise,มีลิงก์หรือการชวนคลิกลิงก์; บริบททั่วไปหรือมีการนัดรับ/ตรวจสอบได้
2635,แอดมินคณะขอค่าจองสิทธิ์สอบ โอนมาที่ พร้อมเพย์ 08x-xxx-xxxx ภายในวันนี้ 🔥,scam,tu_scam,0.95,emoji,Discord,0,1,1,0,1,1,0,0,72,emoji,มีคำเร่งเร้า; มีบริบทเกี่ยวกับเงิน/โอน/บัญชี
2636,ราคาถูกกว่าปกติมาก แต่ไม่ให้วิดีโอคอลดูของ 😅🙏,suspicious,marketplace_risk,0.46,formal,SMS,0,0,0,0,0,0,0,0,45,emoji,มีสัญญาณเสี่ยงแต่หลักฐานยังไม่ชัด
2637,ราคาถูกกว่าปกติมาก แต่ไม่ให้วิดีโอคอลดูของ 💬‼️,suspicious,marketplace_risk,0.71,emoji,X/Twitter,0,0,0,0,0,0,0,0,46,emoji,มีสัญญาณเสี่ยงแต่หลักฐานยังไม่ชัด
2638,นัดรับหน้า หน้าโดม ได้ครับบบ สะดวกช่วงเย็น,normal,tu_marketplace,0.07,slang,TU Marketplace,0,0,0,0,0,0,0,0,42,repeat_chars,บริบททั่วไปหรือมีการนัดรับ/ตรวจสอบได้
2639,วันนี้ห้องเรียน SC3 เปิดไหมครับ ✅📌,normal,tu_general,0.24,formal,Facebook Group,0,0,0,0,0,0,0,0,34,emoji,บริบททั่วไปหรือมีการนัดรับ/ตรวจสอบได้
2640,อ้างว่าเป็นรุ่นพี่คณะ ขอให้โอนเงินช่วยจองงสิทธิ์ inbox ได้,suspicious,tu_scam_risk,0.72,short_message,Discord,0,0,0,0,1,0,0,0,58,repeat_chars,มีบริบทเกี่ยวกับเงิน/โอน/บัญชี; มีสัญญาณเสี่ยงแต่หลักฐานยังไม่ชัด
2641,นัดรับหน้า บร.2 ได้ครับ สะดวกช่วงเย็น now line: @fakeid,normal,tu_marketplace,0.14,casual,Discord,0,0,0,0,0,1,0,0,55,thai_english_mix,มีคำเร่งเร้า; บริบททั่วไปหรือมีการนัดรับ/ตรวจสอบได้
2642,หอพักแถวเชียงรากเดือนละไม่เกิน 4000 มีแนะนำไหม ok?,normal,tu_general,0.02,short_message,Web Form,0,0,0,0,0,0,0,0,50,thai_english_mix,บริบททั่วไปหรือมีการนัดรับ/ตรวจสอบได้
2643,สมัครงานง่ายๆ ได้เงินเร็ว แต่ต้องจ่ายค่าสมัครก่อน 📌⚠️,suspicious,job_risk,0.59,emoji,SMS,0,0,0,0,1,0,0,1,53,emoji,มีบริบทเกี่ยวกับเงิน/โอน/บัญชี; มีบริบทสมัครงาน/รายได้; มีสัญญาณเสี่ยงแต่หลักฐานยังไม่ชัด
2644,ของถูกมาก แต่ต้องจองภายในวันนี้ 🚨👍,suspicious,marketplace_risk,0.47,emoji,Web Form,0,0,0,0,0,1,0,0,34,emoji,มีคำเร่งเร้า; มีสัญญาณเสี่ยงแต่หลักฐานยังไม่ชัด
2645,มีใครขายชีท CS332 บ้างครับ verify pls,normal,tu_general,0.18,slang,Discord,0,0,0,1,0,0,0,0,37,thai_english_mix,พบคำเกี่ยวกับ OTP/ยืนยันตัวตน; บริบททั่วไปหรือมีการนัดรับ/ตรวจสอบได้
2646,ไม่สะดวกนัดรับ ขอส่งอย่างเดียว โอนก่อนส่งนะ pls ส่งในกลุ่มได้เลย,suspicious,marketplace_risk,0.63,thai_english_mix,Web Form,0,0,0,0,1,0,0,0,64,thai_english_mix,มีบริบทเกี่ยวกับเงิน/โอน/บัญชี; มีสัญญาณเสี่ยงแต่หลักฐานยังไม่ชัด
2647,job online รายได้สูง ไม่ต้องมีประสบการณ์ โอนค่าประกันก่อนเริ่มงาน 💸🙏,scam,job_scam,0.93,emoji,IG DM,0,0,0,0,1,0,0,1,68,emoji,มีบริบทเกี่ยวกับเงิน/โอน/บัญชี; มีบริบทสมัครงาน/รายได้
2648,มีคนขอรหัสยืนยัน บอกว่าเป็นแอดมินกลุ่ม 🥺,suspicious,otp_risk,0.63,thai_english_mix,Web Form,0,0,0,1,0,0,0,0,40,emoji,พบคำเกี่ยวกับ OTP/ยืนยันตัวตน; มีสัญญาณเสี่ยงแต่หลักฐานยังไม่ชัด
2649,ระบบแจ้งให้ยืนยันข้อมูลบางอย่างภายในวันนี้ ✨📌,suspicious,phishing_risk,0.67,slang,TU Marketplace,0,0,0,0,0,1,0,0,45,emoji,มีคำเร่งเร้า; มีสัญญาณเสี่ยงแต่หลักฐานยังไม่ชัด
2650,โปรไฟล์ใหม่มาก  แต่บอกว่าเป็นเจ้าหน้าที่มหาลัย line: @fakeid,suspicious,impersonation_risk,0.62,slang,Web Form,0,0,0,0,0,0,0,0,60,spacing_noise,มีสัญญาณเสี่ยงแต่หลักฐานยังไม่ชัด
2651,รับหิ้วของจากญี่ปุ่น สนใจทักได้ นัดรับได้ในมอ line: @fakeid,normal,tu_general,0.05,slang,X/Twitter,0,0,0,0,0,0,0,0,59,repeat_chars,บริบททั่วไปหรือมีการนัดรับ/ตรวจสอบได้
2652,วันนี้ห้องเรียน คณะวิทย์ เปิดไหมครับ 💬🚨,normal,tu_general,0.17,formal,LINE,0,0,0,0,0,0,0,0,39,emoji,บริบททั่วไปหรือมีการนัดรับ/ตรวจสอบได้
2653,แอดมินคณะขอค่าจองสิทธิ์สอบ  โอนมาที่  พร้อมเพย์  08x-xxx-xxxx  ภายในวันนี้ inbox ได้,scam,tu_scam,0.8,slang,Facebook Group,0,1,1,0,1,1,0,0,84,spacing_noise,มีคำเร่งเร้า; มีบริบทเกี่ยวกับเงิน/โอน/บัญชี
2654,บอกว่ามีทุนพิเศษแต่ต้องรีบกรอกข้อมูล ✅🚨,suspicious,tu_scam_risk,0.66,formal,TU Marketplace,0,0,0,0,1,1,1,0,39,emoji,มีคำเร่งเร้า; มีบริบทเกี่ยวกับเงิน/โอน/บัญชี; มีสัญญาณเสี่ยงแต่หลักฐานยังไม่ชัด
2655, มีใครขายชีท  EL171  บ้างครับ  inbox ได้,normal,tu_general,0.18,short_message,Web Form,0,0,0,0,0,0,0,0,40,spacing_noise,บริบททั่วไปหรือมีการนัดรับ/ตรวจสอบได้
2656,บอกว่ามีทุนพิเศษแต่ต้องรีบกรอกข้อมูล 😅,suspicious,tu_scam_risk,0.48,short_message,Discord,0,0,0,0,1,1,1,0,38,emoji,มีคำเร่งเร้า; มีบริบทเกี่ยวกับเงิน/โอน/บัญชี; มีสัญญาณเสี่ยงแต่หลักฐานยังไม่ชัด
2657,พัสดุติดปัญหา ชำระค่าธรรมเนียมที่ forms.example.invalid/fake เพื่อรับของ line: @fakeid,scam,delivery_scam,0.95,short_message,TU Marketplace,1,0,0,0,0,0,0,0,86,none,มีลิงก์หรือการชวนคลิกลิงก์
2658,โอนเต็มก่อนเท่านั้น ไม่รับนัด ไม่รับวิดีโอคอล ‼️⚠️,scam,marketplace_scam,0.92,thai_english_mix,LINE,0,0,0,0,1,0,0,0,50,emoji,มีบริบทเกี่ยวกับเงิน/โอน/บัญชี
2659,กรุณายืนยัน OTP เพื่อปลดล็อกบัญชีทันที ok? ส่งในกลุ่มได้เลย,scam,otp,0.94,casual,Facebook Group,0,0,1,1,0,1,0,0,59,thai_english_mix,พบคำเกี่ยวกับ OTP/ยืนยันตัวตน; มีคำเร่งเร้า
2660,โอนเต็มก่อนเท่านั้น ไม่รับนัด ไม่รับวิดีโอคอล ⚠️‼️,scam,marketplace_scam,0.96,formal,Email,0,0,0,0,1,0,0,0,50,emoji,มีบริบทเกี่ยวกับเงิน/โอน/บัญชี
2661,ไม่สะดวกนัดรับ ขอส่งอย่างเดียว โอนก่อนส่งนะ 😅👍,suspicious,marketplace_risk,0.58,emoji,SMS,0,0,0,0,1,0,0,0,46,emoji,มีบริบทเกี่ยวกับเงิน/โอน/บัญชี; มีสัญญาณเสี่ยงแต่หลักฐานยังไม่ชัด
2662,job online รายได้สูง ไม่ต้องมีประสบการณ์ โอนค่าประกันก่อนเริ่มงาน ⚠️✨,scam,job_scam,0.9,emoji,Web Form,0,0,0,0,1,0,0,1,69,emoji,มีบริบทเกี่ยวกับเงิน/โอน/บัญชี; มีบริบทสมัครงาน/รายได้
2663,ขายหนังสือ CS222 มือสอง นัดรับ โรงอาหารกลาง ได้ ok?,normal,tu_marketplace,0.1,short_message,SMS,0,0,0,0,0,0,0,0,51,thai_english_mix,บริบททั่วไปหรือมีการนัดรับ/ตรวจสอบได้
2664,บัญชีคุณถูกระงับ กรุณายืนยันตัวตนทันทีที่ [URL] 💸🙏,scam,phishing,0.87,emoji,IG DM,1,0,1,1,0,1,0,0,50,emoji,พบคำเกี่ยวกับ OTP/ยืนยันตัวตน; มีลิงก์หรือการชวนคลิกลิงก์; มีคำเร่งเร้า
2665,กดลิงก์รับเงินคืนค่าธรรมเนียมการศึกษา [URL] 💸‼️,scam,refund_scam,0.82,formal,IG DM,1,0,0,0,1,0,1,0,47,emoji,มีลิงก์หรือการชวนคลิกลิงก์; มีบริบทเกี่ยวกับเงิน/โอน/บัญชี
2666,กดลิงก์รับเงินคืนค่าธรรมเนียมการศึกษา example.invalid/verify 🔥⚠️ line: @fakeid,scam,refund_scam,0.92,slang,SMS,1,0,0,1,1,0,1,0,78,emoji,พบคำเกี่ยวกับ OTP/ยืนยันตัวตน; มีลิงก์หรือการชวนคลิกลิงก์; มีบริบทเกี่ยวกับเงิน/โอน/บัญชี
2667,วันนี้ห้องเรียน คณะวิทย์ เปิดไหมครับ ✨‼️,normal,tu_general,0.07,short_message,Email,0,0,0,0,0,0,0,0,40,emoji,บริบททั่วไปหรือมีการนัดรับ/ตรวจสอบได้
2668,ระบบ TU แจ้งเตือน ให้ update password ผ่าน tu-form.example.invalid ด่วนนน ส่งในกลุ่มได้เลย,scam,phishing,0.88,thai_english_mix,Facebook Group,1,0,0,0,0,1,0,0,90,repeat_chars,มีลิงก์หรือการชวนคลิกลิงก์; มีคำเร่งเร้า
2669,มีคนขอรหัสยืนยัน บอกว่าเป็นแอดมินกลุ่ม ‼️💬,suspicious,otp_risk,0.7,formal,Email,0,0,0,1,0,0,0,0,42,emoji,พบคำเกี่ยวกับ OTP/ยืนยันตัวตน; มีสัญญาณเสี่ยงแต่หลักฐานยังไม่ชัด
2670,ใครเจอบัตรนักศึกษาที่ บร.2 ทักมาหน่อยครับ 📌,normal,tu_general,0.04,short_message,X/Twitter,0,0,0,0,0,0,0,0,43,emoji,บริบททั่วไปหรือมีการนัดรับ/ตรวจสอบได้
2671,คลิกลิงก์นี้เพื่อยืนยันบัญชีนักศึกษา bit.ly/example_fake 🥺😅,scam,phishing,0.86,emoji,Email,1,0,1,0,0,0,0,0,59,emoji,มีลิงก์หรือการชวนคลิกลิงก์
2672,บัญชีคุณถูกระงับ กรุณายืนยันตัวตนทันทีที่ tu-form.example.invalid 🚨⚠️,scam,phishing,0.81,slang,TU Marketplace,1,0,1,1,0,1,0,0,69,emoji,พบคำเกี่ยวกับ OTP/ยืนยันตัวตน; มีลิงก์หรือการชวนคลิกลิงก์; มีคำเร่งเร้า
2673,ร้านกาแฟแถวรังสิตรับพาร์ทไทม์ ชั่วโมงละ 70 บาท มีสัมภาษณ์หน้าร้าน ⚠️👍,normal,tu_job_real,0.15,casual,Email,0,0,0,0,1,0,0,1,69,emoji,มีบริบทเกี่ยวกับเงิน/โอน/บัญชี; มีบริบทสมัครงาน/รายได้; บริบททั่วไปหรือมีการนัดรับ/ตรวจสอบได้
2674,รีบโอนก่อนนะ เหลือคนเดียวแล้ว 🔥‼️,suspicious,marketplace_risk,0.6,thai_english_mix,Web Form,0,0,0,0,1,1,0,0,33,emoji,มีคำเร่งเร้า; มีบริบทเกี่ยวกับเงิน/โอน/บัญชี; มีสัญญาณเสี่ยงแต่หลักฐานยังไม่ชัด
2675,ขายหนังสือ CS251 มือสอง นัดรับ บร.2 ได้ verify pls,normal,tu_marketplace,0.18,thai_english_mix,X/Twitter,0,0,0,1,0,0,0,0,50,thai_english_mix,พบคำเกี่ยวกับ OTP/ยืนยันตัวตน; บริบททั่วไปหรือมีการนัดรับ/ตรวจสอบได้
2676,บัญชีนี้ของแฟนเราเอง ปลอดภัยแน่นอน โอนมาเลย ‼️🙏,scam,marketplace_scam,0.91,formal,LINE,0,0,1,0,1,0,0,0,47,emoji,มีบริบทเกี่ยวกับเงิน/โอน/บัญชี
2677,ประกาศจากคณะให้กรอกแบบประเมินรายวิชาในระบบทางการ 💬✨,normal,admin_real,0.28,formal,Web Form,0,0,0,0,0,0,0,0,51,emoji,บริบททั่วไปหรือมีการนัดรับ/ตรวจสอบได้
2678,วันนี้ห้องเรียน อาคารเรียนรวม เปิดไหมครับ 🚨⚠️,normal,tu_general,0.04,emoji,X/Twitter,0,0,0,0,0,0,0,0,45,emoji,บริบททั่วไปหรือมีการนัดรับ/ตรวจสอบได้
2679,ไม่สะดวกนัดรับ ขอส่งอย่างเดียว โอนก่อนส่งนะ ok? ส่งในกลุ่มได้เลย,suspicious,marketplace_risk,0.56,casual,Discord,0,0,0,0,1,0,0,0,64,thai_english_mix,มีบริบทเกี่ยวกับเงิน/โอน/บัญชี; มีสัญญาณเสี่ยงแต่หลักฐานยังไม่ชัด
2680,รีบโอนก่อนนะ เหลือคนเดียวแล้ว 🙏,suspicious,marketplace_risk,0.6,thai_english_mix,IG DM,0,0,0,0,1,1,0,0,31,emoji,มีคำเร่งเร้า; มีบริบทเกี่ยวกับเงิน/โอน/บัญชี; มีสัญญาณเสี่ยงแต่หลักฐานยังไม่ชัด
2681,ประกาศจากคณะให้กรอกแบบประเมินรายวิชาในระบบทางการ 💬,normal,admin_real,0.16,thai_english_mix,Discord,0,0,0,0,0,0,0,0,50,emoji,บริบททั่วไปหรือมีการนัดรับ/ตรวจสอบได้
2682,บัญชีคุณถูกระงับ กรุณายืนยันตัวตนทันทีที่ tu-form.example.invalid 💸,scam,phishing,0.88,thai_english_mix,Facebook Group,1,0,1,1,0,1,0,0,67,emoji,พบคำเกี่ยวกับ OTP/ยืนยันตัวตน; มีลิงก์หรือการชวนคลิกลิงก์; มีคำเร่งเร้า
2683,มีคนจองหลายคน ถ้าเอาโอนมัดจำมาก่อนได้เลย 💸✅,suspicious,marketplace_risk,0.51,thai_english_mix,Discord,0,0,0,0,1,0,0,0,43,emoji,มีบริบทเกี่ยวกับเงิน/โอน/บัญชี; มีสัญญาณเสี่ยงแต่หลักฐานยังไม่ชัด
2684,Your  account  has  been  suspended  verify  now  tu-form.example.invalid inbox ได้,scam,phishing,0.85,formal,Facebook Group,1,0,0,1,0,1,0,0,83,spacing_noise,พบคำเกี่ยวกับ OTP/ยืนยันตัวตน; มีลิงก์หรือการชวนคลิกลิงก์; มีคำเร่งเร้า
2685,กรุณายืนยัน OTP เพื่อปลดล็อกบัญชีทันที 🥺‼️,scam,otp,0.93,thai_english_mix,SMS,0,0,1,1,0,1,0,0,42,emoji,พบคำเกี่ยวกับ OTP/ยืนยันตัวตน; มีคำเร่งเร้า
2686,"งานออนไลน์ได้เงินวันละ 10,000 ไม่ต้องสัมภาษณ์ สมัครด่วน ✨",scam,job_scam,0.87,formal,SMS,0,0,0,0,1,1,0,1,57,emoji,มีคำเร่งเร้า; มีบริบทเกี่ยวกับเงิน/โอน/บัญชี; มีบริบทสมัครงาน/รายได้
2687,ร้านกาแฟแถวรังสิตรับพาร์ทไทม์ ชั่วโมงละ 80 บาท มีสัมภาษณ์หน้าร้าน ok?,normal,tu_job_real,0.15,emoji,Web Form,0,0,0,0,1,0,0,1,69,thai_english_mix,มีบริบทเกี่ยวกับเงิน/โอน/บัญชี; มีบริบทสมัครงาน/รายได้; บริบททั่วไปหรือมีการนัดรับ/ตรวจสอบได้
2688,รุ่นพี่ฝากบอกให้โอนค่าชีทด่วน ไม่งั้นหมดสิทธิ์ ok?,scam,tu_scam,0.84,casual,Email,0,0,0,0,1,1,0,0,50,thai_english_mix,มีคำเร่งเร้า; มีบริบทเกี่ยวกับเงิน/โอน/บัญชี
2689,ขายหนังสือ SC135 มือสอง นัดรับ SC3 ได้ verify pls,normal,tu_marketplace,0.03,slang,LINE,0,0,0,1,0,0,0,0,49,thai_english_mix,พบคำเกี่ยวกับ OTP/ยืนยันตัวตน; บริบททั่วไปหรือมีการนัดรับ/ตรวจสอบได้
2690,มีลิงก์ Google Meet สำหรับประชุมไหมครับ 🥺🚨,normal,meeting,0.04,emoji,X/Twitter,1,0,0,0,0,0,0,0,42,emoji,มีลิงก์หรือการชวนคลิกลิงก์; บริบททั่วไปหรือมีการนัดรับ/ตรวจสอบได้
2691,กรุณายืนยัน OTP เพื่อปลดล็อกบัญชีทันที ok?,scam,otp,0.8,casual,SMS,0,0,1,1,0,1,0,0,42,thai_english_mix,พบคำเกี่ยวกับ OTP/ยืนยันตัวตน; มีคำเร่งเร้า
2692,ของอยู่ต่างจังหวัด โอนนก่อนส่งเท่านั้น ราคาพิเศษถึงวันนี้ inbox ได้,scam,marketplace_scam,0.98,emoji,LINE,0,0,0,0,1,0,0,0,67,typo,มีบริบทเกี่ยวกับเงิน/โอน/บัญชี
2693,กดลิงก์รับเงินคืนค่าธรรมเนียมการศึกษา example.invalid/verify inbox ได้,scam,refund_scam,0.9,emoji,TU Marketplace,1,0,0,1,1,0,1,0,70,none,พบคำเกี่ยวกับ OTP/ยืนยันตัวตน; มีลิงก์หรือการชวนคลิกลิงก์; มีบริบทเกี่ยวกับเงิน/โอน/บัญชี
2694,ระบบแจ้งให้ยืนยันข้อมูลบางอย่างภายในวันนี้ 💸🚨,suspicious,phishing_risk,0.47,formal,LINE,0,0,0,0,0,1,0,0,45,emoji,มีคำเร่งเร้า; มีสัญญาณเสี่ยงแต่หลักฐานยังไม่ชัด
2695,พัสดุติดปัญหา ชำระค่าธรรมเนียมที่ forms.example.invalid/fake เพื่อรับของ 💸📌,scam,delivery_scam,0.92,thai_english_mix,X/Twitter,1,0,0,0,0,0,0,0,75,emoji,มีลิงก์หรือการชวนคลิกลิงก์
2696,มีลิงก์ Google Meet สำหรับประชุมไหมครับ 🚨✨,normal,meeting,0.29,short_message,SMS,1,0,0,0,0,0,0,0,42,emoji,มีลิงก์หรือการชวนคลิกลิงก์; บริบททั่วไปหรือมีการนัดรับ/ตรวจสอบได้
2697,ไม่สะดวกนัดรับ  ขอส่งอย่างเดียว  โอนก่อนส่งนะ line: @fakeid,suspicious,marketplace_risk,0.55,casual,Web Form,0,0,0,0,1,0,0,0,59,spacing_noise,มีบริบทเกี่ยวกับเงิน/โอน/บัญชี; มีสัญญาณเสี่ยงแต่หลักฐานยังไม่ชัด
2698,รับซื้อเครื่องคิดเลขมือสอง ขอราคาไม่แรง 📌💬,normal,tu_marketplace,0.28,casual,TU Marketplace,0,0,0,0,0,0,0,0,42,emoji,บริบททั่วไปหรือมีการนัดรับ/ตรวจสอบได้
2699,อาจารย์ส่ง link zoom ใน classroom แล้วนะะะ ส่งในกลุ่มได้เลย,normal,meeting,0.1,formal,LINE,1,0,0,0,0,0,0,0,59,repeat_chars,มีลิงก์หรือการชวนคลิกลิงก์; บริบททั่วไปหรือมีการนัดรับ/ตรวจสอบได้
2700,คลิกลิงก์นี้เพื่อยืนยันบัญชีนักศึกษา example.invalid/verify 🥺✨,scam,phishing,0.95,casual,LINE,1,0,1,1,0,0,0,0,62,emoji,พบคำเกี่ยวกับ OTP/ยืนยันตัวตน; มีลิงก์หรือการชวนคลิกลิงก์
2701,มีใครขายชีท CS254 บ้างครับ now ส่งในกลุ่มได้เลย,normal,tu_general,0.1,casual,IG DM,0,0,0,0,0,1,0,0,47,thai_english_mix,มีคำเร่งเร้า; บริบททั่วไปหรือมีการนัดรับ/ตรวจสอบได้
2702,มีใครขายชีท  TU100  บ้างครับ,normal,tu_general,0.25,emoji,SMS,0,0,0,0,0,0,0,0,28,spacing_noise,บริบททั่วไปหรือมีการนัดรับ/ตรวจสอบได้
2703,รุ่นพี่ฝากบอกให้โอนค่าชีทด่วน ไม่งั้นหมดสิทธิ์ ASAP,scam,tu_scam,0.9,emoji,Email,0,0,0,0,1,1,0,0,51,thai_english_mix,มีคำเร่งเร้า; มีบริบทเกี่ยวกับเงิน/โอน/บัญชี
2704,ระบบแจ้งให้ยืนยันข้อมูลบางอย่างภายในวันนี้ 💸😅,suspicious,phishing_risk,0.62,short_message,Discord,0,0,0,0,0,1,0,0,45,emoji,มีคำเร่งเร้า; มีสัญญาณเสี่ยงแต่หลักฐานยังไม่ชัด
2705,พัสดุติดปัญหา ชำระค่าธรรมเนียมที่ bit.ly/example_fake เพื่อรับของ ‼️📌 ส่งในกลุ่มได้เลย,scam,delivery_scam,0.85,formal,LINE,1,0,0,0,0,0,0,0,86,emoji,มีลิงก์หรือการชวนคลิกลิงก์
2706,ใครเจอบัตรนักศึกษาที่ หน้าโดม ทักมาหน่อยครับ 👍,normal,tu_general,0.06,slang,TU Marketplace,0,0,0,0,0,0,0,0,46,emoji,บริบททั่วไปหรือมีการนัดรับ/ตรวจสอบได้
2707,โอนมัดจำค่าหอ 100 บาทได้ไหมครับ 🙏,normal,tu_marketplace,0.17,short_message,IG DM,0,0,0,0,1,0,0,0,33,emoji,มีบริบทเกี่ยวกับเงิน/โอน/บัญชี; บริบททั่วไปหรือมีการนัดรับ/ตรวจสอบได้
2708,ขอโอนเต็มก่อน เดี๋ยวส่งเลขพัสดุให้ ✨,suspicious,marketplace_risk,0.58,thai_english_mix,Discord,0,0,0,0,1,0,0,0,36,emoji,มีบริบทเกี่ยวกับเงิน/โอน/บัญชี; มีสัญญาณเสี่ยงแต่หลักฐานยังไม่ชัด
2709,ระบบ TU แจ้งเตือน ให้ update password ผ่าน tu-form.example.invalid ด่วนนน,scam,phishing,0.81,short_message,SMS,1,0,0,0,0,1,0,0,73,repeat_chars,มีลิงก์หรือการชวนคลิกลิงก์; มีคำเร่งเร้า
2710,อ้างว่าเป็นรุ่นพี่คณะ ขอให้โอนเงินช่วยจองสิทธิ์ verify pls,suspicious,tu_scam_risk,0.63,slang,X/Twitter,0,0,0,1,1,0,0,0,58,thai_english_mix,พบคำเกี่ยวกับ OTP/ยืนยันตัวตน; มีบริบทเกี่ยวกับเงิน/โอน/บัญชี; มีสัญญาณเสี่ยงแต่หลักฐานยังไม่ชัด
2711,ของอยู่ต่างจังหวัด โอนก่อนส่งเท่านั้น ราคาพิเศษถึงวันนี้ ASAP ทัก DM,scam,marketplace_scam,0.86,thai_english_mix,Discord,0,0,0,0,1,0,0,0,68,thai_english_mix,มีบริบทเกี่ยวกับเงิน/โอน/บัญชี
2712,ขอเลขบชพร้อมเพย์หน่อยคับ จะโอนนค่าชีท ส่งในกลุ่มได้เลย,normal,tu_marketplace,0.04,emoji,Web Form,0,0,1,0,1,0,0,0,54,typo,มีบริบทเกี่ยวกับเงิน/โอน/บัญชี; บริบททั่วไปหรือมีการนัดรับ/ตรวจสอบได้
2713,พัสดุติดปัญหา ชำระค่าธรรมเนียมที่ bit.ly/example_fake เพื่อรับของ 👍😅,scam,delivery_scam,0.85,formal,Web Form,1,0,0,0,0,0,0,0,68,emoji,มีลิงก์หรือการชวนคลิกลิงก์
2714,โปรไฟล์ใหม่มาก แต่บอกว่าเป็นเจ้าหน้าที่มหาลัย ‼️👍,suspicious,impersonation_risk,0.59,slang,X/Twitter,0,0,0,0,0,0,0,0,49,emoji,มีสัญญาณเสี่ยงแต่หลักฐานยังไม่ชัด
2715,เจ้าหน้าที่มหาลัยขอ username password เพื่อตรวจสอบสถานะ 👍🥺,scam,impersonation,0.83,slang,Email,0,0,0,0,0,0,0,0,58,emoji,
2716,รหัสยืนยันถูกส่งไปแล้ว กรุณาแจ้งรหัสภายใน 5 นาที 🙏🥺,scam,otp,0.98,emoji,Web Form,0,0,0,1,0,1,0,0,51,emoji,พบคำเกี่ยวกับ OTP/ยืนยันตัวตน; มีคำเร่งเร้า
2717,เจ้าหน้าที่มหาลัยขอ username password เพื่อตรวจสอบสถานะ 🥺,scam,impersonation,0.94,formal,X/Twitter,0,0,0,0,0,0,0,0,57,emoji,
2718,พัสดุติดปัญหา ชำระค่าธรรมเนียมที่ forms.example.invalid/fake เพื่อรับของ ✅,scam,delivery_scam,0.94,emoji,TU Marketplace,1,0,0,0,0,0,0,0,74,emoji,มีลิงก์หรือการชวนคลิกลิงก์
2719, ใครเจอบัตรนักศึกษาที่  บร.2  ทักมาหน่อยครับ ,normal,tu_general,0.25,emoji,Email,0,0,0,0,0,0,0,0,45,spacing_noise,บริบททั่วไปหรือมีการนัดรับ/ตรวจสอบได้
2720,ประกาศจากคณะให้กรอกแบบประเมินรายวิชาในระบบทางการ 😅✅ inbox ได้,normal,admin_real,0.22,short_message,Facebook Group,0,0,0,0,0,0,0,0,61,emoji,บริบททั่วไปหรือมีการนัดรับ/ตรวจสอบได้
2721,แอดมินคณะขอค่าจองสิทธิ์สอบ โอนนมาที่ พร้อมเพย์ 08x-xxx-xxxx ภายในวันนี้ inbox ได้,scam,tu_scam,0.85,slang,Email,0,1,1,0,1,1,0,0,81,typo,มีคำเร่งเร้า; มีบริบทเกี่ยวกับเงิน/โอน/บัญชี
2722,ขอเลขบัญชีพร้อมเพย์หน่อยครับ จะโอนค่าชีท 🥺😅,normal,tu_marketplace,0.15,emoji,Facebook Group,0,0,1,0,1,0,0,0,43,emoji,มีบริบทเกี่ยวกับเงิน/โอน/บัญชี; บริบททั่วไปหรือมีการนัดรับ/ตรวจสอบได้
2723,รับหิ้วของจากญี่ปุ่น  สนใจทักได้  นัดรับได้ในมอ inbox ได้,normal,tu_general,0.11,short_message,X/Twitter,0,0,0,0,0,0,0,0,57,spacing_noise,บริบททั่วไปหรือมีการนัดรับ/ตรวจสอบได้
2724,ขายหนังสือ  TU100  มือสอง  นัดรับ  บร.2  ได้,normal,tu_marketplace,0.15,short_message,Email,0,0,0,0,0,0,0,0,44,spacing_noise,บริบททั่วไปหรือมีการนัดรับ/ตรวจสอบได้
2725,โอนมัดจำค่าหอ 100 บาทได้ไหมครับ 😅,normal,tu_marketplace,0.14,formal,IG DM,0,0,0,0,1,0,0,0,33,emoji,มีบริบทเกี่ยวกับเงิน/โอน/บัญชี; บริบททั่วไปหรือมีการนัดรับ/ตรวจสอบได้
2726,ขายหนังสือ SC135 มือสอง นัดรับ คณะวิทย์ ได้ ok?,normal,tu_marketplace,0.3,casual,Email,0,0,0,0,0,0,0,0,47,thai_english_mix,บริบททั่วไปหรือมีการนัดรับ/ตรวจสอบได้
2727,เจ้าหน้าที่มหาลัยขอ username password เพื่อตรวจสอบสถานะ 💬👍,scam,impersonation,0.97,casual,LINE,0,0,0,0,0,0,0,0,58,emoji,
2728,งานออนไลน์ได้เงินวันละ 3000 ไม่ต้องสัมภาษณ์ สมัครด่วน 🙏,scam,job_scam,0.83,short_message,Email,0,0,0,0,1,1,0,1,55,emoji,มีคำเร่งเร้า; มีบริบทเกี่ยวกับเงิน/โอน/บัญชี; มีบริบทสมัครงาน/รายได้
2729,รับทุนการศึกษาเร่งด่วน กรอกข้อมูลและเลขบัญชีที่ bit.ly/example_fake ✨⚠️,scam,fake_scholarship,0.8,formal,IG DM,1,0,1,0,1,1,1,0,71,emoji,มีลิงก์หรือการชวนคลิกลิงก์; มีคำเร่งเร้า; มีบริบทเกี่ยวกับเงิน/โอน/บัญชี
2730,คลิกลิงก์นี้เพื่อยืนยันบัญชีนักศึกษา tu-form.example.invalid 🙏,scam,phishing,0.92,short_message,SMS,1,0,1,0,0,0,0,0,62,emoji,มีลิงก์หรือการชวนคลิกลิงก์
2731, รหัสยืนยันถูกส่งไปแล้ว  กรุณาแจ้งรหัสภายใน  5  นาที ,scam,otp,0.81,formal,Discord,0,0,0,1,0,1,0,0,53,spacing_noise,พบคำเกี่ยวกับ OTP/ยืนยันตัวตน; มีคำเร่งเร้า
2732,รุ่นพี่ฝากบอกให้โอนค่าชีทด่วน ไม่งั้นหมดสิทธิ์ 😅🥺 inbox ได้,scam,tu_scam,0.96,casual,Facebook Group,0,0,0,0,1,1,0,0,59,emoji,มีคำเร่งเร้า; มีบริบทเกี่ยวกับเงิน/โอน/บัญชี
2733,พัสดุติดปัญหา ชำระค่าธรรมเนียมที่ [URL] เพื่อรับของ ทัก DM,scam,delivery_scam,0.93,thai_english_mix,X/Twitter,1,0,0,0,0,0,0,0,58,typo,มีลิงก์หรือการชวนคลิกลิงก์
2734,ทักไลน์อย่างเดียวครับ ไม่ค่อยตอบในกลุ่ม 💬👍,suspicious,marketplace_risk,0.71,formal,Discord,0,0,0,0,0,0,0,0,42,emoji,มีสัญญาณเสี่ยงแต่หลักฐานยังไม่ชัด
2735,ขอแนวข้อสอบ  SC135  หน่อยครับ,normal,tu_general,0.09,casual,X/Twitter,0,0,0,0,0,0,0,0,29,spacing_noise,บริบททั่วไปหรือมีการนัดรับ/ตรวจสอบได้
2736,บอกว่ามีทุนพิเศษแต่ต้องรีบกรอกข้อมูล 🥺,suspicious,tu_scam_risk,0.62,casual,Discord,0,0,0,0,1,1,1,0,38,emoji,มีคำเร่งเร้า; มีบริบทเกี่ยวกับเงิน/โอน/บัญชี; มีสัญญาณเสี่ยงแต่หลักฐานยังไม่ชัด
2737,โปรไฟล์ใหม่มาก แต่บอกว่าเป็นเจ้าหน้าที่มหาลัย ✨,suspicious,impersonation_risk,0.52,casual,TU Marketplace,0,0,0,0,0,0,0,0,47,emoji,มีสัญญาณเสี่ยงแต่หลักฐานยังไม่ชัด
2738,หาคนช่วยงานอีเวนต์ในมอ มีรายละเอียดงานและสถานที่ชัดเจน 💬,normal,tu_job_real,0.1,formal,IG DM,0,0,0,0,0,0,0,1,56,emoji,มีบริบทสมัครงาน/รายได้; บริบททั่วไปหรือมีการนัดรับ/ตรวจสอบได้
2739,ส่งเลขบัญชีมา เดี๋ยวโอนค่าหนังสือให้ครับ 🥺👍,normal,tu_marketplace,0.08,thai_english_mix,Web Form,0,0,1,0,1,0,0,0,43,emoji,มีบริบทเกี่ยวกับเงิน/โอน/บัญชี; บริบททั่วไปหรือมีการนัดรับ/ตรวจสอบได้
2740,คุณได้รับสิทธิ์ทุนพิเศษ โอนค่าดำเนินการ 100 บาทก่อนรับทุน pls,scam,fake_scholarship,0.9,casual,Discord,0,0,0,0,1,0,1,0,61,thai_english_mix,มีบริบทเกี่ยวกับเงิน/โอน/บัญชี
2741,ขายหนังสือ SC135 มือสอง นัดรับ คณะวิทย์ ได้ inbox ได้,normal,tu_marketplace,0.12,casual,Email,0,0,0,0,0,0,0,0,53,typo,บริบททั่วไปหรือมีการนัดรับ/ตรวจสอบได้
2742,ของถูกมาก แต่ต้องจองภายในวันนี้ 💸,suspicious,marketplace_risk,0.66,slang,Email,0,0,0,0,0,1,0,0,33,emoji,มีคำเร่งเร้า; มีสัญญาณเสี่ยงแต่หลักฐานยังไม่ชัด
2743,มีลิงก์ให้กรอกข้อมูลเพื่อรับสิทธิ์ ลองเช็คก่อนนะ ⚠️💸 inbox ได้,suspicious,phishing_risk,0.55,emoji,SMS,1,0,0,0,0,0,0,0,62,emoji,มีลิงก์หรือการชวนคลิกลิงก์; มีสัญญาณเสี่ยงแต่หลักฐานยังไม่ชัด
2744,ส่งเลขบัญชีมา เดี๋ยวโอนค่าหนังสือให้ครับ pls inbox ได้,normal,tu_marketplace,0.1,emoji,X/Twitter,0,0,1,0,1,0,0,0,54,thai_english_mix,มีบริบทเกี่ยวกับเงิน/โอน/บัญชี; บริบททั่วไปหรือมีการนัดรับ/ตรวจสอบได้
2745,ขอโอนเต็มก่อน เดี๋ยวส่งเลขพัสดุให้ 💸,suspicious,marketplace_risk,0.58,slang,SMS,0,0,0,0,1,0,0,0,36,emoji,มีบริบทเกี่ยวกับเงิน/โอน/บัญชี; มีสัญญาณเสี่ยงแต่หลักฐานยังไม่ชัด
2746,ส่งรหัส OTP มาให้แอดมินเพื่อยืนยันตัวตนก่อนรับเงินคืน 💸✅,scam,otp,0.91,formal,Facebook Group,0,0,0,1,1,0,1,0,56,emoji,พบคำเกี่ยวกับ OTP/ยืนยันตัวตน; มีบริบทเกี่ยวกับเงิน/โอน/บัญชี
2747,แอดมินคณะขอค่าจองสิทธิ์สอบ โอนมาที่ xxx-x-xxxxx-x ภายในวันนี้ ทัก DM,scam,tu_scam,0.92,casual,TU Marketplace,0,0,1,0,1,1,0,0,68,none,มีคำเร่งเร้า; มีบริบทเกี่ยวกับเงิน/โอน/บัญชี
2748,รับทุนการศึกษาเร่งด่วน กรอกข้อมูลและเลขบัญชีที่ forms.example.invalid/fake ✨🚨,scam,fake_scholarship,0.92,slang,Discord,1,0,1,0,1,1,1,0,77,emoji,มีลิงก์หรือการชวนคลิกลิงก์; มีคำเร่งเร้า; มีบริบทเกี่ยวกับเงิน/โอน/บัญชี
2749,โอนมัดจำค่าหอ 300 บาทได้ไหมครับ 😅 ทัก DM,normal,tu_marketplace,0.03,casual,X/Twitter,0,0,0,0,1,0,0,0,40,emoji,มีบริบทเกี่ยวกับเงิน/โอน/บัญชี; บริบททั่วไปหรือมีการนัดรับ/ตรวจสอบได้
2750,รับหิ้วของจากญี่ปุ่น สนใจทักได้ นัดรับได้ในมอ 🥺🚨,normal,tu_general,0.13,emoji,TU Marketplace,0,0,0,0,0,0,0,0,48,emoji,บริบททั่วไปหรือมีการนัดรับ/ตรวจสอบได้
2751,รับหิ้วของจากญี่ปุ่น สนใจทักได้ นัดรับได้ในมอ ✅,normal,tu_general,0.11,short_message,Email,0,0,0,0,0,0,0,0,47,emoji,บริบททั่วไปหรือมีการนัดรับ/ตรวจสอบได้
2752,รหัสยืนยันถูกส่งไปแล้ว กรุณาแจ้งรหัสภายใน 5 นาที 💬,scam,otp,0.81,short_message,LINE,0,0,0,1,0,1,0,0,50,emoji,พบคำเกี่ยวกับ OTP/ยืนยันตัวตน; มีคำเร่งเร้า
2753,ร้านกาแฟแถวรังสิตรับพาร์ทไทม์ ชั่วโมงละ 50 บาท มีสัมภาษณ์หน้าร้าน 😅✅,normal,tu_job_real,0.18,slang,Email,0,0,0,0,1,0,0,1,68,emoji,มีบริบทเกี่ยวกับเงิน/โอน/บัญชี; มีบริบทสมัครงาน/รายได้; บริบททั่วไปหรือมีการนัดรับ/ตรวจสอบได้
2754,หาคนช่วยงานอีเวนต์ในมอ มีรายละเอียดงานและสถานที่ชัดเจน ✅,normal,tu_job_real,0.18,casual,SMS,0,0,0,0,0,0,0,1,56,emoji,มีบริบทสมัครงาน/รายได้; บริบททั่วไปหรือมีการนัดรับ/ตรวจสอบได้
2755,ใครเจอบัตรนักศึกษาที่ หน้าโดม ทักมาน่อยครับ,normal,tu_general,0.06,slang,Web Form,0,0,0,0,0,0,0,0,43,typo,บริบททั่วไปหรือมีการนัดรับ/ตรวจสอบได้
2756,งานออนไลน์รายได้สูงมาก ไม่ต้องสัมภาษณ์ แค่ทักแชท 🚨‼️,suspicious,job_risk,0.72,short_message,Web Form,0,0,0,0,1,0,0,1,52,emoji,มีบริบทเกี่ยวกับเงิน/โอน/บัญชี; มีบริบทสมัครงาน/รายได้; มีสัญญาณเสี่ยงแต่หลักฐานยังไม่ชัด
2757,มีคนจองหลายคน ถ้าเอาโอนมัดจำมาก่อนได้เลย 🚨‼️,suspicious,marketplace_risk,0.67,emoji,SMS,0,0,0,0,1,0,0,0,44,emoji,มีบริบทเกี่ยวกับเงิน/โอน/บัญชี; มีสัญญาณเสี่ยงแต่หลักฐานยังไม่ชัด
2758,ใครเจอบัตรนักศึกษาที่ บร.2 ทักมาหน่อยครับ 💬,normal,tu_general,0.27,casual,Email,0,0,0,0,0,0,0,0,43,emoji,บริบททั่วไปหรือมีการนัดรับ/ตรวจสอบได้
2759,"งานออนไลน์ได้เงินวันละ 10,000 ไม่ต้องสัมภาษณ์ สมัครด่วน 👍🥺 inbox ได้",scam,job_scam,0.95,thai_english_mix,LINE,0,0,0,0,1,1,0,1,68,emoji,มีคำเร่งเร้า; มีบริบทเกี่ยวกับเงิน/โอน/บัญชี; มีบริบทสมัครงาน/รายได้
2760,คุณได้รับสิทธิ์ทุนพิเศษ โอนค่าดำเนินการ 100 บาทก่อนรับทุน pls ส่งในกลุ่มได้เลย,scam,fake_scholarship,0.95,casual,Discord,0,0,0,0,1,0,1,0,78,thai_english_mix,มีบริบทเกี่ยวกับเงิน/โอน/บัญชี
2761,กดลิงก์รับเงินคืนค่าธรรมเนียมการศึกษา bit.ly/example_fake pls,scam,refund_scam,0.93,casual,TU Marketplace,1,0,0,0,1,0,1,0,61,thai_english_mix,มีลิงก์หรือการชวนคลิกลิงก์; มีบริบทเกี่ยวกับเงิน/โอน/บัญชี
2762,รับหิ้วของจากญี่ปุ่น สนใจทักได้ นัดรับได้ในมอ 📌,normal,tu_general,0.22,formal,Web Form,0,0,0,0,0,0,0,0,47,emoji,บริบททั่วไปหรือมีการนัดรับ/ตรวจสอบได้
2763,ขายหนังสือ TU100 มือสอง นัดรับ หน้าโดม ได้,normal,tu_marketplace,0.26,formal,TU Marketplace,0,0,0,0,0,0,0,0,42,none,บริบททั่วไปหรือมีการนัดรับ/ตรวจสอบได้
2764,ขอแนวข้อสอบ MA211 หน่อยคับ,normal,tu_general,0.03,thai_english_mix,Web Form,0,0,0,0,0,0,0,0,26,typo,บริบททั่วไปหรือมีการนัดรับ/ตรวจสอบได้
2765,มีลิงก์ให้กรอกข้อมูลเพื่อรับสิทธิ์ ลองเช็คก่อนนะ 😅,suspicious,phishing_risk,0.57,short_message,Discord,1,0,0,0,0,0,0,0,50,emoji,มีลิงก์หรือการชวนคลิกลิงก์; มีสัญญาณเสี่ยงแต่หลักฐานยังไม่ชัด
2766,พัสดุติดปัญหา ชำระค่าธรรมเนียมที่ forms.example.invalid/fake เพื่อรับของ 😅💸,scam,delivery_scam,0.97,emoji,LINE,1,0,0,0,0,0,0,0,75,emoji,มีลิงก์หรือการชวนคลิกลิงก์
2767,รับซื้อเครื่องคิดเลขมือสอง ขอราคาไม่แรง ส่งในกลุ่มได้เลย,normal,tu_marketplace,0.2,formal,Facebook Group,0,0,0,0,0,0,0,0,56,none,บริบททั่วไปหรือมีการนัดรับ/ตรวจสอบได้
2768,งานออนไลน์รายได้สูงมาก ไม่ต้องสัมภาษณ์ แค่ทักแชท ⚠️🙏,suspicious,job_risk,0.74,thai_english_mix,TU Marketplace,0,0,0,0,1,0,0,1,52,emoji,มีบริบทเกี่ยวกับเงิน/โอน/บัญชี; มีบริบทสมัครงาน/รายได้; มีสัญญาณเสี่ยงแต่หลักฐานยังไม่ชัด
2769,Your account has been suspended verify now tu-form.example.invalid ⚠️,scam,phishing,0.84,thai_english_mix,IG DM,1,0,0,1,0,1,0,0,69,emoji,พบคำเกี่ยวกับ OTP/ยืนยันตัวตน; มีลิงก์หรือการชวนคลิกลิงก์; มีคำเร่งเร้า
2770,ราคาถูกกว่าปกติมาก แต่ไม่ให้วิดีโอคอลดูของ 😅🔥 ส่งในกลุ่มได้เลย,suspicious,marketplace_risk,0.59,formal,Facebook Group,0,0,0,0,0,0,0,0,62,emoji,มีสัญญาณเสี่ยงแต่หลักฐานยังไม่ชัด
2771,โอนเต็มก่อนเท่านั้น ไม่รับนัด ไม่รับวิดีโอคอล 💬,scam,marketplace_scam,0.82,short_message,Facebook Group,0,0,0,0,1,0,0,0,47,emoji,มีบริบทเกี่ยวกับเงิน/โอน/บัญชี
2772,ขอโอนเต็มก่อน เดี๋ยวส่งเลขพัสดุให้ 💬🚨,suspicious,marketplace_risk,0.62,emoji,LINE,0,0,0,0,1,0,0,0,37,emoji,มีบริบทเกี่ยวกับเงิน/โอน/บัญชี; มีสัญญาณเสี่ยงแต่หลักฐานยังไม่ชัด
2773,ไม่สะดวกนัดรับ ขอส่งอย่างเดียว โอนก่อนส่งนะ 🙏👍,suspicious,marketplace_risk,0.73,thai_english_mix,IG DM,0,0,0,0,1,0,0,0,46,emoji,มีบริบทเกี่ยวกับเงิน/โอน/บัญชี; มีสัญญาณเสี่ยงแต่หลักฐานยังไม่ชัด
2774,Your account has been suspended verify now bit.ly/example_fake ✨😅,scam,phishing,0.95,emoji,TU Marketplace,1,0,0,1,0,1,0,0,65,emoji,พบคำเกี่ยวกับ OTP/ยืนยันตัวตน; มีลิงก์หรือการชวนคลิกลิงก์; มีคำเร่งเร้า
2775,อ้างว่าเป็นรุ่นพี่คณะ ขอให้โอนเงินช่วยจองสิทธิ์ ⚠️✨,suspicious,tu_scam_risk,0.66,casual,Facebook Group,0,0,0,0,1,0,0,0,51,emoji,มีบริบทเกี่ยวกับเงิน/โอน/บัญชี; มีสัญญาณเสี่ยงแต่หลักฐานยังไม่ชัด
2776,มีลิงก์ให้กรอกข้อมูลเพื่อรับสิทธิ์ ลองเช็คก่อนนะ 🥺,suspicious,phishing_risk,0.55,thai_english_mix,Email,1,0,0,0,0,0,0,0,50,emoji,มีลิงก์หรือการชวนคลิกลิงก์; มีสัญญาณเสี่ยงแต่หลักฐานยังไม่ชัด
2777,ของอยู่ต่างจังหวัด โอนก่อนส่งเท่านั้น ราคาพิเศษถึงวันนี้ 💬👍,scam,marketplace_scam,0.95,short_message,IG DM,0,0,0,0,1,0,0,0,59,emoji,มีบริบทเกี่ยวกับเงิน/โอน/บัญชี
2778,รับซื้อเครื่องคิดเลขมือสอง ขอราคาไม่แรง 😅💬,normal,tu_marketplace,0.06,emoji,Email,0,0,0,0,0,0,0,0,42,emoji,บริบททั่วไปหรือมีการนัดรับ/ตรวจสอบได้
2779,นัดรับหน้า บร.2 ได้ครับ สะดวกช่วงเย็น 🙏🚨,normal,tu_marketplace,0.1,slang,Facebook Group,0,0,0,0,0,0,0,0,40,emoji,บริบททั่วไปหรือมีการนัดรับ/ตรวจสอบได้
2780,Your account has been suspended verify now forms.example.invalid/fake 🙏🥺,scam,phishing,0.82,emoji,Web Form,1,0,0,1,0,1,0,0,72,emoji,พบคำเกี่ยวกับ OTP/ยืนยันตัวตน; มีลิงก์หรือการชวนคลิกลิงก์; มีคำเร่งเร้า
2781,Your account has been suspended verify now forms.example.invalid/fake ✅,scam,phishing,0.93,slang,Discord,1,0,0,1,0,1,0,0,71,emoji,พบคำเกี่ยวกับ OTP/ยืนยันตัวตน; มีลิงก์หรือการชวนคลิกลิงก์; มีคำเร่งเร้า
2782,พัสดุติดปัญหา ชำระค่าธรรมเนียมที่ tu-form.example.invalid เพื่อรับของ ✅🙏,scam,delivery_scam,0.98,casual,Discord,1,0,0,0,0,0,0,0,72,emoji,มีลิงก์หรือการชวนคลิกลิงก์
2783,กดลิงก์รับเงินคืนค่าธรรมเนียมการศึกษา bit.ly/example_fake 👍,scam,refund_scam,0.98,thai_english_mix,Web Form,1,0,0,0,1,0,1,0,59,emoji,มีลิงก์หรือการชวนคลิกลิงก์; มีบริบทเกี่ยวกับเงิน/โอน/บัญชี
2784,โอนมัดจำค่าหอ 100 บาทได้ไหมครับ ok?,normal,tu_marketplace,0.25,emoji,Email,0,0,0,0,1,0,0,0,35,thai_english_mix,มีบริบทเกี่ยวกับเงิน/โอน/บัญชี; บริบททั่วไปหรือมีการนัดรับ/ตรวจสอบได้
2785,ขอโอนเต็มก่อน เดี๋ยวส่งเลขพัสดุให้ 🚨🙏,suspicious,marketplace_risk,0.51,emoji,LINE,0,0,0,0,1,0,0,0,37,emoji,มีบริบทเกี่ยวกับเงิน/โอน/บัญชี; มีสัญญาณเสี่ยงแต่หลักฐานยังไม่ชัด
2786,Your account has been suspended verify now forms.example.invalid/fake ‼️✨,scam,phishing,0.94,casual,TU Marketplace,1,0,0,1,0,1,0,0,73,emoji,พบคำเกี่ยวกับ OTP/ยืนยันตัวตน; มีลิงก์หรือการชวนคลิกลิงก์; มีคำเร่งเร้า
2787, อ้างว่าเป็นรุ่นพี่คณะ  ขอให้โอนเงินช่วยจองสิทธิ์  ส่งในกลุ่มได้เลย,suspicious,tu_scam_risk,0.54,casual,Facebook Group,0,0,0,0,1,0,0,0,67,spacing_noise,มีบริบทเกี่ยวกับเงิน/โอน/บัญชี; มีสัญญาณเสี่ยงแต่หลักฐานยังไม่ชัด
2788,อ้างว่าเป็นรุ่นพี่คณะ ขอให้โอนเงินช่วยจองสิทธิ์ ⚠️,suspicious,tu_scam_risk,0.51,slang,Web Form,0,0,0,0,1,0,0,0,50,emoji,มีบริบทเกี่ยวกับเงิน/โอน/บัญชี; มีสัญญาณเสี่ยงแต่หลักฐานยังไม่ชัด
2789,หอพักแถวเชียงรากเดือนละไม่เกิน 4000 มีแนะนำไหม ok? inbox ได้,normal,tu_general,0.1,casual,Discord,0,0,0,0,0,0,0,0,60,thai_english_mix,บริบททั่วไปหรือมีการนัดรับ/ตรวจสอบได้
2790,รับทุนการศึกษาเร่งด่วนนน กรอกข้อมูลและเลขบัญชีที่ tu-form.example.invalid,scam,fake_scholarship,0.95,formal,TU Marketplace,1,0,1,0,1,1,1,0,73,repeat_chars,มีลิงก์หรือการชวนคลิกลิงก์; มีคำเร่งเร้า; มีบริบทเกี่ยวกับเงิน/โอน/บัญชี
2791,ร้านกาแฟแถวรังสิตรับพาร์ทไทม์ ชั่วโมงละ 80 บาท มีสัมภาษณ์หน้าร้าน ✨😅,normal,tu_job_real,0.24,casual,IG DM,0,0,0,0,1,0,0,1,68,emoji,มีบริบทเกี่ยวกับเงิน/โอน/บัญชี; มีบริบทสมัครงาน/รายได้; บริบททั่วไปหรือมีการนัดรับ/ตรวจสอบได้
2792,มีลิงก์ Google Meet สำหรับประชุมไหมครับ 🙏💬,normal,meeting,0.11,formal,LINE,1,0,0,0,0,0,0,0,42,emoji,มีลิงก์หรือการชวนคลิกลิงก์; บริบททั่วไปหรือมีการนัดรับ/ตรวจสอบได้
2793,ขอแนวข้อสอบ SC135 หน่อยครับ 🙏,normal,tu_general,0.11,casual,SMS,0,0,0,0,0,0,0,0,29,emoji,บริบททั่วไปหรือมีการนัดรับ/ตรวจสอบได้
2794,ระบบ TU แจ้งเตือน ให้ update password ผ่าน forms.example.invalid/fake ด่วน ‼️,scam,phishing,0.9,slang,SMS,1,0,0,0,0,1,0,0,77,emoji,มีลิงก์หรือการชวนคลิกลิงก์; มีคำเร่งเร้า
2795,Your account has been suspended verify now tu-form.example.invalid 💸✅,scam,phishing,0.85,slang,Email,1,0,0,1,0,1,0,0,69,emoji,พบคำเกี่ยวกับ OTP/ยืนยันตัวตน; มีลิงก์หรือการชวนคลิกลิงก์; มีคำเร่งเร้า
2796,ของอยู่ต่างจังหวัด โอนก่อนส่งเท่านั้น ราคาพิเศษถึงวันนี้ inbox ได้,scam,marketplace_scam,0.89,thai_english_mix,X/Twitter,0,0,0,0,1,0,0,0,66,none,มีบริบทเกี่ยวกับเงิน/โอน/บัญชี
2797,กรุณายืนยัน OTP เพื่อปลดล็อกบัญชีทันที 📌🔥,scam,otp,0.87,thai_english_mix,SMS,0,0,1,1,0,1,0,0,41,emoji,พบคำเกี่ยวกับ OTP/ยืนยันตัวตน; มีคำเร่งเร้า
2798,อาจารย์ส่ง link zoom ใน classroom แล้วนะ,normal,meeting,0.21,slang,TU Marketplace,1,0,0,0,0,0,0,0,40,none,มีลิงก์หรือการชวนคลิกลิงก์; บริบททั่วไปหรือมีการนัดรับ/ตรวจสอบได้
2799,รับทุนการศึกษาเร่งด่วน กรอกข้อมูลและเลขบัญชีที่ tu-form.example.invalid ‼️,scam,fake_scholarship,0.91,thai_english_mix,Discord,1,0,1,0,1,1,1,0,74,emoji,มีลิงก์หรือการชวนคลิกลิงก์; มีคำเร่งเร้า; มีบริบทเกี่ยวกับเงิน/โอน/บัญชี
2800,มีใครขายชีท CS332 บ้างครับ line: @fakeid,normal,tu_general,0.17,thai_english_mix,X/Twitter,0,0,0,0,0,0,0,0,40,typo,บริบททั่วไปหรือมีการนัดรับ/ตรวจสอบได้
2801,คุณได้รับสิทธิ์ทุนพิเศษ โอนค่าดำเนินการ 1000 บาทก่อนรับทุน 🥺🔥,scam,fake_scholarship,0.93,thai_english_mix,SMS,0,0,0,0,1,0,1,0,61,emoji,มีบริบทเกี่ยวกับเงิน/โอน/บัญชี
2802,มีลิงก์ Google Meet สำหรับประชุมไหมครับ 🙏,normal,meeting,0.06,short_message,TU Marketplace,1,0,0,0,0,0,0,0,41,emoji,มีลิงก์หรือการชวนคลิกลิงก์; บริบททั่วไปหรือมีการนัดรับ/ตรวจสอบได้
2803,สมัครงาน part-time online จ่ายค่าสมัครก่อน 100 แล้วเริ่มงานได้เลย 👍‼️,scam,job_scam,0.91,formal,LINE,0,0,0,0,0,0,0,1,69,emoji,มีบริบทสมัครงาน/รายได้
2804,ระบบแจ้งให้ยืนยันข้อมูลบางอย่างภายในวันนี้ ✨💸,suspicious,phishing_risk,0.46,emoji,Web Form,0,0,0,0,0,1,0,0,45,emoji,มีคำเร่งเร้า; มีสัญญาณเสี่ยงแต่หลักฐานยังไม่ชัด
2805,Your account has been suspended verify now forms.example.invalid/fake verify pls,scam,phishing,0.85,slang,IG DM,1,0,0,1,0,1,0,0,80,thai_english_mix,พบคำเกี่ยวกับ OTP/ยืนยันตัวตน; มีลิงก์หรือการชวนคลิกลิงก์; มีคำเร่งเร้า
2806,กดลิงก์รับเงินคืนค่าธรรมเนียมการศึกษา [URL],scam,refund_scam,0.96,emoji,LINE,1,0,0,0,1,0,1,0,43,repeat_chars,มีลิงก์หรือการชวนคลิกลิงก์; มีบริบทเกี่ยวกับเงิน/โอน/บัญชี
2807,ใครเจอบัตรนักศึกษาที่ คณะวิทย์ ทักมาหน่อยครับ verify pls,normal,tu_general,0.08,short_message,Discord,0,0,0,1,0,0,0,0,56,thai_english_mix,พบคำเกี่ยวกับ OTP/ยืนยันตัวตน; บริบททั่วไปหรือมีการนัดรับ/ตรวจสอบได้
2808,โอนมัดจำค่าหอ  1500  บาทได้ไหมครับ,normal,tu_marketplace,0.06,thai_english_mix,SMS,0,0,0,0,1,0,0,0,34,spacing_noise,มีบริบทเกี่ยวกับเงิน/โอน/บัญชี; บริบททั่วไปหรือมีการนัดรับ/ตรวจสอบได้
2809,ขายหนังสือ CS222 มือสอง นัดรับ โรงอาหารกลาง ได้ ส่งในกลุ่มได้เลย,normal,tu_marketplace,0.29,emoji,LINE,0,0,0,0,0,0,0,0,64,repeat_chars,บริบททั่วไปหรือมีการนัดรับ/ตรวจสอบได้
2810,กรุณายืนยัน OTP เพื่อปลดล็อกบัญชีทันที 💸📌,scam,otp,0.81,short_message,Email,0,0,1,1,0,1,0,0,41,emoji,พบคำเกี่ยวกับ OTP/ยืนยันตัวตน; มีคำเร่งเร้า
2811, กรุณายืนยัน  OTP  เพื่อปลดล็อกบัญชีทันที ,scam,otp,0.93,short_message,Web Form,0,0,1,1,0,1,0,0,42,spacing_noise,พบคำเกี่ยวกับ OTP/ยืนยันตัวตน; มีคำเร่งเร้า
2812,คลิกลิ้งนี้เพื่อยืนยัันบัญชีนักศึกษา bit.ly/example_fake,scam,phishing,0.97,casual,Discord,1,0,1,0,0,0,0,0,56,typo,มีลิงก์หรือการชวนคลิกลิงก์
2813,บัญชีนี้ของแฟนเราเอง ปลอดภัยแน่นอน โอนมาเลย 💬⚠️ inbox ได้,scam,marketplace_scam,0.85,short_message,Facebook Group,0,0,1,0,1,0,0,0,57,emoji,มีบริบทเกี่ยวกับเงิน/โอน/บัญชี
2814,ขอเลขบชพร้อมเพย์น่อยคับ จะโอนค่าชีท,normal,tu_marketplace,0.19,formal,LINE,0,0,1,0,1,0,0,0,35,typo,มีบริบทเกี่ยวกับเงิน/โอน/บัญชี; บริบททั่วไปหรือมีการนัดรับ/ตรวจสอบได้
2815,อาจารย์ส่ง link zoom ใน classroom แล้วนะ ‼️💸,normal,meeting,0.28,formal,TU Marketplace,1,0,0,0,0,0,0,0,44,emoji,มีลิงก์หรือการชวนคลิกลิงก์; บริบททั่วไปหรือมีการนัดรับ/ตรวจสอบได้
2816,สมักงาน part-time online จ่ายค่าสมัครก่อน 1000 แล้วเริ่มงานได้เลย,scam,job_scam,0.85,formal,IG DM,0,0,0,0,0,0,0,1,65,typo,มีบริบทสมัครงาน/รายได้
2817,รับทุนการศึกษาเร่งด่วน กรอกข้อมูลและเลขบัญชีที่ forms.example.invalid/fake 🚨🙏,scam,fake_scholarship,0.98,slang,Facebook Group,1,0,1,0,1,1,1,0,77,emoji,มีลิงก์หรือการชวนคลิกลิงก์; มีคำเร่งเร้า; มีบริบทเกี่ยวกับเงิน/โอน/บัญชี
2818,ขอโอนเต็มก่อน เดี๋ยวส่งเลขพัสดุให้ 🥺⚠️,suspicious,marketplace_risk,0.55,short_message,Facebook Group,0,0,0,0,1,0,0,0,38,emoji,มีบริบทเกี่ยวกับเงิน/โอน/บัญชี; มีสัญญาณเสี่ยงแต่หลักฐานยังไม่ชัด
2819,ของอยู่ต่างจังหวัด โอนก่อนส่งเท่านั้น ราคาพิเศษถึงวันนี้ ‼️✅,scam,marketplace_scam,0.91,short_message,Web Form,0,0,0,0,1,0,0,0,60,emoji,มีบริบทเกี่ยวกับเงิน/โอน/บัญชี
2820,บอกว่ามีทุนพิเศษแต่ต้องรีบกรอกข้อมูล 💸 ส่งในกลุ่มได้เลย,suspicious,tu_scam_risk,0.57,casual,SMS,0,0,0,0,1,1,1,0,55,emoji,มีคำเร่งเร้า; มีบริบทเกี่ยวกับเงิน/โอน/บัญชี; มีสัญญาณเสี่ยงแต่หลักฐานยังไม่ชัด
2821,มีใครขายชีท TU100 บ้างครับ 🥺💸,normal,tu_general,0.08,formal,X/Twitter,0,0,0,0,0,0,0,0,29,emoji,บริบททั่วไปหรือมีการนัดรับ/ตรวจสอบได้
2822,ขายหนังสือ MA211 มือสอง นัดรับ บร.2 ได้ 😅,normal,tu_marketplace,0.28,short_message,X/Twitter,0,0,0,0,0,0,0,0,41,emoji,บริบททั่วไปหรือมีการนัดรับ/ตรวจสอบได้
2823,มีคนจองหลายคน ถ้าเอาโอนมัดจำมาก่อนได้เลย 🔥,suspicious,marketplace_risk,0.48,thai_english_mix,LINE,0,0,0,0,1,0,0,0,42,emoji,มีบริบทเกี่ยวกับเงิน/โอน/บัญชี; มีสัญญาณเสี่ยงแต่หลักฐานยังไม่ชัด
2824,ขอแนวข้อสอบ SC135 น่อยครับ,normal,tu_general,0.11,thai_english_mix,LINE,0,0,0,0,0,0,0,0,26,typo,บริบททั่วไปหรือมีการนัดรับ/ตรวจสอบได้
2825,งานออนไลน์ได้เงินวันละ 8000 ไม่ต้องสัมภาษณ์ สมัครด่วน ⚠️,scam,job_scam,0.96,formal,TU Marketplace,0,0,0,0,1,1,0,1,56,emoji,มีคำเร่งเร้า; มีบริบทเกี่ยวกับเงิน/โอน/บัญชี; มีบริบทสมัครงาน/รายได้
2826,คลิกลิงก์นี้เพื่อยืนยันบัญชีนักศึกษา bit.ly/example_fake pls,scam,phishing,0.88,formal,TU Marketplace,1,0,1,0,0,0,0,0,60,thai_english_mix,มีลิงก์หรือการชวนคลิกลิงก์
2827,มีคนขอรหัสยืนยัน บอกว่าเป็นแอดมินกลุ่ม 🚨😅,suspicious,otp_risk,0.72,thai_english_mix,Discord,0,0,0,1,0,0,0,0,41,emoji,พบคำเกี่ยวกับ OTP/ยืนยันตัวตน; มีสัญญาณเสี่ยงแต่หลักฐานยังไม่ชัด
2828,ส่งเลขบชมา เดี๋ยวโอนนค่าหนังสือให้คับ,normal,tu_marketplace,0.19,short_message,TU Marketplace,0,0,0,0,1,0,0,0,37,typo,มีบริบทเกี่ยวกับเงิน/โอน/บัญชี; บริบททั่วไปหรือมีการนัดรับ/ตรวจสอบได้
2829,รีบโอนก่อนนะ เหลือคนเดียวแล้ว 🥺‼️,suspicious,marketplace_risk,0.75,thai_english_mix,X/Twitter,0,0,0,0,1,1,0,0,33,emoji,มีคำเร่งเร้า; มีบริบทเกี่ยวกับเงิน/โอน/บัญชี; มีสัญญาณเสี่ยงแต่หลักฐานยังไม่ชัด
2830,คุณได้รับสิทธิ์ทุนพิเศษ โอนค่าดำเนินการ 300 บาทก่อนรับทุน ส่งในกลุ่มได้เลย,scam,fake_scholarship,0.81,formal,LINE,0,0,0,0,1,0,1,0,74,none,มีบริบทเกี่ยวกับเงิน/โอน/บัญชี
2831,วันนี้ห้องเรียน อาคารเรียนรวม เปิดไหมครับ ‼️💬,normal,tu_general,0.07,thai_english_mix,TU Marketplace,0,0,0,0,0,0,0,0,45,emoji,บริบททั่วไปหรือมีการนัดรับ/ตรวจสอบได้
2832,โอนมัดจำค่าหอ 100 บาทได้ไหมครับ pls ส่งในกลุ่มได้เลย,normal,tu_marketplace,0.1,casual,Web Form,0,0,0,0,1,0,0,0,52,thai_english_mix,มีบริบทเกี่ยวกับเงิน/โอน/บัญชี; บริบททั่วไปหรือมีการนัดรับ/ตรวจสอบได้
2833,นัดรับหน้า บร.2 ได้คับ สะดวกช่วงเย็น,normal,tu_marketplace,0.11,formal,Discord,0,0,0,0,0,0,0,0,36,typo,บริบททั่วไปหรือมีการนัดรับ/ตรวจสอบได้
2834,ขายหนังสือ  CS254  มือสอง  นัดรับ  SC3  ได้,normal,tu_marketplace,0.16,short_message,X/Twitter,0,0,0,0,0,0,0,0,43,spacing_noise,บริบททั่วไปหรือมีการนัดรับ/ตรวจสอบได้
2835,วันนี้ห้องเรียน หอสมุดป๋วย เปิดไหมครับ ‼️📌,normal,tu_general,0.18,formal,IG DM,0,0,0,0,0,0,0,0,42,emoji,บริบททั่วไปหรือมีการนัดรับ/ตรวจสอบได้
2836,ขาย iPad ใช้เรียน นัดรับในมอได้ เช็คของก่อนจ่าย 🥺✅,normal,tu_marketplace,0.29,formal,Email,0,0,0,0,0,0,0,0,50,emoji,บริบททั่วไปหรือมีการนัดรับ/ตรวจสอบได้
2837,คุณได้รับสิทธิ์ทุนพิเศษ โอนค่าดำเนินการ 300 บาทก่อนรับทุน 💬,scam,fake_scholarship,0.87,slang,SMS,0,0,0,0,1,0,1,0,59,emoji,มีบริบทเกี่ยวกับเงิน/โอน/บัญชี
2838,ของถูกมาก แต่ต้องจองภายในวันนี้ ✨📌 line: @fakeid,suspicious,marketplace_risk,0.62,slang,SMS,0,0,0,0,0,1,0,0,48,emoji,มีคำเร่งเร้า; มีสัญญาณเสี่ยงแต่หลักฐานยังไม่ชัด
2839,บัญชีนี้ของแฟนเราเอง ปลอดภัยแน่นอน โอนนมาเลย ทัก DM,scam,marketplace_scam,0.94,short_message,Web Form,0,0,1,0,1,0,0,0,51,typo,มีบริบทเกี่ยวกับเงิน/โอน/บัญชี
2840,มีคนจองหลายคน ถ้าเอาโอนมัดจำมาก่อนได้เลย ‼️🔥,suspicious,marketplace_risk,0.49,formal,IG DM,0,0,0,0,1,0,0,0,44,emoji,มีบริบทเกี่ยวกับเงิน/โอน/บัญชี; มีสัญญาณเสี่ยงแต่หลักฐานยังไม่ชัด
2841, อ้างว่าเป็นรุ่นพี่คณะ  ขอให้โอนเงินช่วยจองสิทธิ์ ,suspicious,tu_scam_risk,0.55,slang,TU Marketplace,0,0,0,0,1,0,0,0,50,spacing_noise,มีบริบทเกี่ยวกับเงิน/โอน/บัญชี; มีสัญญาณเสี่ยงแต่หลักฐานยังไม่ชัด
2842,ของถูกมาก แต่ต้องจองภายในวันนี้ ✅🙏,suspicious,marketplace_risk,0.55,slang,Facebook Group,0,0,0,0,0,1,0,0,34,emoji,มีคำเร่งเร้า; มีสัญญาณเสี่ยงแต่หลักฐานยังไม่ชัด
2843,รับหิ้วของจากญี่ปุ่น สนใจทักได้ นัดรับได้ในมอ 😅🙏,normal,tu_general,0.05,slang,IG DM,0,0,0,0,0,0,0,0,48,emoji,บริบททั่วไปหรือมีการนัดรับ/ตรวจสอบได้
2844,งานออนไลน์ได้เงินวันละ 8000 ไม่ต้องสัมภาษณ์ สมัครด่วน ‼️,scam,job_scam,0.94,emoji,Facebook Group,0,0,0,0,1,1,0,1,56,emoji,มีคำเร่งเร้า; มีบริบทเกี่ยวกับเงิน/โอน/บัญชี; มีบริบทสมัครงาน/รายได้
2845,นัดรับหน้า BRT ได้ครับ สะดวกช่วงเย็น ✨🔥,normal,tu_marketplace,0.03,short_message,LINE,0,0,0,0,0,0,0,0,39,emoji,บริบททั่วไปหรือมีการนัดรับ/ตรวจสอบได้
2846,ขายหนังสือ TU100 มือสอง นัดรับ ประตูเชียงราก ได้ 💬🙏,normal,tu_marketplace,0.24,formal,LINE,0,0,0,0,0,0,0,0,51,emoji,บริบททั่วไปหรือมีการนัดรับ/ตรวจสอบได้
2847,ไม่สะดวกนัดรับ ขอส่งอย่างเดียว โอนก่อนส่งนะ pls,suspicious,marketplace_risk,0.51,casual,TU Marketplace,0,0,0,0,1,0,0,0,47,thai_english_mix,มีบริบทเกี่ยวกับเงิน/โอน/บัญชี; มีสัญญาณเสี่ยงแต่หลักฐานยังไม่ชัด
2848,คุณได้รับสิทธิ์ทุนพิเศษ โอนค่าดำเนินการ 300 บาทก่อนรับทุน ASAP,scam,fake_scholarship,0.8,casual,IG DM,0,0,0,0,1,0,1,0,62,thai_english_mix,มีบริบทเกี่ยวกับเงิน/โอน/บัญชี
2849,กรุณายืนยัน OTP เพื่อปลดล็อกบัญชีทันที ‼️🚨,scam,otp,0.94,emoji,SMS,0,0,1,1,0,1,0,0,42,emoji,พบคำเกี่ยวกับ OTP/ยืนยันตัวตน; มีคำเร่งเร้า
2850,โอนมัดจำค่าหอ 100 บาทได้ไหมครับ 🔥🙏,normal,tu_marketplace,0.18,short_message,Discord,0,0,0,0,1,0,0,0,34,emoji,มีบริบทเกี่ยวกับเงิน/โอน/บัญชี; บริบททั่วไปหรือมีการนัดรับ/ตรวจสอบได้
2851,อาจารย์ส่ง link zoom ใน classroom แล้วนะ ✅👍,normal,meeting,0.22,emoji,LINE,1,0,0,0,0,0,0,0,43,emoji,มีลิงก์หรือการชวนคลิกลิงก์; บริบททั่วไปหรือมีการนัดรับ/ตรวจสอบได้
2852,คลิกลิงก์นี้เพื่อยืนยันบัญชีนักศึกษา bit.ly/example_fake 🥺👍,scam,phishing,0.98,emoji,LINE,1,0,1,0,0,0,0,0,59,emoji,มีลิงก์หรือการชวนคลิกลิงก์
2853,สมัครงาน  part-time  online  จ่ายค่าสมัครก่อน  200  แล้วเริ่มงานได้เลย,scam,job_scam,0.94,thai_english_mix,Discord,0,0,0,0,0,0,0,1,70,spacing_noise,มีบริบทสมัครงาน/รายได้
2854,โอนเต็มก่อนเท่านั้น ไม่รับนัด ไม่รับวิดีโอคอล 💸📌,scam,marketplace_scam,0.97,short_message,TU Marketplace,0,0,0,0,1,0,0,0,48,emoji,มีบริบทเกี่ยวกับเงิน/โอน/บัญชี
2855,โอนเต็มก่อนเท่านั้น ไม่รับนัด ไม่รับวิดีโอคอล ✅🙏 inbox ได้,scam,marketplace_scam,0.9,slang,IG DM,0,0,0,0,1,0,0,0,58,emoji,มีบริบทเกี่ยวกับเงิน/โอน/บัญชี
2856," งานออนไลน์ได้เงินวันละ  10,000  ไม่ต้องสัมภาษณ์  สมัครด่วน ",scam,job_scam,0.99,short_message,Web Form,0,0,0,0,1,1,0,1,60,spacing_noise,มีคำเร่งเร้า; มีบริบทเกี่ยวกับเงิน/โอน/บัญชี; มีบริบทสมัครงาน/รายได้
2857,รหัสยืนยันถูกส่งไปแล้ว กรุณาแจ้งรหัสภายใน 5 นาที ⚠️‼️,scam,otp,0.9,short_message,SMS,0,0,0,1,0,1,0,0,53,emoji,พบคำเกี่ยวกับ OTP/ยืนยันตัวตน; มีคำเร่งเร้า
2858,รับทุนการศึกษาเร่งด่วน กรอกข้อมูลและเลขบัญชีที่ [URL] ✨,scam,fake_scholarship,0.9,short_message,SMS,1,0,1,0,1,1,1,0,55,emoji,มีลิงก์หรือการชวนคลิกลิงก์; มีคำเร่งเร้า; มีบริบทเกี่ยวกับเงิน/โอน/บัญชี
2859,โอนมัดจำค่าหอ  300  บาทได้ไหมครับ,normal,tu_marketplace,0.12,thai_english_mix,LINE,0,0,0,0,1,0,0,0,33,spacing_noise,มีบริบทเกี่ยวกับเงิน/โอน/บัญชี; บริบททั่วไปหรือมีการนัดรับ/ตรวจสอบได้
2860,สมัครงาน part-time online จ่ายค่าสมัครก่อน 100 แล้วเริ่มงานได้เลย 😅✅,scam,job_scam,0.96,thai_english_mix,Discord,0,0,0,0,0,0,0,1,68,emoji,มีบริบทสมัครงาน/รายได้
2861,ใครเจอบัตรนักศึกษาที่ BRT ทักมาหน่อยครับ 🚨💬 ทัก DM,normal,tu_general,0.18,thai_english_mix,Discord,0,0,0,0,0,0,0,0,50,emoji,บริบททั่วไปหรือมีการนัดรับ/ตรวจสอบได้
2862,ระบบ TU แจ้งเตือน ให้ update password ผ่าน tu-form.example.invalid ด่วน ส่งในกลุ่มได้เลย,scam,phishing,0.9,slang,X/Twitter,1,0,0,0,0,1,0,0,88,none,มีลิงก์หรือการชวนคลิกลิงก์; มีคำเร่งเร้า
2863, สมัครงาน  part-time  online  จ่ายค่าสมัครก่อน  500  แล้วเริ่มงานได้เลย  ทัก DM,scam,job_scam,0.99,slang,Email,0,0,0,0,0,0,0,1,79,spacing_noise,มีบริบทสมัครงาน/รายได้
2864,รับซื้อเครื่องคิดเลขมือสอง ขอราคาไม่แรง 💬 ทัก DM,normal,tu_marketplace,0.02,emoji,SMS,0,0,0,0,0,0,0,0,48,emoji,บริบททั่วไปหรือมีการนัดรับ/ตรวจสอบได้
2865,งานออนไลน์ได้เงินวันละ 8000 ไม่ต้องสัมภาษณ์ สมัครด่วน 🥺💸,scam,job_scam,0.9,short_message,TU Marketplace,0,0,0,0,1,1,0,1,56,emoji,มีคำเร่งเร้า; มีบริบทเกี่ยวกับเงิน/โอน/บัญชี; มีบริบทสมัครงาน/รายได้
2866,สมัครงาน part-time online จ่ายค่าสมัครก่อน 1000 แล้วเริ่มงานได้เลย ASAP,scam,job_scam,0.86,formal,Email,0,0,0,0,0,0,0,1,71,thai_english_mix,มีบริบทสมัครงาน/รายได้
2867,Your account has been suspended verify now bit.ly/example_fake 💬🚨 inbox ได้,scam,phishing,0.92,slang,X/Twitter,1,0,0,1,0,1,0,0,75,emoji,พบคำเกี่ยวกับ OTP/ยืนยันตัวตน; มีลิงก์หรือการชวนคลิกลิงก์; มีคำเร่งเร้า
2868,สมัครงาน part-time online จ่ายค่าสมัครก่อน 100 แล้วเริ่มงานได้เลย 👍💬,scam,job_scam,0.9,emoji,TU Marketplace,0,0,0,0,0,0,0,1,68,emoji,มีบริบทสมัครงาน/รายได้
2869,ขอเลขบัญชีพร้อมเพย์หน่อยครับ จะโอนค่าชีท 🙏👍,normal,tu_marketplace,0.26,casual,LINE,0,0,1,0,1,0,0,0,43,emoji,มีบริบทเกี่ยวกับเงิน/โอน/บัญชี; บริบททั่วไปหรือมีการนัดรับ/ตรวจสอบได้
2870,นัดรับหน้า BRT ได้ครับ สะดวกช่วงเย็น inbox ได้,normal,tu_marketplace,0.09,slang,Discord,0,0,0,0,0,0,0,0,46,typo,บริบททั่วไปหรือมีการนัดรับ/ตรวจสอบได้
2871,ของอยู่ต่างจังหวัด โอนก่อนส่งเท่านั้น ราคาพิเศษถึงวันนี้ DM me,scam,marketplace_scam,0.93,slang,Email,0,0,0,0,1,0,0,0,62,thai_english_mix,มีบริบทเกี่ยวกับเงิน/โอน/บัญชี
2872,รับซื้อเครื่องคิดเลขมือสอง ขอราคาไม่แรง 👍📌,normal,tu_marketplace,0.15,casual,Email,0,0,0,0,0,0,0,0,42,emoji,บริบททั่วไปหรือมีการนัดรับ/ตรวจสอบได้
2873,Your account has been suspended verify now forms.example.invalid/fake inbox ได้,scam,phishing,0.98,thai_english_mix,Web Form,1,0,0,1,0,1,0,0,79,none,พบคำเกี่ยวกับ OTP/ยืนยันตัวตน; มีลิงก์หรือการชวนคลิกลิงก์; มีคำเร่งเร้า
2874,โอนมัดจำค่าหอ 300 บาทได้ไหมครับ ทัก DM,normal,tu_marketplace,0.07,thai_english_mix,SMS,0,0,0,0,1,0,0,0,38,none,มีบริบทเกี่ยวกับเงิน/โอน/บัญชี; บริบททั่วไปหรือมีการนัดรับ/ตรวจสอบได้
2875,ใครเจอบัตรนักศึกษาที่ โรงอาหารกลาง ทักมาหน่อยครับ 💬 inbox ได้,normal,tu_general,0.19,casual,X/Twitter,0,0,0,0,0,0,0,0,61,emoji,บริบททั่วไปหรือมีการนัดรับ/ตรวจสอบได้
2876,อ้างว่าเป็นรุ่นพี่คณะ ขอให้โอนเงินช่วยจองสิทธิ์ 😅,suspicious,tu_scam_risk,0.69,short_message,Facebook Group,0,0,0,0,1,0,0,0,49,emoji,มีบริบทเกี่ยวกับเงิน/โอน/บัญชี; มีสัญญาณเสี่ยงแต่หลักฐานยังไม่ชัด
2877,ร้านกาแฟแถวรังสิตรับพาร์ทไทม์ ชั่วโมงละ 80 บาท มีสัมภาษณ์หน้าร้าน 😅,normal,tu_job_real,0.08,thai_english_mix,X/Twitter,0,0,0,0,1,0,0,1,67,emoji,มีบริบทเกี่ยวกับเงิน/โอน/บัญชี; มีบริบทสมัครงาน/รายได้; บริบททั่วไปหรือมีการนัดรับ/ตรวจสอบได้
2878,โอนมัดจำค่าหอ 1500 บาทได้ไหมครับ ok?,normal,tu_marketplace,0.19,casual,LINE,0,0,0,0,1,0,0,0,36,thai_english_mix,มีบริบทเกี่ยวกับเงิน/โอน/บัญชี; บริบททั่วไปหรือมีการนัดรับ/ตรวจสอบได้
2879,รับทุนการศึกษาเร่งด่วน กรอกข้อมูลและเลขบัญชีที่ tu-form.example.invalid 📌😅,scam,fake_scholarship,0.88,slang,Email,1,0,1,0,1,1,1,0,74,emoji,มีลิงก์หรือการชวนคลิกลิงก์; มีคำเร่งเร้า; มีบริบทเกี่ยวกับเงิน/โอน/บัญชี
2880,กรุณายืนยัน OTP เพื่อปลดล็อกบัญชีทันที 🚨,scam,otp,0.82,short_message,Discord,0,0,1,1,0,1,0,0,40,emoji,พบคำเกี่ยวกับ OTP/ยืนยันตัวตน; มีคำเร่งเร้า
2881,สมัครงาน part-time online จ่ายค่าสมัครก่อน 1500 แล้วเริ่มงานได้เลย 📌✅,scam,job_scam,0.96,emoji,IG DM,0,0,0,0,0,0,0,1,69,emoji,มีบริบทสมัครงาน/รายได้
2882,แอดมินคณะขอค่าจองสิทธิ์สอบ โอนมาที่ บัญชี xxx123 ภายในวันนี้ 😅⚠️,scam,tu_scam,0.82,slang,SMS,0,0,1,0,1,1,0,0,64,emoji,มีคำเร่งเร้า; มีบริบทเกี่ยวกับเงิน/โอน/บัญชี
2883,ส่งรหัส OTP มาให้แอดมินเพื่อยืนยันตัวตนก่อนรับเงินคืน ‼️✅ line: @fakeid,scam,otp,0.84,casual,LINE,0,0,0,1,1,0,1,0,71,emoji,พบคำเกี่ยวกับ OTP/ยืนยันตัวตน; มีบริบทเกี่ยวกับเงิน/โอน/บัญชี
2884,ของถูกมาก แต่ต้องจองภายในวันนี้ 🥺,suspicious,marketplace_risk,0.65,formal,TU Marketplace,0,0,0,0,0,1,0,0,33,emoji,มีคำเร่งเร้า; มีสัญญาณเสี่ยงแต่หลักฐานยังไม่ชัด
2885,ร้านกาแฟแถวรังสิตรับพาร์ทไทม์ ชั่วโมงละ 50 บาท มีสัมภาษณ์หน้าร้าน 🚨,normal,tu_job_real,0.13,formal,LINE,0,0,0,0,1,0,0,1,67,emoji,มีบริบทเกี่ยวกับเงิน/โอน/บัญชี; มีบริบทสมัครงาน/รายได้; บริบททั่วไปหรือมีการนัดรับ/ตรวจสอบได้
2886,ขาย iPad ใช้เรียน นัดรับในมอได้ เช็คของก่อนจ่าย ‼️,normal,tu_marketplace,0.12,emoji,LINE,0,0,0,0,0,0,0,0,50,emoji,บริบททั่วไปหรือมีการนัดรับ/ตรวจสอบได้
2887,บัญชีคุณถูกระงับ กรุณายืนยันตัวตนทันทีที่ example.invalid/verify ✨🚨,scam,phishing,0.81,short_message,Discord,1,0,1,1,0,1,0,0,67,emoji,พบคำเกี่ยวกับ OTP/ยืนยันตัวตน; มีลิงก์หรือการชวนคลิกลิงก์; มีคำเร่งเร้า
2888,ขอเลขบัญชีพร้อมเพย์หน่อยครับ จะโอนค่าชีท 🙏✨,normal,tu_marketplace,0.19,slang,LINE,0,0,1,0,1,0,0,0,43,emoji,มีบริบทเกี่ยวกับเงิน/โอน/บัญชี; บริบททั่วไปหรือมีการนัดรับ/ตรวจสอบได้
2889,ขายหนังสือ SC135 มือสอง นัดรับ BRT ได้ ทัก DM,normal,tu_marketplace,0.19,formal,Email,0,0,0,0,0,0,0,0,45,repeat_chars,บริบททั่วไปหรือมีการนัดรับ/ตรวจสอบได้
2890,แอดมินคณะขอค่าจองสิทธิ์สอบ โอนมาที่ xxx-x-xxxxx-x ภายในวันนี้ ok? ส่งในกลุ่มได้เลย,scam,tu_scam,0.88,thai_english_mix,IG DM,0,0,1,0,1,1,0,0,82,thai_english_mix,มีคำเร่งเร้า; มีบริบทเกี่ยวกับเงิน/โอน/บัญชี
2891,ของอยู่ต่างจังหวัด โอนก่อนส่งเท่านั้น ราคาพิเศษถึงวันนี้ 🙏✨ ทัก DM,scam,marketplace_scam,0.8,thai_english_mix,X/Twitter,0,0,0,0,1,0,0,0,66,emoji,มีบริบทเกี่ยวกับเงิน/โอน/บัญชี
2892,Your account has been suspended verify now [URL] 💬⚠️,scam,phishing,0.84,slang,LINE,1,0,0,1,0,1,0,0,52,emoji,พบคำเกี่ยวกับ OTP/ยืนยันตัวตน; มีลิงก์หรือการชวนคลิกลิงก์; มีคำเร่งเร้า
2893,อาจารย์ส่ง link zoom ใน classroom แล้วนะ 💬 ส่งในกลุ่มได้เลย,normal,meeting,0.19,short_message,X/Twitter,1,0,0,0,0,0,0,0,59,emoji,มีลิงก์หรือการชวนคลิกลิงก์; บริบททั่วไปหรือมีการนัดรับ/ตรวจสอบได้
2894,ขอแนวข้อสอบ CS251 หน่อยครับ ✅💸,normal,tu_general,0.09,slang,Facebook Group,0,0,0,0,0,0,0,0,30,emoji,บริบททั่วไปหรือมีการนัดรับ/ตรวจสอบได้
2895,ขายหนังสือ MA211 มือสอง นัดรับ โรงอาหารกลาง ได้ ส่งในกลุ่มได้เลย,normal,tu_marketplace,0.26,formal,Email,0,0,0,0,0,0,0,0,64,none,บริบททั่วไปหรือมีการนัดรับ/ตรวจสอบได้
2896,ระบบ TU แจ้งเตือน ให้ update password ผ่าน [URL] ด่วน inbox ได้,scam,phishing,0.94,emoji,Facebook Group,1,0,0,0,0,1,0,0,63,none,มีลิงก์หรือการชวนคลิกลิงก์; มีคำเร่งเร้า
2897,"งานออนไลน์ได้เงินวันละ 10,000 ไม่ต้องสัมภาษณ์ สมัครด่วน pls",scam,job_scam,0.93,formal,TU Marketplace,0,0,0,0,1,1,0,1,59,thai_english_mix,มีคำเร่งเร้า; มีบริบทเกี่ยวกับเงิน/โอน/บัญชี; มีบริบทสมัครงาน/รายได้
2898,ไม่สะดวกนัดรับ ขอส่งอย่างเดียว โอนก่อนส่งนะ 💸✅,suspicious,marketplace_risk,0.51,slang,Email,0,0,0,0,1,0,0,0,46,emoji,มีบริบทเกี่ยวกับเงิน/โอน/บัญชี; มีสัญญาณเสี่ยงแต่หลักฐานยังไม่ชัด
2899,วันนี้ห้องเรียน คณะวิทย์ เปิดไหมครับ verify pls,normal,tu_general,0.2,emoji,X/Twitter,0,0,0,1,0,0,0,0,47,thai_english_mix,พบคำเกี่ยวกับ OTP/ยืนยันตัวตน; บริบททั่วไปหรือมีการนัดรับ/ตรวจสอบได้
2900,ส่งเลขบัญชีมา เดี๋ยวโอนนค่าหนังสือให้คับ,normal,tu_marketplace,0.21,formal,Email,0,0,1,0,1,0,0,0,40,typo,มีบริบทเกี่ยวกับเงิน/โอน/บัญชี; บริบททั่วไปหรือมีการนัดรับ/ตรวจสอบได้
2901,ไม่สะดวกนัดรับ ขอส่งอย่างเดียว โอนก่อนส่งนะ ⚠️📌,suspicious,marketplace_risk,0.66,casual,Email,0,0,0,0,1,0,0,0,47,emoji,มีบริบทเกี่ยวกับเงิน/โอน/บัญชี; มีสัญญาณเสี่ยงแต่หลักฐานยังไม่ชัด
2902,รหัสยืนยันถูกส่งไปแล้ว กรุณาแจ้งรหัสภายใน 5 นาที 🔥✅ inbox ได้,scam,otp,0.96,short_message,TU Marketplace,0,0,0,1,0,1,0,0,61,emoji,พบคำเกี่ยวกับ OTP/ยืนยันตัวตน; มีคำเร่งเร้า
2903,ส่งรหัส OTP มาให้แอดมินเพื่อยืนยันตัวตนก่อนรับเงินคืน ⚠️🚨,scam,otp,0.96,casual,Discord,0,0,0,1,1,0,1,0,57,emoji,พบคำเกี่ยวกับ OTP/ยืนยันตัวตน; มีบริบทเกี่ยวกับเงิน/โอน/บัญชี
2904,งานออนไลน์รายได้สูงมาก ไม่ต้องสัมภาษณ์ แค่ทักแชท ✨✅ ส่งในกลุ่มได้เลย,suspicious,job_risk,0.48,emoji,Web Form,0,0,0,0,1,0,0,1,68,emoji,มีบริบทเกี่ยวกับเงิน/โอน/บัญชี; มีบริบทสมัครงาน/รายได้; มีสัญญาณเสี่ยงแต่หลักฐานยังไม่ชัด
2905,อ้างว่าเป็นรุ่นพี่คณะ ขอให้โอนเงินช่วยจองสิทธิ์ 💬✅,suspicious,tu_scam_risk,0.52,short_message,X/Twitter,0,0,0,0,1,0,0,0,50,emoji,มีบริบทเกี่ยวกับเงิน/โอน/บัญชี; มีสัญญาณเสี่ยงแต่หลักฐานยังไม่ชัด
2906,คุณได้รับสิทธิ์ทุนพิเศษ โอนค่าดำเนินการ 1500 บาทก่อนรับทุน ✅,scam,fake_scholarship,0.8,short_message,IG DM,0,0,0,0,1,0,1,0,60,emoji,มีบริบทเกี่ยวกับเงิน/โอน/บัญชี
2907,โอนมัดจำค่าหอ 500 บาทได้ไหมครับ ✨ ส่งในกลุ่มได้เลย,normal,tu_marketplace,0.26,thai_english_mix,TU Marketplace,0,0,0,0,1,0,0,0,50,emoji,มีบริบทเกี่ยวกับเงิน/โอน/บัญชี; บริบททั่วไปหรือมีการนัดรับ/ตรวจสอบได้
2908,ของถูกมาก แต่ต้องจองภายในวันนี้ 🙏✅,suspicious,marketplace_risk,0.65,short_message,Discord,0,0,0,0,0,1,0,0,34,emoji,มีคำเร่งเร้า; มีสัญญาณเสี่ยงแต่หลักฐานยังไม่ชัด
2909,รับทุนการศึกษาเร่งด่วน กรอกข้อมูลและเลขบัญชีที่ tu-form.example.invalid 🙏,scam,fake_scholarship,0.96,thai_english_mix,Facebook Group,1,0,1,0,1,1,1,0,73,emoji,มีลิงก์หรือการชวนคลิกลิงก์; มีคำเร่งเร้า; มีบริบทเกี่ยวกับเงิน/โอน/บัญชี
2910,ขาย iPad ใช้เรียน นัดรับในมอได้ เช็คของก่อนจ่าย DM me ส่งในกลุ่มได้เลย,normal,tu_marketplace,0.09,thai_english_mix,SMS,0,0,0,0,0,0,0,0,70,thai_english_mix,บริบททั่วไปหรือมีการนัดรับ/ตรวจสอบได้
2911,นัดรับหน้า BRT ได้ครับ สะดวกช่วงเย็น,normal,tu_marketplace,0.1,thai_english_mix,TU Marketplace,0,0,0,0,0,0,0,0,36,none,บริบททั่วไปหรือมีการนัดรับ/ตรวจสอบได้
2912,รีบโอนก่อนนะ เหลือคนเดียวแล้ว ✅⚠️,suspicious,marketplace_risk,0.73,slang,SMS,0,0,0,0,1,1,0,0,33,emoji,มีคำเร่งเร้า; มีบริบทเกี่ยวกับเงิน/โอน/บัญชี; มีสัญญาณเสี่ยงแต่หลักฐานยังไม่ชัด
2913,วันนี้ห้องเรียน SC3 เปิดไหมครับ 🙏 line: @fakeid,normal,tu_general,0.1,casual,IG DM,0,0,0,0,0,0,0,0,47,emoji,บริบททั่วไปหรือมีการนัดรับ/ตรวจสอบได้
2914,บอกว่ามีทุนพิเศษแต่ต้องรีบกรอกข้อมูล ✨✅,suspicious,tu_scam_risk,0.57,casual,Discord,0,0,0,0,1,1,1,0,39,emoji,มีคำเร่งเร้า; มีบริบทเกี่ยวกับเงิน/โอน/บัญชี; มีสัญญาณเสี่ยงแต่หลักฐานยังไม่ชัด
2915,ขายหนังสือ CS251 มือสอง นัดรับ หอสมุดป๋วย ได้,normal,tu_marketplace,0.3,formal,Web Form,0,0,0,0,0,0,0,0,45,none,บริบททั่วไปหรือมีการนัดรับ/ตรวจสอบได้
2916,อ้างว่าเป็นรุ่นพี่คณะ ขอให้โอนเงินช่วยจองสิทธิ์ ASAP ส่งในกลุ่มได้เลย,suspicious,tu_scam_risk,0.57,emoji,LINE,0,0,0,0,1,0,0,0,69,thai_english_mix,มีบริบทเกี่ยวกับเงิน/โอน/บัญชี; มีสัญญาณเสี่ยงแต่หลักฐานยังไม่ชัด
2917,มีใครขายชีท SC135 บ้างครับ ✨🙏,normal,tu_general,0.27,emoji,TU Marketplace,0,0,0,0,0,0,0,0,29,emoji,บริบททั่วไปหรือมีการนัดรับ/ตรวจสอบได้
2918,คุณได้รับสิทธิ์ทุนพิเศษ โอนค่าดำเนินการ 200 บาทก่อนรับทุน ✨🚨,scam,fake_scholarship,0.91,formal,TU Marketplace,0,0,0,0,1,0,1,0,60,emoji,มีบริบทเกี่ยวกับเงิน/โอน/บัญชี
2919,Your account has been suspended verify now [URL] verify pls,scam,phishing,0.87,formal,LINE,1,0,0,1,0,1,0,0,59,thai_english_mix,พบคำเกี่ยวกับ OTP/ยืนยันตัวตน; มีลิงก์หรือการชวนคลิกลิงก์; มีคำเร่งเร้า
2920,หอพักแถวเชียงรากเดือนละไม่เกิน 5000 มีแนะนำไหม 👍🔥 ทัก DM,normal,tu_general,0.06,emoji,SMS,0,0,0,0,0,0,0,0,56,emoji,บริบททั่วไปหรือมีการนัดรับ/ตรวจสอบได้
2921,ขายหนังสือ EL171 มือสอง นัดรับ หอสมุดป๋วย ได้,normal,tu_marketplace,0.03,emoji,Email,0,0,0,0,0,0,0,0,45,none,บริบททั่วไปหรือมีการนัดรับ/ตรวจสอบได้
2922,ส่งรหัส OTP มาให้แอดมินเพื่อยืนยันตัวตนก่อนรับเงินคืน 💸😅,scam,otp,0.83,thai_english_mix,TU Marketplace,0,0,0,1,1,0,1,0,56,emoji,พบคำเกี่ยวกับ OTP/ยืนยันตัวตน; มีบริบทเกี่ยวกับเงิน/โอน/บัญชี
2923,คุณได้รับสิทธิ์ทุนพิเศษ โอนค่าดำเนินการ 300 บาทก่อนรับทุน,scam,fake_scholarship,0.92,emoji,SMS,0,0,0,0,1,0,1,0,57,none,มีบริบทเกี่ยวกับเงิน/โอน/บัญชี
2924,พัสดุติดปัญหา ชำระค่าธรรมเนียมที่ [URL] เพื่อรับของ 🙏💸,scam,delivery_scam,0.89,formal,TU Marketplace,1,0,0,0,0,0,0,0,54,emoji,มีลิงก์หรือการชวนคลิกลิงก์
2925,บัญชีคุณถูกระงับ กรุณายืนยันตัวตนทันทีที่ [URL] ✨👍,scam,phishing,0.97,emoji,Email,1,0,1,1,0,1,0,0,50,emoji,พบคำเกี่ยวกับ OTP/ยืนยันตัวตน; มีลิงก์หรือการชวนคลิกลิงก์; มีคำเร่งเร้า
2926,งานออนไลน์รายได้สูงมาก ไม่ต้องสัมภาษณ์ แค่ทักแชท now inbox ได้,suspicious,job_risk,0.73,thai_english_mix,Facebook Group,0,0,0,0,1,1,0,1,62,thai_english_mix,มีคำเร่งเร้า; มีบริบทเกี่ยวกับเงิน/โอน/บัญชี; มีบริบทสมัครงาน/รายได้; มีสัญญาณเสี่ยงแต่หลักฐานยังไม่ชัด
2927,ของอยู่ต่างจังหวัด โอนก่อนส่งเท่านั้น ราคาพิเศษถึงวันนี้ 🙏 line: @fakeid,scam,marketplace_scam,0.91,formal,Web Form,0,0,0,0,1,0,0,0,72,emoji,มีบริบทเกี่ยวกับเงิน/โอน/บัญชี
2928,ขาย iPad ใช้เรียน นัดรับในมอได้ เช็คของก่อนจ่าย 🙏‼️,normal,tu_marketplace,0.25,short_message,LINE,0,0,0,0,0,0,0,0,51,emoji,บริบททั่วไปหรือมีการนัดรับ/ตรวจสอบได้
2929,ระบบแจ้งให้ยืนยันข้อมูลบางอย่างภายในวันนี้ ok? ส่งในกลุ่มได้เลย,suspicious,phishing_risk,0.64,emoji,IG DM,0,0,0,0,0,1,0,0,63,thai_english_mix,มีคำเร่งเร้า; มีสัญญาณเสี่ยงแต่หลักฐานยังไม่ชัด
2930,มีคนขอรหัสยืนยัน บอกว่าเป็นแอดมินกลุ่ม pls,suspicious,otp_risk,0.64,casual,TU Marketplace,0,0,0,1,0,0,0,0,42,thai_english_mix,พบคำเกี่ยวกับ OTP/ยืนยันตัวตน; มีสัญญาณเสี่ยงแต่หลักฐานยังไม่ชัด
2931, ระบบ  TU  แจ้งเตือน  ให้  update  password  ผ่าน  forms.example.invalid/fake  ด่วน ,scam,phishing,0.99,thai_english_mix,Facebook Group,1,0,0,0,0,1,0,0,84,spacing_noise,มีลิงก์หรือการชวนคลิกลิงก์; มีคำเร่งเร้า
2932,บัญชีนี้ของแฟนเราเอง ปลอดภัยแน่นอน โอนมาเลย DM me,scam,marketplace_scam,0.88,slang,Web Form,0,0,1,0,1,0,0,0,49,thai_english_mix,มีบริบทเกี่ยวกับเงิน/โอน/บัญชี
2933,นัดรับหน้า คณะวิทย์ ได้ครับ สะดวกช่วงเย็น ✅,normal,tu_marketplace,0.24,emoji,LINE,0,0,0,0,0,0,0,0,43,emoji,บริบททั่วไปหรือมีการนัดรับ/ตรวจสอบได้
2934,อ้างว่าเป็นรุ่นพี่คณะ ขอให้โอนเงินช่วยจองสิทธิ์ ‼️🙏,suspicious,tu_scam_risk,0.48,casual,X/Twitter,0,0,0,0,1,0,0,0,51,emoji,มีบริบทเกี่ยวกับเงิน/โอน/บัญชี; มีสัญญาณเสี่ยงแต่หลักฐานยังไม่ชัด
2935, บัญชีคุณถูกระงับ  กรุณายืนยันตัวตนทันทีที่  forms.example.invalid/fake  line: @fakeid,scam,phishing,0.9,emoji,Email,1,0,1,1,0,1,0,0,86,spacing_noise,พบคำเกี่ยวกับ OTP/ยืนยันตัวตน; มีลิงก์หรือการชวนคลิกลิงก์; มีคำเร่งเร้า
2936,Your account has been suspended verify now forms.example.invalid/fake,scam,phishing,0.92,emoji,Web Form,1,0,0,1,0,1,0,0,69,none,พบคำเกี่ยวกับ OTP/ยืนยันตัวตน; มีลิงก์หรือการชวนคลิกลิงก์; มีคำเร่งเร้า
2937,รีบโอนก่อนนะ เหลือคนเดียวแล้ว 💸🥺,suspicious,marketplace_risk,0.64,slang,IG DM,0,0,0,0,1,1,0,0,32,emoji,มีคำเร่งเร้า; มีบริบทเกี่ยวกับเงิน/โอน/บัญชี; มีสัญญาณเสี่ยงแต่หลักฐานยังไม่ชัด
2938,สมัครงาน part-time online จ่ายค่าสมัครก่อน 200 แล้วเริ่มงานได้เลย ✅🚨,scam,job_scam,0.98,slang,LINE,0,0,0,0,0,0,0,1,68,emoji,มีบริบทสมัครงาน/รายได้
2939,รับทุนการศึกษาเร่งด่วน กรอกข้อมูลและเลขบัญชีที่ example.invalid/verify 💬💸,scam,fake_scholarship,0.96,emoji,LINE,1,0,1,1,1,1,1,0,73,emoji,พบคำเกี่ยวกับ OTP/ยืนยันตัวตน; มีลิงก์หรือการชวนคลิกลิงก์; มีคำเร่งเร้า; มีบริบทเกี่ยวกับเงิน/โอน/บัญชี
2940,รีบโอนก่อนนะ เหลือคนเดียวแล้ว ‼️🚨,suspicious,marketplace_risk,0.71,thai_english_mix,SMS,0,0,0,0,1,1,0,0,33,emoji,มีคำเร่งเร้า; มีบริบทเกี่ยวกับเงิน/โอน/บัญชี; มีสัญญาณเสี่ยงแต่หลักฐานยังไม่ชัด
2941,สมัครงานง่ายๆ ได้เงินเร็ว แต่ต้องจ่ายค่าสมัครก่อน ASAP ส่งในกลุ่มได้เลย,suspicious,job_risk,0.64,emoji,Web Form,0,0,0,0,1,0,0,1,71,thai_english_mix,มีบริบทเกี่ยวกับเงิน/โอน/บัญชี; มีบริบทสมัครงาน/รายได้; มีสัญญาณเสี่ยงแต่หลักฐานยังไม่ชัด
2942,หอพักแถวเชียงรากเดือนละไม่เกิน 4500 มีแนะนำไหม ⚠️✨ ส่งในกลุ่มได้เลย,normal,tu_general,0.12,formal,Discord,0,0,0,0,0,0,0,0,67,emoji,บริบททั่วไปหรือมีการนัดรับ/ตรวจสอบได้
2943,คลิกลิงก์นี้เพื่อยืนยันบัญชีนักศึกษา bit.ly/example_fake,scam,phishing,0.92,emoji,TU Marketplace,1,0,1,0,0,0,0,0,56,repeat_chars,มีลิงก์หรือการชวนคลิกลิงก์
2944,ระบบแจ้งให้ยืนยันข้อมูลบางอย่างภายในวันนี้ line: @fakeid,suspicious,phishing_risk,0.71,short_message,Discord,0,0,0,0,0,1,0,0,56,typo,มีคำเร่งเร้า; มีสัญญาณเสี่ยงแต่หลักฐานยังไม่ชัด
2945,ระบบแจ้งให้ยืนยันข้อมูลบางอย่างภายในวันนี้ 💬,suspicious,phishing_risk,0.6,emoji,LINE,0,0,0,0,0,1,0,0,44,emoji,มีคำเร่งเร้า; มีสัญญาณเสี่ยงแต่หลักฐานยังไม่ชัด
2946,ทักไลน์อย่างเดียวครับ ไม่ค่อยตอบในกลุ่ม ✅📌,suspicious,marketplace_risk,0.67,emoji,Discord,0,0,0,0,0,0,0,0,42,emoji,มีสัญญาณเสี่ยงแต่หลักฐานยังไม่ชัด
2947,ระบบ TU แจ้งเตือน ให้ update password ผ่าน forms.example.invalid/fake ด่วน line: @fakeid,scam,phishing,0.93,short_message,Facebook Group,1,0,0,0,0,1,0,0,88,none,มีลิงก์หรือการชวนคลิกลิงก์; มีคำเร่งเร้า
2948,นัดรับหน้า บร.2 ได้ครับ สะดวกช่วงเย็น ✅🔥,normal,tu_marketplace,0.1,emoji,IG DM,0,0,0,0,0,0,0,0,40,emoji,บริบททั่วไปหรือมีการนัดรับ/ตรวจสอบได้
2949,อ้างว่าเป็นรุ่นพี่คณะ ขอให้โอนเงินช่วยจองสิทธิ์ ✨💸,suspicious,tu_scam_risk,0.56,casual,TU Marketplace,0,0,0,0,1,0,0,0,50,emoji,มีบริบทเกี่ยวกับเงิน/โอน/บัญชี; มีสัญญาณเสี่ยงแต่หลักฐานยังไม่ชัด
2950,เจ้าหน้าที่มหาลัยขอ username password เพื่อตรวจสอบสถานะ pls ส่งในกลุ่มได้เลย,scam,impersonation,0.85,emoji,TU Marketplace,0,0,0,0,0,0,0,0,76,thai_english_mix,
2951,มีใครขายชีท EL171 บ้างครับ 📌✅,normal,tu_general,0.08,short_message,Web Form,0,0,0,0,0,0,0,0,29,emoji,บริบททั่วไปหรือมีการนัดรับ/ตรวจสอบได้
2952,เจ้าหน้าที่มหาลัยขอ username password เพื่อตรวจสอบสถานะ 💬 inbox ได้,scam,impersonation,0.8,short_message,Email,0,0,0,0,0,0,0,0,67,emoji,
2953,งานออนไลน์รายได้สูงมาก ไม่ต้องสัมภาษณ์ แค่ทักแชท ✨🥺,suspicious,job_risk,0.56,thai_english_mix,Email,0,0,0,0,1,0,0,1,51,emoji,มีบริบทเกี่ยวกับเงิน/โอน/บัญชี; มีบริบทสมัครงาน/รายได้; มีสัญญาณเสี่ยงแต่หลักฐานยังไม่ชัด
2954,ส่งเลขบชมา เด๋วโอนนค่าหนังสือให้คับ,normal,tu_marketplace,0.13,slang,Discord,0,0,0,0,1,0,0,0,35,typo,มีบริบทเกี่ยวกับเงิน/โอน/บัญชี; บริบททั่วไปหรือมีการนัดรับ/ตรวจสอบได้
2955,ทักไลน์อย่างเดียวครับบบ ไม่ค่อยตอบในกลุ่ม ส่งในกลุ่มได้เลย,suspicious,marketplace_risk,0.73,slang,Facebook Group,0,0,0,0,0,0,0,0,58,repeat_chars,มีสัญญาณเสี่ยงแต่หลักฐานยังไม่ชัด
2956,งานออนไลน์รายได้สูงมาก ไม่ต้องสัมภาษณ์ แค่ทักแชท 🥺,suspicious,job_risk,0.74,slang,Web Form,0,0,0,0,1,0,0,1,50,emoji,มีบริบทเกี่ยวกับเงิน/โอน/บัญชี; มีบริบทสมัครงาน/รายได้; มีสัญญาณเสี่ยงแต่หลักฐานยังไม่ชัด
2957,ใครเจอบัตรนักศึกษาที่ บร.2 ทักมาหน่อยครับ DM me,normal,tu_general,0.09,emoji,Facebook Group,0,0,0,0,0,0,0,0,47,thai_english_mix,บริบททั่วไปหรือมีการนัดรับ/ตรวจสอบได้
2958,รุ่นพี่ฝากบอกให้โอนค่าชีทด่วน ไม่งั้นหมดสิทธิ์ 🚨 inbox ได้,scam,tu_scam,0.96,emoji,IG DM,0,0,0,0,1,1,0,0,58,emoji,มีคำเร่งเร้า; มีบริบทเกี่ยวกับเงิน/โอน/บัญชี
2959,มีลิงก์ให้กรอกข้อมูลเพื่อรับสิทธิ์ ลองเช็คก่อนนะ 😅💬,suspicious,phishing_risk,0.74,slang,X/Twitter,1,0,0,0,0,0,0,0,51,emoji,มีลิงก์หรือการชวนคลิกลิงก์; มีสัญญาณเสี่ยงแต่หลักฐานยังไม่ชัด
2960,ส่งเลขบัญชีมา เดี๋ยวโอนค่าหนังสือให้ครับ ✅,normal,tu_marketplace,0.13,short_message,Email,0,0,1,0,1,0,0,0,42,emoji,มีบริบทเกี่ยวกับเงิน/โอน/บัญชี; บริบททั่วไปหรือมีการนัดรับ/ตรวจสอบได้
2961,Your account has been suspended verify now example.invalid/verify 🚨 line: @fakeid,scam,phishing,0.97,short_message,Discord,1,0,0,1,0,1,0,0,81,emoji,พบคำเกี่ยวกับ OTP/ยืนยันตัวตน; มีลิงก์หรือการชวนคลิกลิงก์; มีคำเร่งเร้า
2962,วันนี้ห้องเรียน SC3 เปิดไหมครับ 💸‼️,normal,tu_general,0.02,casual,Web Form,0,0,0,0,0,0,0,0,35,emoji,บริบททั่วไปหรือมีการนัดรับ/ตรวจสอบได้
2963,ระบบ TU แจ้งเตือน ให้ update password ผ่าน bit.ly/example_fake ด่วน 📌,scam,phishing,0.88,thai_english_mix,Discord,1,0,0,0,0,1,0,0,69,emoji,มีลิงก์หรือการชวนคลิกลิงก์; มีคำเร่งเร้า
2964,ขอแนวข้อสอบ CS254 หน่อยครับ 🥺🚨,normal,tu_general,0.07,short_message,X/Twitter,0,0,0,0,0,0,0,0,30,emoji,บริบททั่วไปหรือมีการนัดรับ/ตรวจสอบได้
2965,มีใครขายชีท SC135 บ้างครับ 😅📌,normal,tu_general,0.22,short_message,LINE,0,0,0,0,0,0,0,0,29,emoji,บริบททั่วไปหรือมีการนัดรับ/ตรวจสอบได้
2966,อ้างว่าเป็นรุ่นพี่คณะ ขอให้โอนเงินช่วยจองสิทธิ์ ⚠️‼️,suspicious,tu_scam_risk,0.72,thai_english_mix,Discord,0,0,0,0,1,0,0,0,52,emoji,มีบริบทเกี่ยวกับเงิน/โอน/บัญชี; มีสัญญาณเสี่ยงแต่หลักฐานยังไม่ชัด
2967,บัญชีคุณถูกระงับ กรุณายืนยันตัวตนทันทีที่ tu-form.example.invalid 🥺📌,scam,phishing,0.92,slang,SMS,1,0,1,1,0,1,0,0,68,emoji,พบคำเกี่ยวกับ OTP/ยืนยันตัวตน; มีลิงก์หรือการชวนคลิกลิงก์; มีคำเร่งเร้า
2968,ราคาถูกกว่าปกติมาก แต่ไม่ให้วิดีโอคอลดูของ 💸👍,suspicious,marketplace_risk,0.53,thai_english_mix,Discord,0,0,0,0,0,0,0,0,45,emoji,มีสัญญาณเสี่ยงแต่หลักฐานยังไม่ชัด
2969,มีคนจองหลายคน ถ้าเอาโอนมัดจำมาก่อนได้เลย 😅🙏,suspicious,marketplace_risk,0.64,short_message,SMS,0,0,0,0,1,0,0,0,43,emoji,มีบริบทเกี่ยวกับเงิน/โอน/บัญชี; มีสัญญาณเสี่ยงแต่หลักฐานยังไม่ชัด
2970, ร้านกาแฟแถวรังสิตรับพาร์ทไทม์  ชั่วโมงละ  50  บาท  มีสัมภาษณ์หน้าร้าน ,normal,tu_job_real,0.26,formal,X/Twitter,0,0,0,0,1,0,0,1,71,spacing_noise,มีบริบทเกี่ยวกับเงิน/โอน/บัญชี; มีบริบทสมัครงาน/รายได้; บริบททั่วไปหรือมีการนัดรับ/ตรวจสอบได้
2971,job online รายได้สูง ไม่ต้องมีประสบการณ์ โอนค่าประกันก่อนเริ่มงาน 🙏 ส่งในกลุ่มได้เลย,scam,job_scam,0.9,thai_english_mix,SMS,0,0,0,0,1,0,0,1,84,emoji,มีบริบทเกี่ยวกับเงิน/โอน/บัญชี; มีบริบทสมัครงาน/รายได้
2972,ของถูกมาก แต่ต้องจองภายในวันนี้ ✨,suspicious,marketplace_risk,0.61,emoji,Facebook Group,0,0,0,0,0,1,0,0,33,emoji,มีคำเร่งเร้า; มีสัญญาณเสี่ยงแต่หลักฐานยังไม่ชัด
2973,งานออนไลน์รายได้สูงมาก ไม่ต้องสัมภาษณ์ แค่ทักแชท ‼️📌,suspicious,job_risk,0.65,casual,IG DM,0,0,0,0,1,0,0,1,52,emoji,มีบริบทเกี่ยวกับเงิน/โอน/บัญชี; มีบริบทสมัครงาน/รายได้; มีสัญญาณเสี่ยงแต่หลักฐานยังไม่ชัด
2974,รหัสยืนยันถูกส่งไปแล้ว กรุณาแจ้งรหัสภายใน 5 นาที ok? line: @fakeid,scam,otp,0.85,formal,LINE,0,0,0,1,0,1,0,0,66,thai_english_mix,พบคำเกี่ยวกับ OTP/ยืนยันตัวตน; มีคำเร่งเร้า
2975,รับทุนการศึกษาเร่งด่วน กรอกข้อมูลและเลขบัญชีที่ [URL] 🙏✅,scam,fake_scholarship,0.83,formal,Facebook Group,1,0,1,0,1,1,1,0,56,emoji,มีลิงก์หรือการชวนคลิกลิงก์; มีคำเร่งเร้า; มีบริบทเกี่ยวกับเงิน/โอน/บัญชี
2976,รับทุนการศึกษาเร่งด่วน กรอกข้อมูลและเลขบัญชีที่ [URL] ⚠️,scam,fake_scholarship,0.95,formal,Facebook Group,1,0,1,0,1,1,1,0,56,emoji,มีลิงก์หรือการชวนคลิกลิงก์; มีคำเร่งเร้า; มีบริบทเกี่ยวกับเงิน/โอน/บัญชี
2977,ไม่สะดวกนัดรับ ขอส่งอย่างเดียว โอนก่อนส่งนะ 🔥,suspicious,marketplace_risk,0.61,short_message,Discord,0,0,0,0,1,0,0,0,45,emoji,มีบริบทเกี่ยวกับเงิน/โอน/บัญชี; มีสัญญาณเสี่ยงแต่หลักฐานยังไม่ชัด
2978,ขอเลขบัญชีพร้อมเพย์หน่อยครับ จะโอนค่าชีท line: @fakeid,normal,tu_marketplace,0.28,short_message,TU Marketplace,0,0,1,0,1,0,0,0,54,none,มีบริบทเกี่ยวกับเงิน/โอน/บัญชี; บริบททั่วไปหรือมีการนัดรับ/ตรวจสอบได้
2979,งานออนไลน์ได้เงินวันละ 3000 ไม่ต้องสัมภาษณ์ สมัครด่วน 👍💬,scam,job_scam,0.86,slang,SMS,0,0,0,0,1,1,0,1,56,emoji,มีคำเร่งเร้า; มีบริบทเกี่ยวกับเงิน/โอน/บัญชี; มีบริบทสมัครงาน/รายได้
2980,ใครเจอบัตรนักศึกษาที่ คณะวิทย์ ทักมาหน่อยครับ 🚨🔥,normal,tu_general,0.09,slang,LINE,0,0,0,0,0,0,0,0,48,emoji,บริบททั่วไปหรือมีการนัดรับ/ตรวจสอบได้
2981,งานออนไลน์รายได้สูงมาก ไม่ต้องสัมภาษณ์ แค่ทักแชท 🥺‼️,suspicious,job_risk,0.7,slang,Web Form,0,0,0,0,1,0,0,1,52,emoji,มีบริบทเกี่ยวกับเงิน/โอน/บัญชี; มีบริบทสมัครงาน/รายได้; มีสัญญาณเสี่ยงแต่หลักฐานยังไม่ชัด
2982,แอดมินคณะขอค่าจองสิทธิ์สอบ โอนมาที่ xxx-x-xxxxx-x ภายในวันนี้ 💸👍 ส่งในกลุ่มได้เลย,scam,tu_scam,0.92,emoji,Facebook Group,0,0,1,0,1,1,0,0,81,emoji,มีคำเร่งเร้า; มีบริบทเกี่ยวกับเงิน/โอน/บัญชี
2983,บัญชีนี้ของแฟนเราเอง ปลอดภัยแน่นอน โอนมาเลย 📌,scam,marketplace_scam,0.97,short_message,Facebook Group,0,0,1,0,1,0,0,0,45,emoji,มีบริบทเกี่ยวกับเงิน/โอน/บัญชี
2984,คุณได้รับสิทธิ์ทุนพิเศษ โอนค่าดำเนินการ 1500 บาทก่อนรับทุน 👍,scam,fake_scholarship,0.9,short_message,IG DM,0,0,0,0,1,0,1,0,60,emoji,มีบริบทเกี่ยวกับเงิน/โอน/บัญชี
2985,ของถูกมาก แต่ต้องจองภายในวันนี้ ✨🙏 line: @fakeid,suspicious,marketplace_risk,0.7,formal,SMS,0,0,0,0,0,1,0,0,48,emoji,มีคำเร่งเร้า; มีสัญญาณเสี่ยงแต่หลักฐานยังไม่ชัด
2986,รหัสยืนยันถูกส่งไปแล้ว กรุณาแจ้งรหัสภายใน 5 นาที verify pls,scam,otp,0.92,emoji,Facebook Group,0,0,0,1,0,1,0,0,59,thai_english_mix,พบคำเกี่ยวกับ OTP/ยืนยันตัวตน; มีคำเร่งเร้า
2987,กรุณายืนยัน OTP เพื่อปลดล็อกบัญชีทันที now inbox ได้,scam,otp,0.93,casual,LINE,0,0,1,1,0,1,0,0,52,thai_english_mix,พบคำเกี่ยวกับ OTP/ยืนยันตัวตน; มีคำเร่งเร้า
2988,โอนมัดจำค่าหอ 1500 บาทได้ไหมครับ ✨‼️,normal,tu_marketplace,0.2,thai_english_mix,Discord,0,0,0,0,1,0,0,0,36,emoji,มีบริบทเกี่ยวกับเงิน/โอน/บัญชี; บริบททั่วไปหรือมีการนัดรับ/ตรวจสอบได้
2989,ขาย iPad ใช้เรียน นัดรับในมอได้ เช็คของก่อนจ่าย 😅,normal,tu_marketplace,0.12,formal,Web Form,0,0,0,0,0,0,0,0,49,emoji,บริบททั่วไปหรือมีการนัดรับ/ตรวจสอบได้
2990,รุ่นพี่ฝากบอกให้โอนค่าชีทด่วน ไม่งั้นหมดสิทธิ์,scam,tu_scam,0.85,casual,Web Form,0,0,0,0,1,1,0,0,46,none,มีคำเร่งเร้า; มีบริบทเกี่ยวกับเงิน/โอน/บัญชี
2991,มีลิงก์ให้กรอกข้อมูลเพื่อรับสิทธิ์  ลองเช็คก่อนนะ,suspicious,phishing_risk,0.7,slang,SMS,1,0,0,0,0,0,0,0,49,spacing_noise,มีลิงก์หรือการชวนคลิกลิงก์; มีสัญญาณเสี่ยงแต่หลักฐานยังไม่ชัด
2992,บัญชีนี้ของแฟนเราเอง ปลอดภัยแน่นอน โอนมาเลย 🔥‼️,scam,marketplace_scam,0.82,thai_english_mix,Email,0,0,1,0,1,0,0,0,47,emoji,มีบริบทเกี่ยวกับเงิน/โอน/บัญชี
2993,ระบบแจ้งให้ยืนยันข้อมูลบางอย่างภายในวันนี้ 🔥📌,suspicious,phishing_risk,0.46,formal,SMS,0,0,0,0,0,1,0,0,45,emoji,มีคำเร่งเร้า; มีสัญญาณเสี่ยงแต่หลักฐานยังไม่ชัด
2994,ระบบ TU แจ้งเตือน ให้ update password ผ่าน forms.example.invalid/fake ด่วน ASAP,scam,phishing,0.9,thai_english_mix,Web Form,1,0,0,0,0,1,0,0,79,thai_english_mix,มีลิงก์หรือการชวนคลิกลิงก์; มีคำเร่งเร้า
2995,วันนี้ห้องเรียน คณะวิทย์ เปิดไหมครับ 👍,normal,tu_general,0.19,thai_english_mix,SMS,0,0,0,0,0,0,0,0,38,emoji,บริบททั่วไปหรือมีการนัดรับ/ตรวจสอบได้
2996,ร้านกาแฟแถวรังสิตรับพาร์ทไทม์ ชั่วโมงละ 80 บาท มีสัมภาษณ์หน้าร้าน ‼️,normal,tu_job_real,0.24,formal,TU Marketplace,0,0,0,0,1,0,0,1,68,emoji,มีบริบทเกี่ยวกับเงิน/โอน/บัญชี; มีบริบทสมัครงาน/รายได้; บริบททั่วไปหรือมีการนัดรับ/ตรวจสอบได้
2997, ของอยู่ต่างจังหวัด  โอนก่อนส่งเท่านั้น  ราคาพิเศษถึงวันนี้ ,scam,marketplace_scam,0.91,thai_english_mix,Web Form,0,0,0,0,1,0,0,0,60,spacing_noise,มีบริบทเกี่ยวกับเงิน/โอน/บัญชี
2998,รับซื้อเครื่องคิดเลขมือสอง ขอราคาไม่แรง now,normal,tu_marketplace,0.18,thai_english_mix,Facebook Group,0,0,0,0,0,1,0,0,43,thai_english_mix,มีคำเร่งเร้า; บริบททั่วไปหรือมีการนัดรับ/ตรวจสอบได้
2999,แอดมินคณะขอค่าจองสิทธิ์สอบ โอนมาที่ บัญชี xxx123 ภายในวันนี้ 🔥⚠️,scam,tu_scam,0.97,slang,Web Form,0,0,1,0,1,1,0,0,64,emoji,มีคำเร่งเร้า; มีบริบทเกี่ยวกับเงิน/โอน/บัญชี